300.008 300.008 300.008 300.008 300.008 300.008 300.008 300.008 300.008 300.008 300.008 300.008 300.008 300.008 300.008 300.008 300.008 300.008 300.008 300.008 300.008 300.008 300.008 300.008 300.008 300.008 300.008 300.008 300.008 300.008 300.008 300 300 300 300 300 300 300 300 300 300 300 300 300 300 300 300 300 300 300 300 300 300 300 300 300 300 300 300 300 300 300 300 300 300 300 300 300 300 300 299.992 299.992 299.992 299.992 299.992 299.992 299.992 299.992 299.992 299.992 299.992 299.992 299.992 299.992 299.992 299.992 299.992 299.992 299.992 299.992 299.992 299.992 299.992 299.992 299.992 299.992 299.992 299.992 299.992 299.992 
300.017 300.017 300.017 300.017 300.017 300.017 300.017 300.017 300.017 300.017 300.017 300.017 300.017 300.017 300.017 300.017 300.017 300.017 300.017 300.017 300.017 300.017 300.017 300.017 300.017 300.017 300.017 300.017 300.017 300.017 300.017 300 300 300 300 300 300 300 300 300 300 300 300 300 300 300 300 300 300 300 300 300 300 300 300 300 300 300 300 300 300 300 300 300 300 300 300 300 300 300 299.983 299.983 299.983 299.983 299.983 299.983 299.983 299.983 299.983 299.983 299.983 299.983 299.983 299.983 299.983 299.983 299.983 299.983 299.983 299.983 299.983 299.983 299.983 299.983 299.983 299.983 299.983 299.983 299.983 299.983 
300.025 300.025 300.025 300.025 300.025 300.025 300.025 300.025 300.025 300.025 300.025 300.025 300.025 300.025 300.025 300.025 300.025 300.025 300.025 300.025 300.025 300.025 300.025 300.025 300.025 300.025 300.025 300.025 300.025 300.025 300.025 300 300 300 300 300 300 300 300 300 300 300 300 300 300 300 300 300 300 300 300 300 300 300 300 300 300 300 300 300 300 300 300 300 300 300 300 300 300 300 299.975 299.975 299.975 299.975 299.975 299.975 299.975 299.975 299.975 299.975 299.975 299.975 299.975 299.975 299.975 299.975 299.975 299.975 299.975 299.975 299.975 299.975 299.975 299.975 299.975 299.975 299.975 299.975 299.975 299.975 
300.033 300.033 300.033 300.033 300.033 300.033 300.033 300.033 300.033 300.033 300.033 300.033 300.033 300.033 300.033 300.033 300.033 300.033 300.033 300.033 300.033 300.033 300.033 300.033 300.033 300.033 300.033 300.033 300.033 300.033 300.033 300 300 300 300 300 300 300 300 300 300 300 300 300 300 300 300 300 300 300 300 300 300 300 300 300 300 300 300 300 300 300 300 300 300 300 300 300 300 300 299.967 299.967 299.967 299.967 299.967 299.967 299.967 299.967 299.967 299.967 299.967 299.967 299.967 299.967 299.967 299.967 299.967 299.967 299.967 299.967 299.967 299.967 299.967 299.967 299.967 299.967 299.967 299.967 299.967 299.967 
300.041 300.041 300.041 300.041 300.041 300.041 300.041 300.041 300.041 300.041 300.041 300.041 300.041 300.041 300.041 300.041 300.041 300.041 300.041 300.041 300.041 300.041 300.041 300.041 300.041 300.041 300.041 300.041 300.041 300.041 300.041 300 300 300 300 300 300 300 300 300 300 300 300 300 300 300 300 300 300 300 300 300 300 300 300 300 300 300 300 300 300 300 300 300 300 300 300 300 300 300 299.959 299.959 299.959 299.959 299.959 299.959 299.959 299.959 299.959 299.959 299.959 299.959 299.959 299.959 299.959 299.959 299.959 299.959 299.959 299.959 299.959 299.959 299.959 299.959 299.959 299.959 299.959 299.959 299.959 299.959 
300.05 300.05 300.05 300.05 300.05 300.05 300.05 300.05 300.05 300.05 300.05 300.05 300.05 300.05 300.05 300.05 300.05 300.05 300.05 300.05 300.05 300.05 300.05 300.05 300.05 300.05 300.05 300.05 300.05 300.05 300.05 300 300 300 300 300 300 300 300 300 300 300 300 300 300 300 300 300 300 300 300 300 300 300 300 300 300 300 300 300 300 300 300 300 300 300 300 300 300 300 299.95 299.95 299.95 299.95 299.95 299.95 299.95 299.95 299.95 299.95 299.95 299.95 299.95 299.95 299.95 299.95 299.95 299.95 299.95 299.95 299.95 299.95 299.95 299.95 299.95 299.95 299.95 299.95 299.95 299.95 
300.058 300.058 300.058 300.058 300.058 300.058 300.058 300.058 300.058 300.058 300.058 300.058 300.058 300.058 300.058 300.058 300.058 300.058 300.058 300.058 300.058 300.058 300.058 300.058 300.058 300.058 300.058 300.058 300.058 300.058 300.058 300 300 300 300 300 300 300 300 300 300 300 300 300 300 300 300 300 300 300 300 300 300 300 300 300 300 300 300 300 300 300 300 300 300 300 300 300 300 300 299.942 299.942 299.942 299.942 299.942 299.942 299.942 299.942 299.942 299.942 299.942 299.942 299.942 299.942 299.942 299.942 299.942 299.942 299.942 299.942 299.942 299.942 299.942 299.942 299.942 299.942 299.942 299.942 299.942 299.942 
300.066 300.066 300.066 300.066 300.066 300.066 300.066 300.066 300.066 300.066 300.066 300.066 300.066 300.066 300.066 300.066 300.066 300.066 300.066 300.066 300.066 300.066 300.066 300.066 300.066 300.066 300.066 300.066 300.066 300.066 300.066 300 300 300 300 300 300 300 300 300 300 300 300 300 300 300 300 300 300 300 300 300 300 300 300 300 300 300 300 300 300 300 300 300 300 300 300 300 300 300 299.934 299.934 299.934 299.934 299.934 299.934 299.934 299.934 299.934 299.934 299.934 299.934 299.934 299.934 299.934 299.934 299.934 299.934 299.934 299.934 299.934 299.934 299.934 299.934 299.934 299.934 299.934 299.934 299.934 299.934 
300.075 300.075 300.075 300.075 300.075 300.075 300.075 300.075 300.075 300.075 300.075 300.075 300.075 300.075 300.075 300.075 300.075 300.075 300.075 300.075 300.075 300.075 300.075 300.075 300.075 300.075 300.075 300.075 300.075 300.075 300.074 300 300 300 300 300 300 300 300 300 300 300 300 300 300 300 300 300 300 300 300 300 300 300 300 300 300 300 300 300 300 300 300 300 300 300 300 300 300 300 299.925 299.925 299.925 299.925 299.925 299.925 299.925 299.925 299.925 299.925 299.925 299.925 299.925 299.925 299.925 299.925 299.925 299.925 299.925 299.925 299.925 299.925 299.925 299.925 299.925 299.925 299.925 299.925 299.925 299.925 
300.083 300.083 300.083 300.083 300.083 300.083 300.083 300.083 300.083 300.083 300.083 300.083 300.083 300.083 300.083 300.083 300.083 300.083 300.083 300.083 300.083 300.083 300.083 300.083 300.083 300.083 300.083 300.083 300.083 300.083 300.083 300 300 300 300 300 300 300 300 300 300 300 300 300 300 300 300 300 300 300 300 300 300 300 300 300 300 300 300 300 300 300 300 300 300 300 300 300 300 300 299.917 299.917 299.917 299.917 299.917 299.917 299.917 299.917 299.917 299.917 299.917 299.917 299.917 299.917 299.917 299.917 299.917 299.917 299.917 299.917 299.917 299.917 299.917 299.917 299.917 299.917 299.917 299.917 299.917 299.917 
300.091 300.091 300.091 300.091 300.091 300.091 300.091 300.091 300.091 300.091 300.091 300.091 300.091 300.091 300.091 300.091 300.091 300.091 300.091 300.091 300.091 300.091 300.091 300.091 300.091 300.091 300.091 300.091 300.091 300.091 300.091 300 300 300 300 300 300 300 300 300 300 300 300 300 300 300 300 300 300 300 300 300 300 300 300 300 300 300 300 300 300 300 300 300 300 300 300 300 300 300 299.909 299.909 299.909 299.909 299.909 299.909 299.909 299.909 299.909 299.909 299.909 299.909 299.909 299.909 299.909 299.909 299.909 299.909 299.909 299.909 299.909 299.909 299.909 299.909 299.909 299.909 299.909 299.909 299.909 299.909 
300.099 300.099 300.099 300.099 300.099 300.099 300.099 300.099 300.099 300.099 300.099 300.099 300.099 300.099 300.099 300.099 300.099 300.099 300.099 300.099 300.099 300.099 300.099 300.099 300.099 300.099 300.099 300.099 300.099 300.099 300.099 300 300 300 300 300 300 300 300 300 300 300 300 300 300 300 300 300 300 300 300 300 300 300 300 300 300 300 300 300 300 300 300 300 300 300 300 300 300 300 299.901 299.901 299.901 299.901 299.901 299.901 299.901 299.901 299.901 299.901 299.901 299.901 299.901 299.901 299.901 299.901 299.901 299.901 299.901 299.901 299.901 299.901 299.901 299.901 299.901 299.901 299.901 299.901 299.901 299.901 
300.108 300.108 300.108 300.108 300.108 300.108 300.108 300.108 300.108 300.108 300.108 300.108 300.108 300.108 300.108 300.108 300.108 300.108 300.108 300.108 300.108 300.108 300.108 300.108 300.108 300.108 300.108 300.108 300.108 300.108 300.108 300 300 300 300 300 300 300 300 300 300 300 300 300 300 300 300 300 300 300 300 300 300 300 300 300 300 300 300 300 300 300 300 300 300 300 300 300 300 300 299.892 299.892 299.892 299.892 299.892 299.892 299.892 299.892 299.892 299.892 299.892 299.892 299.892 299.892 299.892 299.892 299.892 299.892 299.892 299.892 299.892 299.892 299.892 299.892 299.892 299.892 299.892 299.892 299.892 299.892 
300.116 300.116 300.116 300.116 300.116 300.116 300.116 300.116 300.116 300.116 300.116 300.116 300.116 300.116 300.116 300.116 300.116 300.116 300.116 300.116 300.116 300.116 300.116 300.116 300.116 300.116 300.116 300.116 300.116 300.116 300.116 300 300 300 300 300 300 300 300 300 300 300 300 300 300 300 300 300 300 300 300 300 300 300 300 300 300 300 300 300 300 300 300 300 300 300 300 300 300 300 299.884 299.884 299.884 299.884 299.884 299.884 299.884 299.884 299.884 299.884 299.884 299.884 299.884 299.884 299.884 299.884 299.884 299.884 299.884 299.884 299.884 299.884 299.884 299.884 299.884 299.884 299.884 299.884 299.884 299.884 
300.124 300.124 300.124 300.124 300.124 300.124 300.124 300.124 300.124 300.124 300.124 300.124 300.124 300.124 300.124 300.124 300.124 300.124 300.124 300.124 300.124 300.124 300.124 300.124 300.124 300.124 300.124 300.124 300.124 300.124 300.124 300 300 300 300 300 300 300 300 300 300 300 300 300 300 300 300 300 300 300 300 300 300 300 300 300 300 300 300 300 300 300 300 300 300 300 300 300 300 300 299.876 299.876 299.876 299.876 299.876 299.876 299.876 299.876 299.876 299.876 299.876 299.876 299.876 299.876 299.876 299.876 299.876 299.876 299.876 299.876 299.876 299.876 299.876 299.876 299.876 299.876 299.876 299.876 299.876 299.876 
300.132 300.132 300.132 300.132 300.132 300.132 300.132 300.132 300.132 300.132 300.132 300.132 300.132 300.132 300.132 300.132 300.132 300.132 300.132 300.132 300.132 300.132 300.132 300.132 300.132 300.132 300.132 300.132 300.132 300.132 300.132 300 300 300 300 300 300 300 300 300 300 300 300 300 300 300 300 300 300 300 300 300 300 300 300 300 300 300 300 300 300 300 300 300 300 300 300 300 300 300 299.868 299.868 299.868 299.868 299.868 299.868 299.868 299.868 299.868 299.868 299.868 299.868 299.868 299.868 299.868 299.868 299.868 299.868 299.868 299.868 299.868 299.868 299.868 299.868 299.868 299.868 299.868 299.868 299.868 299.868 
300.141 300.141 300.141 300.141 300.141 300.141 300.141 300.141 300.141 300.141 300.141 300.141 300.141 300.141 300.141 300.141 300.141 300.141 300.141 300.141 300.141 300.141 300.141 300.141 300.141 300.141 300.141 300.141 300.141 300.141 300.141 300 300 300 300 300 300 300 300 300 300 300 300 300 300 300 300 300 300 300 300 300 300 300 300 300 300 300 300 300 300 300 300 300 300 300 300 300 300 300 299.859 299.859 299.859 299.859 299.859 299.859 299.859 299.859 299.859 299.859 299.859 299.859 299.859 299.859 299.859 299.859 299.859 299.859 299.859 299.859 299.859 299.859 299.859 299.859 299.859 299.859 299.859 299.859 299.859 299.859 
300.149 300.149 300.149 300.149 300.149 300.149 300.149 300.149 300.149 300.149 300.149 300.149 300.149 300.149 300.149 300.149 300.149 300.149 300.149 300.149 300.149 300.149 300.149 300.149 300.149 300.149 300.149 300.149 300.149 300.149 300.149 300 300 300 300 300 300 300 300 300 300 300 300 300 300 300 300 300 300 300 300 300 300 300 300 300 300 300 300 300 300 300 300 300 300 300 300 300 300 300 299.851 299.851 299.851 299.851 299.851 299.851 299.851 299.851 299.851 299.851 299.851 299.851 299.851 299.851 299.851 299.851 299.851 299.851 299.851 299.851 299.851 299.851 299.851 299.851 299.851 299.851 299.851 299.851 299.851 299.851 
300.157 300.157 300.157 300.157 300.157 300.157 300.157 300.157 300.157 300.157 300.157 300.157 300.157 300.157 300.157 300.157 300.157 300.157 300.157 300.157 300.157 300.157 300.157 300.157 300.157 300.157 300.157 300.157 300.157 300.157 300.157 300 300 300 300 300 300 300 300 300 300 300 300 300 300 300 300 300 300 300 300 300 300 300 300 300 300 300 300 300 300 300 300 300 300 300 300 300 300 300 299.843 299.843 299.843 299.843 299.843 299.843 299.843 299.843 299.843 299.843 299.843 299.843 299.843 299.843 299.843 299.843 299.843 299.843 299.843 299.843 299.843 299.843 299.843 299.843 299.843 299.843 299.843 299.843 299.843 299.843 
300.166 300.166 300.166 300.166 300.166 300.166 300.166 300.166 300.166 300.166 300.166 300.166 300.166 300.166 300.166 300.166 300.166 300.166 300.166 300.166 300.166 300.166 300.166 300.166 300.166 300.166 300.166 300.166 300.166 300.166 300.166 300 300 300 300 300 300 300 300 300 300 300 300 300 300 300 300 300 300 300 300 300 300 300 300 300 300 300 300 300 300 300 300 300 300 300 300 300 300 300 299.834 299.834 299.834 299.834 299.834 299.834 299.834 299.834 299.834 299.834 299.834 299.834 299.834 299.834 299.834 299.834 299.834 299.834 299.834 299.834 299.834 299.834 299.834 299.834 299.834 299.834 299.834 299.834 299.834 299.834 
300.174 300.174 300.174 300.174 300.174 300.174 300.174 300.174 300.174 300.174 300.174 300.174 300.174 300.174 300.174 300.174 300.174 300.174 300.174 300.174 300.174 300.174 300.174 300.174 300.174 300.174 300.174 300.174 300.174 300.174 300.174 300 300 300 300 300 300 300 300 300 300 300 300 300 300 300 300 300 300 300 300 300 300 300 300 300 300 300 300 300 300 300 300 300 300 300 300 300 300 300 299.826 299.826 299.826 299.826 299.826 299.826 299.826 299.826 299.826 299.826 299.826 299.826 299.826 299.826 299.826 299.826 299.826 299.826 299.826 299.826 299.826 299.826 299.826 299.826 299.826 299.826 299.826 299.826 299.826 299.826 
300.182 300.182 300.182 300.182 300.182 300.182 300.182 300.182 300.182 300.182 300.182 300.182 300.182 300.182 300.182 300.182 300.182 300.182 300.182 300.182 300.182 300.182 300.182 300.182 300.182 300.182 300.182 300.182 300.182 300.182 300.182 300 300 300 300 300 300 300 300 300 300 300 300 300 300 300 300 300 300 300 300 300 300 300 300 300 300 300 300 300 300 300 300 300 300 300 300 300 300 300 299.818 299.818 299.818 299.818 299.818 299.818 299.818 299.818 299.818 299.818 299.818 299.818 299.818 299.818 299.818 299.818 299.818 299.818 299.818 299.818 299.818 299.818 299.818 299.818 299.818 299.818 299.818 299.818 299.818 299.818 
300.19 300.19 300.19 300.19 300.19 300.19 300.19 300.19 300.19 300.19 300.19 300.19 300.19 300.19 300.19 300.19 300.19 300.19 300.19 300.19 300.19 300.19 300.19 300.19 300.19 300.19 300.19 300.19 300.19 300.19 300.19 300 300 300 300 300 300 300 300 300 300 300 300 300 300 300 300 300 300 300 300 300 300 300 300 300 300 300 300 300 300 300 300 300 300 300 300 300 300 300 299.81 299.81 299.81 299.81 299.81 299.81 299.81 299.81 299.81 299.81 299.81 299.81 299.81 299.81 299.81 299.81 299.81 299.81 299.81 299.81 299.81 299.81 299.81 299.81 299.81 299.81 299.81 299.81 299.81 299.81 
300.199 300.199 300.199 300.199 300.199 300.199 300.199 300.199 300.199 300.199 300.199 300.199 300.199 300.199 300.199 300.199 300.199 300.199 300.199 300.199 300.199 300.199 300.199 300.199 300.199 300.199 300.199 300.199 300.199 300.199 300.199 300 300 300 300 300 300 300 300 300 300 300 300 300 300 300 300 300 300 300 300 300 300 300 300 300 300 300 300 300 300 300 300 300 300 300 300 300 300 300 299.801 299.801 299.801 299.801 299.801 299.801 299.801 299.801 299.801 299.801 299.801 299.801 299.801 299.801 299.801 299.801 299.801 299.801 299.801 299.801 299.801 299.801 299.801 299.801 299.801 299.801 299.801 299.801 299.801 299.801 
300.207 300.207 300.207 300.207 300.207 300.207 300.207 300.207 300.207 300.207 300.207 300.207 300.207 300.207 300.207 300.207 300.207 300.207 300.207 300.207 300.207 300.207 300.207 300.207 300.207 300.207 300.207 300.207 300.207 300.207 300.207 300 300 300 300 300 300 300 300 300 300 300 300 300 300 300 300 300 300 300 300 300 300 300 300 300 300 300 300 300 300 300 300 300 300 300 300 300 300 300 299.793 299.793 299.793 299.793 299.793 299.793 299.793 299.793 299.793 299.793 299.793 299.793 299.793 299.793 299.793 299.793 299.793 299.793 299.793 299.793 299.793 299.793 299.793 299.793 299.793 299.793 299.793 299.793 299.793 299.793 
300.215 300.215 300.215 300.215 300.215 300.215 300.215 300.215 300.215 300.215 300.215 300.215 300.215 300.215 300.215 300.215 300.215 300.215 300.215 300.215 300.215 300.215 300.215 300.215 300.215 300.215 300.215 300.215 300.215 300.215 300.215 300 300 300 300 300 300 300 300 300 300 300 300 300 300 300 300 300 300 300 300 300 300 300 300 300 300 300 300 300 300 300 300 300 300 300 300 300 300 300 299.785 299.785 299.785 299.785 299.785 299.785 299.785 299.785 299.785 299.785 299.785 299.785 299.785 299.785 299.785 299.785 299.785 299.785 299.785 299.785 299.785 299.785 299.785 299.785 299.785 299.785 299.785 299.785 299.785 299.785 
300.224 300.224 300.224 300.224 300.224 300.224 300.224 300.224 300.224 300.224 300.224 300.224 300.224 300.224 300.224 300.224 300.224 300.224 300.224 300.224 300.224 300.224 300.224 300.224 300.224 300.224 300.224 300.224 300.224 300.224 300.223 300 300 300 300 300 300 300 300 300 300 300 300 300 300 300 300 300 300 300 300 300 300 300 300 300 300 300 300 300 300 300 300 300 300 300 300 300 300 300 299.777 299.776 299.776 299.776 299.776 299.776 299.776 299.776 299.776 299.776 299.776 299.776 299.776 299.776 299.776 299.776 299.776 299.776 299.776 299.776 299.776 299.776 299.776 299.776 299.776 299.776 299.776 299.776 299.776 299.776 
300.232 300.232 300.232 300.232 300.232 300.232 300.232 300.232 300.232 300.232 300.232 300.232 300.232 300.232 300.232 300.232 300.232 300.232 300.232 300.232 300.232 300.232 300.232 300.232 300.232 300.232 300.232 300.232 300.232 300.232 300.232 300 300 300 300 300 300 300 300 300 300 300 300 300 300 300 300 300 300 300 300 300 300 300 300 300 300 300 300 300 300 300 300 300 300 300 300 300 300 300 299.768 299.768 299.768 299.768 299.768 299.768 299.768 299.768 299.768 299.768 299.768 299.768 299.768 299.768 299.768 299.768 299.768 299.768 299.768 299.768 299.768 299.768 299.768 299.768 299.768 299.768 299.768 299.768 299.768 299.768 
300.24 300.24 300.24 300.24 300.24 300.24 300.24 300.24 300.24 300.24 300.24 300.24 300.24 300.24 300.24 300.24 300.24 300.24 300.24 300.24 300.24 300.24 300.24 300.24 300.24 300.24 300.24 300.24 300.24 300.24 300.24 300 300 300 300 300 300 300 300 300 300 300 300 300 300 300 300 300 300 300 300 300 300 300 300 300 300 300 300 300 300 300 300 300 300 300 300 300 300 300 299.76 299.76 299.76 299.76 299.76 299.76 299.76 299.76 299.76 299.76 299.76 299.76 299.76 299.76 299.76 299.76 299.76 299.76 299.76 299.76 299.76 299.76 299.76 299.76 299.76 299.76 299.76 299.76 299.76 299.76 
300.248 300.248 300.248 300.248 300.248 300.248 300.248 300.248 300.248 300.248 300.248 300.248 300.248 300.248 300.248 300.248 300.248 300.248 300.248 300.248 300.248 300.248 300.248 300.248 300.248 300.248 300.248 300.248 300.248 300.248 300.248 300 300 300 300 300 300 300 300 300 300 300 300 300 300 300 300 300 300 300 300 300 300 300 300 300 300 300 300 300 300 300 300 300 300 300 300 300 300 300 299.752 299.752 299.752 299.752 299.752 299.752 299.752 299.752 299.752 299.752 299.752 299.752 299.752 299.752 299.752 299.752 299.752 299.752 299.752 299.752 299.752 299.752 299.752 299.752 299.752 299.752 299.752 299.752 299.752 299.752 
300.257 300.257 300.257 300.257 300.257 300.257 300.257 300.257 300.257 300.257 300.257 300.257 300.257 300.257 300.257 300.257 300.257 300.257 300.257 300.257 300.257 300.257 300.257 300.257 300.257 300.257 300.257 300.257 300.257 300.257 300.257 300 300 300 300 300 300 300 300 300 300 300 300 300 300 300 300 300 300 300 300 300 300 300 300 300 300 300 300 300 300 300 300 300 300 300 300 300 300 300 299.743 299.743 299.743 299.743 299.743 299.743 299.743 299.743 299.743 299.743 299.743 299.743 299.743 299.743 299.743 299.743 299.743 299.743 299.743 299.743 299.743 299.743 299.743 299.743 299.743 299.743 299.743 299.743 299.743 299.743 
300.265 300.265 300.265 300.265 300.265 300.265 300.265 300.265 300.265 300.265 300.265 300.265 300.265 300.265 300.265 300.265 300.265 300.265 300.265 300.265 300.265 300.265 300.265 300.265 300.265 300.265 300.265 300.265 300.265 300.265 300.265 300 300 300 300 300 300 300 300 300 300 300 300 300 300 300 300 300 300 300 300 300 300 300 300 300 300 300 300 300 300 300 300 300 300 300 300 300 300 300 299.735 299.735 299.735 299.735 299.735 299.735 299.735 299.735 299.735 299.735 299.735 299.735 299.735 299.735 299.735 299.735 299.735 299.735 299.735 299.735 299.735 299.735 299.735 299.735 299.735 299.735 299.735 299.735 299.735 299.735 
300.273 300.273 300.273 300.273 300.273 300.273 300.273 300.273 300.273 300.273 300.273 300.273 300.273 300.273 300.273 300.273 300.273 300.273 300.273 300.273 300.273 300.273 300.273 300.273 300.273 300.273 300.273 300.273 300.273 300.273 300.273 300 300 300 300 300 300 300 300 300 300 300 300 300 300 300 300 300 300 300 300 300 300 300 300 300 300 300 300 300 300 300 300 300 300 300 300 300 300 300 299.727 299.727 299.727 299.727 299.727 299.727 299.727 299.727 299.727 299.727 299.727 299.727 299.727 299.727 299.727 299.727 299.727 299.727 299.727 299.727 299.727 299.727 299.727 299.727 299.727 299.727 299.727 299.727 299.727 299.727 
300.281 300.281 300.281 300.281 300.281 300.281 300.281 300.281 300.281 300.281 300.281 300.281 300.281 300.281 300.281 300.281 300.281 300.281 300.281 300.281 300.281 300.281 300.281 300.281 300.281 300.281 300.281 300.281 300.281 300.281 300.281 300 300 300 300 300 300 300 300 300 300 300 300 300 300 300 300 300 300 300 300 300 300 300 300 300 300 300 300 300 300 300 300 300 300 300 300 300 300 300 299.719 299.719 299.719 299.719 299.719 299.719 299.719 299.719 299.719 299.719 299.719 299.719 299.719 299.719 299.719 299.719 299.719 299.719 299.719 299.719 299.719 299.719 299.719 299.719 299.719 299.719 299.719 299.719 299.719 299.719 
300.29 300.29 300.29 300.29 300.29 300.29 300.29 300.29 300.29 300.29 300.29 300.29 300.29 300.29 300.29 300.29 300.29 300.29 300.29 300.29 300.29 300.29 300.29 300.29 300.29 300.29 300.29 300.29 300.29 300.29 300.29 300 300 300 300 300 300 300 300 300 300 300 300 300 300 300 300 300 300 300 300 300 300 300 300 300 300 300 300 300 300 300 300 300 300 300 300 300 300 300 299.71 299.71 299.71 299.71 299.71 299.71 299.71 299.71 299.71 299.71 299.71 299.71 299.71 299.71 299.71 299.71 299.71 299.71 299.71 299.71 299.71 299.71 299.71 299.71 299.71 299.71 299.71 299.71 299.71 299.71 
300.298 300.298 300.298 300.298 300.298 300.298 300.298 300.298 300.298 300.298 300.298 300.298 300.298 300.298 300.298 300.298 300.298 300.298 300.298 300.298 300.298 300.298 300.298 300.298 300.298 300.298 300.298 300.298 300.298 300.298 300.298 300 300 300 300 300 300 300 300 300 300 300 300 300 300 300 300 300 300 300 300 300 300 300 300 300 300 300 300 300 300 300 300 300 300 300 300 300 300 300 299.702 299.702 299.702 299.702 299.702 299.702 299.702 299.702 299.702 299.702 299.702 299.702 299.702 299.702 299.702 299.702 299.702 299.702 299.702 299.702 299.702 299.702 299.702 299.702 299.702 299.702 299.702 299.702 299.702 299.702 
300.306 300.306 300.306 300.306 300.306 300.306 300.306 300.306 300.306 300.306 300.306 300.306 300.306 300.306 300.306 300.306 300.306 300.306 300.306 300.306 300.306 300.306 300.306 300.306 300.306 300.306 300.306 300.306 300.306 300.306 300.306 300 300 300 300 300 300 300 300 300 300 300 300 300 300 300 300 300 300 300 300 300 300 300 300 300 300 300 300 300 300 300 300 300 300 300 300 300 300 300 299.694 299.694 299.694 299.694 299.694 299.694 299.694 299.694 299.694 299.694 299.694 299.694 299.694 299.694 299.694 299.694 299.694 299.694 299.694 299.694 299.694 299.694 299.694 299.694 299.694 299.694 299.694 299.694 299.694 299.694 
300.315 300.315 300.315 300.315 300.315 300.315 300.315 300.315 300.315 300.315 300.315 300.315 300.315 300.315 300.315 300.315 300.315 300.315 300.315 300.315 300.315 300.315 300.315 300.315 300.315 300.315 300.315 300.315 300.315 300.315 300.314 300 300 300 300 300 300 300 300 300 300 300 300 300 300 300 300 300 300 300 300 300 300 300 300 300 300 300 300 300 300 300 300 300 300 300 300 300 300 300 299.686 299.685 299.685 299.685 299.685 299.685 299.685 299.685 299.685 299.685 299.685 299.685 299.685 299.685 299.685 299.685 299.685 299.685 299.685 299.685 299.685 299.685 299.685 299.685 299.685 299.685 299.685 299.685 299.685 299.685 
300.323 300.323 300.323 300.323 300.323 300.323 300.323 300.323 300.323 300.323 300.323 300.323 300.323 300.323 300.323 300.323 300.323 300.323 300.323 300.323 300.323 300.323 300.323 300.323 300.323 300.323 300.323 300.323 300.323 300.323 300.323 300 300 300 300 300 300 300 300 300 300 300 300 300 300 300 300 300 300 300 300 300 300 300 300 300 300 300 300 300 300 300 300 300 300 300 300 300 300 300 299.677 299.677 299.677 299.677 299.677 299.677 299.677 299.677 299.677 299.677 299.677 299.677 299.677 299.677 299.677 299.677 299.677 299.677 299.677 299.677 299.677 299.677 299.677 299.677 299.677 299.677 299.677 299.677 299.677 299.677 
300.331 300.331 300.331 300.331 300.331 300.331 300.331 300.331 300.331 300.331 300.331 300.331 300.331 300.331 300.331 300.331 300.331 300.331 300.331 300.331 300.331 300.331 300.331 300.331 300.331 300.331 300.331 300.331 300.331 300.331 300.331 300 300 300 300 300 300 300 300 300 300 300 300 300 300 300 300 300 300 300 300 300 300 300 300 300 300 300 300 300 300 300 300 300 300 300 300 300 300 300 299.669 299.669 299.669 299.669 299.669 299.669 299.669 299.669 299.669 299.669 299.669 299.669 299.669 299.669 299.669 299.669 299.669 299.669 299.669 299.669 299.669 299.669 299.669 299.669 299.669 299.669 299.669 299.669 299.669 299.669 
300.339 300.339 300.339 300.339 300.339 300.339 300.339 300.339 300.339 300.339 300.339 300.339 300.339 300.339 300.339 300.339 300.339 300.339 300.339 300.339 300.339 300.339 300.339 300.339 300.339 300.339 300.339 300.339 300.339 300.339 300.339 300 300 300 300 300 300 300 300 300 300 300 300 300 300 300 300 300 300 300 300 300 300 300 300 300 300 300 300 300 300 300 300 300 300 300 300 300 300 300 299.661 299.661 299.661 299.661 299.661 299.661 299.661 299.661 299.661 299.661 299.661 299.661 299.661 299.661 299.661 299.661 299.661 299.661 299.661 299.661 299.661 299.661 299.661 299.661 299.661 299.661 299.661 299.661 299.661 299.661 
300.348 300.348 300.348 300.348 300.348 300.348 300.348 300.348 300.348 300.348 300.348 300.348 300.348 300.348 300.348 300.348 300.348 300.348 300.348 300.348 300.348 300.348 300.348 300.348 300.348 300.348 300.348 300.348 300.348 300.348 300.347 300 300 300 300 300 300 300 300 300 300 300 300 300 300 300 300 300 300 300 300 300 300 300 300 300 300 300 300 300 300 300 300 300 300 300 300 300 300 300 299.653 299.652 299.652 299.652 299.652 299.652 299.652 299.652 299.652 299.652 299.652 299.652 299.652 299.652 299.652 299.652 299.652 299.652 299.652 299.652 299.652 299.652 299.652 299.652 299.652 299.652 299.652 299.652 299.652 299.652 
300.356 300.356 300.356 300.356 300.356 300.356 300.356 300.356 300.356 300.356 300.356 300.356 300.356 300.356 300.356 300.356 300.356 300.356 300.356 300.356 300.356 300.356 300.356 300.356 300.356 300.356 300.356 300.356 300.356 300.356 300.356 300 300 300 300 300 300 300 300 300 300 300 300 300 300 300 300 300 300 300 300 300 300 300 300 300 300 300 300 300 300 300 300 300 300 300 300 300 300 300 299.644 299.644 299.644 299.644 299.644 299.644 299.644 299.644 299.644 299.644 299.644 299.644 299.644 299.644 299.644 299.644 299.644 299.644 299.644 299.644 299.644 299.644 299.644 299.644 299.644 299.644 299.644 299.644 299.644 299.644 
300.364 300.364 300.364 300.364 300.364 300.364 300.364 300.364 300.364 300.364 300.364 300.364 300.364 300.364 300.364 300.364 300.364 300.364 300.364 300.364 300.364 300.364 300.364 300.364 300.364 300.364 300.364 300.364 300.364 300.364 300.364 300 300 300 300 300 300 300 300 300 300 300 300 300 300 300 300 300 300 300 300 300 300 300 300 300 300 300 300 300 300 300 300 300 300 300 300 300 300 300 299.636 299.636 299.636 299.636 299.636 299.636 299.636 299.636 299.636 299.636 299.636 299.636 299.636 299.636 299.636 299.636 299.636 299.636 299.636 299.636 299.636 299.636 299.636 299.636 299.636 299.636 299.636 299.636 299.636 299.636 
300.373 300.373 300.373 300.373 300.373 300.373 300.373 300.373 300.373 300.373 300.373 300.373 300.373 300.373 300.373 300.373 300.373 300.373 300.373 300.373 300.373 300.373 300.373 300.373 300.373 300.373 300.373 300.373 300.373 300.373 300.372 300 300 300 300 300 300 300 300 300 300 300 300 300 300 300 300 300 300 300 300 300 300 300 300 300 300 300 300 300 300 300 300 300 300 300 300 300 300 300 299.628 299.627 299.627 299.627 299.627 299.627 299.627 299.627 299.627 299.627 299.627 299.627 299.627 299.627 299.627 299.627 299.627 299.627 299.627 299.627 299.627 299.627 299.627 299.627 299.627 299.627 299.627 299.627 299.627 299.627 
300.381 300.381 300.381 300.381 300.381 300.381 300.381 300.381 300.381 300.381 300.381 300.381 300.381 300.381 300.381 300.381 300.381 300.381 300.381 300.381 300.381 300.381 300.381 300.381 300.381 300.381 300.381 300.381 300.381 300.381 300.381 300 300 300 300 300 300 300 300 300 300 300 300 300 300 300 300 300 300 300 300 300 300 300 300 300 300 300 300 300 300 300 300 300 300 300 300 300 300 300 299.619 299.619 299.619 299.619 299.619 299.619 299.619 299.619 299.619 299.619 299.619 299.619 299.619 299.619 299.619 299.619 299.619 299.619 299.619 299.619 299.619 299.619 299.619 299.619 299.619 299.619 299.619 299.619 299.619 299.619 
300.389 300.389 300.389 300.389 300.389 300.389 300.389 300.389 300.389 300.389 300.389 300.389 300.389 300.389 300.389 300.389 300.389 300.389 300.389 300.389 300.389 300.389 300.389 300.389 300.389 300.389 300.389 300.389 300.389 300.389 300.389 300 300 300 300 300 300 300 300 300 300 300 300 300 300 300 300 300 300 300 300 300 300 300 300 300 300 300 300 300 300 300 300 300 300 300 300 300 300 300 299.611 299.611 299.611 299.611 299.611 299.611 299.611 299.611 299.611 299.611 299.611 299.611 299.611 299.611 299.611 299.611 299.611 299.611 299.611 299.611 299.611 299.611 299.611 299.611 299.611 299.611 299.611 299.611 299.611 299.611 
300.397 300.397 300.397 300.397 300.397 300.397 300.397 300.397 300.397 300.397 300.397 300.397 300.397 300.397 300.397 300.397 300.397 300.397 300.397 300.397 300.397 300.397 300.397 300.397 300.397 300.397 300.397 300.397 300.397 300.397 300.397 300 300 300 300 300 300 300 300 300 300 300 300 300 300 300 300 300 300 300 300 300 300 300 300 300 300 300 300 300 300 300 300 300 300 300 300 300 300 300 299.603 299.603 299.603 299.603 299.603 299.603 299.603 299.603 299.603 299.603 299.603 299.603 299.603 299.603 299.603 299.603 299.603 299.603 299.603 299.603 299.603 299.603 299.603 299.603 299.603 299.603 299.603 299.603 299.603 299.603 
300.406 300.406 300.406 300.406 300.406 300.406 300.406 300.406 300.406 300.406 300.406 300.406 300.406 300.406 300.406 300.406 300.406 300.406 300.406 300.406 300.406 300.406 300.406 300.406 300.406 300.406 300.406 300.406 300.406 300.406 300.405 300 300 300 300 300 300 300 300 300 300 300 300 300 300 300 300 300 300 300 300 300 300 300 300 300 300 300 300 300 300 300 300 300 300 300 300 300 300 300 299.595 299.594 299.594 299.594 299.594 299.594 299.594 299.594 299.594 299.594 299.594 299.594 299.594 299.594 299.594 299.594 299.594 299.594 299.594 299.594 299.594 299.594 299.594 299.594 299.594 299.594 299.594 299.594 299.594 299.594 
300.414 300.414 300.414 300.414 300.414 300.414 300.414 300.414 300.414 300.414 300.414 300.414 300.414 300.414 300.414 300.414 300.414 300.414 300.414 300.414 300.414 300.414 300.414 300.414 300.414 300.414 300.414 300.414 300.414 300.414 300.414 300 300 300 300 300 300 300 300 300 300 300 300 300 300 300 300 300 300 300 300 300 300 300 300 300 300 300 300 300 300 300 300 300 300 300 300 300 300 300 299.586 299.586 299.586 299.586 299.586 299.586 299.586 299.586 299.586 299.586 299.586 299.586 299.586 299.586 299.586 299.586 299.586 299.586 299.586 299.586 299.586 299.586 299.586 299.586 299.586 299.586 299.586 299.586 299.586 299.586 
300.422 300.422 300.422 300.422 300.422 300.422 300.422 300.422 300.422 300.422 300.422 300.422 300.422 300.422 300.422 300.422 300.422 300.422 300.422 300.422 300.422 300.422 300.422 300.422 300.422 300.422 300.422 300.422 300.422 300.422 300.422 300 300 300 300 300 300 300 300 300 300 300 300 300 300 300 300 300 300 300 300 300 300 300 300 300 300 300 300 300 300 300 300 300 300 300 300 300 300 300 299.578 299.578 299.578 299.578 299.578 299.578 299.578 299.578 299.578 299.578 299.578 299.578 299.578 299.578 299.578 299.578 299.578 299.578 299.578 299.578 299.578 299.578 299.578 299.578 299.578 299.578 299.578 299.578 299.578 299.578 
300.43 300.43 300.43 300.43 300.43 300.43 300.43 300.43 300.43 300.43 300.43 300.43 300.43 300.43 300.43 300.43 300.43 300.43 300.43 300.43 300.43 300.43 300.43 300.43 300.43 300.43 300.43 300.43 300.43 300.43 300.43 300 300 300 300 300 300 300 300 300 300 300 300 300 300 300 300 300 300 300 300 300 300 300 300 300 300 300 300 300 300 300 300 300 300 300 300 300 300 300 299.57 299.569 299.569 299.569 299.569 299.569 299.569 299.569 299.569 299.569 299.569 299.569 299.569 299.569 299.569 299.569 299.569 299.569 299.569 299.569 299.569 299.569 299.569 299.569 299.569 299.569 299.569 299.569 299.569 299.569 
300.439 300.439 300.439 300.439 300.439 300.439 300.439 300.439 300.439 300.439 300.439 300.439 300.439 300.439 300.439 300.439 300.439 300.439 300.439 300.439 300.439 300.439 300.439 300.439 300.439 300.439 300.439 300.439 300.439 300.439 300.438 300 300 300 300 300 300 300 300 300 300 300 300 300 300 300 300 300 300 300 300 300 300 300 300 300 300 300 300 300 300 300 300 300 300 300 300 300 300 300 299.562 299.561 299.561 299.561 299.561 299.561 299.561 299.561 299.561 299.561 299.561 299.561 299.561 299.561 299.561 299.561 299.561 299.561 299.561 299.561 299.561 299.561 299.561 299.561 299.561 299.561 299.561 299.561 299.561 299.561 
300.447 300.447 300.447 300.447 300.447 300.447 300.447 300.447 300.447 300.447 300.447 300.447 300.447 300.447 300.447 300.447 300.447 300.447 300.447 300.447 300.447 300.447 300.447 300.447 300.447 300.447 300.447 300.447 300.447 300.447 300.447 300 300 300 300 300 300 300 300 300 300 300 300 300 300 300 300 300 300 300 300 300 300 300 300 300 300 300 300 300 300 300 300 300 300 300 300 300 300 300 299.553 299.553 299.553 299.553 299.553 299.553 299.553 299.553 299.553 299.553 299.553 299.553 299.553 299.553 299.553 299.553 299.553 299.553 299.553 299.553 299.553 299.553 299.553 299.553 299.553 299.553 299.553 299.553 299.553 299.553 
300.455 300.455 300.455 300.455 300.455 300.455 300.455 300.455 300.455 300.455 300.455 300.455 300.455 300.455 300.455 300.455 300.455 300.455 300.455 300.455 300.455 300.455 300.455 300.455 300.455 300.455 300.455 300.455 300.455 300.455 300.455 300 300 300 300 300 300 300 300 300 300 300 300 300 300 300 300 300 300 300 300 300 300 300 300 300 300 300 300 300 300 300 300 300 300 300 300 300 300 300 299.545 299.545 299.545 299.545 299.545 299.545 299.545 299.545 299.545 299.545 299.545 299.545 299.545 299.545 299.545 299.545 299.545 299.545 299.545 299.545 299.545 299.545 299.545 299.545 299.545 299.545 299.545 299.545 299.545 299.545 
300.464 300.464 300.464 300.464 300.464 300.464 300.464 300.464 300.464 300.464 300.464 300.464 300.464 300.464 300.464 300.464 300.464 300.464 300.464 300.464 300.464 300.464 300.464 300.464 300.464 300.464 300.464 300.464 300.464 300.464 300.463 300 300 300 300 300 300 300 300 300 300 300 300 300 300 300 300 300 300 300 300 300 300 300 300 300 300 300 300 300 300 300 300 300 300 300 300 300 300 300 299.537 299.536 299.536 299.536 299.536 299.536 299.536 299.536 299.536 299.536 299.536 299.536 299.536 299.536 299.536 299.536 299.536 299.536 299.536 299.536 299.536 299.536 299.536 299.536 299.536 299.536 299.536 299.536 299.536 299.536 
300.472 300.472 300.472 300.472 300.472 300.472 300.472 300.472 300.472 300.472 300.472 300.472 300.472 300.472 300.472 300.472 300.472 300.472 300.472 300.472 300.472 300.472 300.472 300.472 300.472 300.472 300.472 300.472 300.472 300.472 300.471 300 300 300 300 300 300 300 300 300 300 300 300 300 300 300 300 300 300 300 300 300 300 300 300 300 300 300 300 300 300 300 300 300 300 300 300 300 300 300 299.529 299.528 299.528 299.528 299.528 299.528 299.528 299.528 299.528 299.528 299.528 299.528 299.528 299.528 299.528 299.528 299.528 299.528 299.528 299.528 299.528 299.528 299.528 299.528 299.528 299.528 299.528 299.528 299.528 299.528 
300.48 300.48 300.48 300.48 300.48 300.48 300.48 300.48 300.48 300.48 300.48 300.48 300.48 300.48 300.48 300.48 300.48 300.48 300.48 300.48 300.48 300.48 300.48 300.48 300.48 300.48 300.48 300.48 300.48 300.48 300.48 300 300 300 300 300 300 300 300 300 300 300 300 300 300 300 300 300 300 300 300 300 300 300 300 300 300 300 300 300 300 300 300 300 300 300 300 300 300 300 299.52 299.52 299.52 299.52 299.52 299.52 299.52 299.52 299.52 299.52 299.52 299.52 299.52 299.52 299.52 299.52 299.52 299.52 299.52 299.52 299.52 299.52 299.52 299.52 299.52 299.52 299.52 299.52 299.52 299.52 
300.488 300.488 300.488 300.488 300.488 300.488 300.488 300.488 300.488 300.488 300.488 300.488 300.488 300.488 300.488 300.488 300.488 300.488 300.488 300.488 300.488 300.488 300.488 300.488 300.488 300.488 300.488 300.488 300.488 300.488 300.488 300 300 300 300 300 300 300 300 300 300 300 300 300 300 300 300 300 300 300 300 300 300 300 300 300 300 300 300 300 300 300 300 300 300 300 300 300 300 300 299.512 299.512 299.512 299.512 299.512 299.512 299.512 299.512 299.512 299.512 299.512 299.512 299.512 299.512 299.512 299.512 299.512 299.512 299.512 299.512 299.512 299.512 299.512 299.512 299.512 299.512 299.512 299.512 299.512 299.512 
300.497 300.497 300.497 300.497 300.497 300.497 300.497 300.497 300.497 300.497 300.497 300.497 300.497 300.497 300.497 300.497 300.497 300.497 300.497 300.497 300.497 300.497 300.497 300.497 300.497 300.497 300.497 300.497 300.497 300.497 300.496 300 300 300 300 300 300 300 300 300 300 300 300 300 300 300 300 300 300 300 300 300 300 300 300 300 300 300 300 300 300 300 300 300 300 300 300 300 300 300 299.504 299.503 299.503 299.503 299.503 299.503 299.503 299.503 299.503 299.503 299.503 299.503 299.503 299.503 299.503 299.503 299.503 299.503 299.503 299.503 299.503 299.503 299.503 299.503 299.503 299.503 299.503 299.503 299.503 299.503 
300.505 300.505 300.505 300.505 300.505 300.505 300.505 300.505 300.505 300.505 300.505 300.505 300.505 300.505 300.505 300.505 300.505 300.505 300.505 300.505 300.505 300.505 300.505 300.505 300.505 300.505 300.505 300.505 300.505 300.505 300.504 300.001 300 300 300 300 300 300 300 300 300 300 300 300 300 300 300 300 300 300 300 300 300 300 300 300 300 300 300 300 300 300 300 300 300 300 300 300 300 299.999 299.495 299.495 299.495 299.495 299.495 299.495 299.495 299.495 299.495 299.495 299.495 299.495 299.495 299.495 299.495 299.495 299.495 299.495 299.495 299.495 299.495 299.495 299.495 299.495 299.495 299.495 299.495 299.495 299.495 299.495 
300.513 300.513 300.513 300.513 300.513 300.513 300.513 300.513 300.513 300.513 300.513 300.513 300.513 300.513 300.513 300.513 300.513 300.513 300.513 300.513 300.513 300.513 300.513 300.513 300.513 300.513 300.513 300.513 300.513 300.513 300.513 300.001 300 300 300 300 300 300 300 300 300 300 300 300 300 300 300 300 300 300 300 300 300 300 300 300 300 300 300 300 300 300 300 300 300 300 300 300 300 299.999 299.487 299.487 299.487 299.487 299.487 299.487 299.487 299.487 299.487 299.487 299.487 299.487 299.487 299.487 299.487 299.487 299.487 299.487 299.487 299.487 299.487 299.487 299.487 299.487 299.487 299.487 299.487 299.487 299.487 299.487 
300.522 300.522 300.522 300.522 300.522 300.522 300.522 300.522 300.522 300.522 300.522 300.522 300.522 300.522 300.522 300.522 300.522 300.522 300.522 300.522 300.522 300.522 300.522 300.522 300.522 300.522 300.522 300.522 300.522 300.522 300.521 300.001 300 300 300 300 300 300 300 300 300 300 300 300 300 300 300 300 300 300 300 300 300 300 300 300 300 300 300 300 300 300 300 300 300 300 300 300 300 299.999 299.479 299.478 299.478 299.478 299.478 299.478 299.478 299.478 299.478 299.478 299.478 299.478 299.478 299.478 299.478 299.478 299.478 299.478 299.478 299.478 299.478 299.478 299.478 299.478 299.478 299.478 299.478 299.478 299.478 299.478 
300.53 300.53 300.53 300.53 300.53 300.53 300.53 300.53 300.53 300.53 300.53 300.53 300.53 300.53 300.53 300.53 300.53 300.53 300.53 300.53 300.53 300.53 300.53 300.53 300.53 300.53 300.53 300.53 300.53 300.53 300.529 300.001 300 300 300 300 300 300 300 300 300 300 300 300 300 300 300 300 300 300 300 300 300 300 300 300 300 300 300 300 300 300 300 300 300 300 300 300 300 299.999 299.471 299.47 299.47 299.47 299.47 299.47 299.47 299.47 299.47 299.47 299.47 299.47 299.47 299.47 299.47 299.47 299.47 299.47 299.47 299.47 299.47 299.47 299.47 299.47 299.47 299.47 299.47 299.47 299.47 299.47 
300.538 300.538 300.538 300.538 300.538 300.538 300.538 300.538 300.538 300.538 300.538 300.538 300.538 300.538 300.538 300.538 300.538 300.538 300.538 300.538 300.538 300.538 300.538 300.538 300.538 300.538 300.538 300.538 300.538 300.538 300.538 300.001 300 300 300 300 300 300 300 300 300 300 300 300 300 300 300 300 300 300 300 300 300 300 300 300 300 300 300 300 300 300 300 300 300 300 300 300 300 299.999 299.462 299.462 299.462 299.462 299.462 299.462 299.462 299.462 299.462 299.462 299.462 299.462 299.462 299.462 299.462 299.462 299.462 299.462 299.462 299.462 299.462 299.462 299.462 299.462 299.462 299.462 299.462 299.462 299.462 299.462 
300.546 300.546 300.546 300.546 300.546 300.546 300.546 300.546 300.546 300.546 300.546 300.546 300.546 300.546 300.546 300.546 300.546 300.546 300.546 300.546 300.546 300.546 300.546 300.546 300.546 300.546 300.546 300.546 300.546 300.546 300.546 300.001 300 300 300 300 300 300 300 300 300 300 300 300 300 300 300 300 300 300 300 300 300 300 300 300 300 300 300 300 300 300 300 300 300 300 300 300 300 299.999 299.454 299.454 299.454 299.454 299.454 299.454 299.454 299.454 299.454 299.454 299.454 299.454 299.454 299.454 299.454 299.454 299.454 299.454 299.454 299.454 299.454 299.454 299.454 299.454 299.454 299.454 299.454 299.454 299.454 299.454 
300.555 300.555 300.555 300.555 300.555 300.555 300.555 300.555 300.555 300.555 300.555 300.555 300.555 300.555 300.555 300.555 300.555 300.555 300.555 300.555 300.555 300.555 300.555 300.555 300.555 300.555 300.555 300.555 300.555 300.555 300.554 300.001 300 300 300 300 300 300 300 300 300 300 300 300 300 300 300 300 300 300 300 300 300 300 300 300 300 300 300 300 300 300 300 300 300 300 300 300 300 299.999 299.446 299.445 299.445 299.445 299.445 299.445 299.445 299.445 299.445 299.445 299.445 299.445 299.445 299.445 299.445 299.445 299.445 299.445 299.445 299.445 299.445 299.445 299.445 299.445 299.445 299.445 299.445 299.445 299.445 299.445 
300.563 300.563 300.563 300.563 300.563 300.563 300.563 300.563 300.563 300.563 300.563 300.563 300.563 300.563 300.563 300.563 300.563 300.563 300.563 300.563 300.563 300.563 300.563 300.563 300.563 300.563 300.563 300.563 300.563 300.563 300.562 300.001 300 300 300 300 300 300 300 300 300 300 300 300 300 300 300 300 300 300 300 300 300 300 300 300 300 300 300 300 300 300 300 300 300 300 300 300 300 299.999 299.438 299.437 299.437 299.437 299.437 299.437 299.437 299.437 299.437 299.437 299.437 299.437 299.437 299.437 299.437 299.437 299.437 299.437 299.437 299.437 299.437 299.437 299.437 299.437 299.437 299.437 299.437 299.437 299.437 299.437 
300.571 300.571 300.571 300.571 300.571 300.571 300.571 300.571 300.571 300.571 300.571 300.571 300.571 300.571 300.571 300.571 300.571 300.571 300.571 300.571 300.571 300.571 300.571 300.571 300.571 300.571 300.571 300.571 300.571 300.571 300.571 300.001 300 300 300 300 300 300 300 300 300 300 300 300 300 300 300 300 300 300 300 300 300 300 300 300 300 300 300 300 300 300 300 300 300 300 300 300 300 299.999 299.429 299.429 299.429 299.429 299.429 299.429 299.429 299.429 299.429 299.429 299.429 299.429 299.429 299.429 299.429 299.429 299.429 299.429 299.429 299.429 299.429 299.429 299.429 299.429 299.429 299.429 299.429 299.429 299.429 299.429 
300.58 300.58 300.58 300.58 300.58 300.58 300.58 300.58 300.58 300.58 300.58 300.58 300.58 300.58 300.58 300.58 300.58 300.58 300.58 300.58 300.58 300.58 300.58 300.58 300.58 300.58 300.58 300.58 300.58 300.58 300.579 300.001 300 300 300 300 300 300 300 300 300 300 300 300 300 300 300 300 300 300 300 300 300 300 300 300 300 300 300 300 300 300 300 300 300 300 300 300 300 299.999 299.421 299.42 299.42 299.42 299.42 299.42 299.42 299.42 299.42 299.42 299.42 299.42 299.42 299.42 299.42 299.42 299.42 299.42 299.42 299.42 299.42 299.42 299.42 299.42 299.42 299.42 299.42 299.42 299.42 299.42 
300.588 300.588 300.588 300.588 300.588 300.588 300.588 300.588 300.588 300.588 300.588 300.588 300.588 300.588 300.588 300.588 300.588 300.588 300.588 300.588 300.588 300.588 300.588 300.588 300.588 300.588 300.588 300.588 300.588 300.588 300.587 300.001 300 300 300 300 300 300 300 300 300 300 300 300 300 300 300 300 300 300 300 300 300 300 300 300 300 300 300 300 300 300 300 300 300 300 300 300 300 299.999 299.413 299.412 299.412 299.412 299.412 299.412 299.412 299.412 299.412 299.412 299.412 299.412 299.412 299.412 299.412 299.412 299.412 299.412 299.412 299.412 299.412 299.412 299.412 299.412 299.412 299.412 299.412 299.412 299.412 299.412 
300.596 300.596 300.596 300.596 300.596 300.596 300.596 300.596 300.596 300.596 300.596 300.596 300.596 300.596 300.596 300.596 300.596 300.596 300.596 300.596 300.596 300.596 300.596 300.596 300.596 300.596 300.596 300.596 300.596 300.596 300.595 300.001 300 300 300 300 300 300 300 300 300 300 300 300 300 300 300 300 300 300 300 300 300 300 300 300 300 300 300 300 300 300 300 300 300 300 300 300 300 299.999 299.405 299.404 299.404 299.404 299.404 299.404 299.404 299.404 299.404 299.404 299.404 299.404 299.404 299.404 299.404 299.404 299.404 299.404 299.404 299.404 299.404 299.404 299.404 299.404 299.404 299.404 299.404 299.404 299.404 299.404 
300.604 300.604 300.604 300.604 300.604 300.604 300.604 300.604 300.604 300.604 300.604 300.604 300.604 300.604 300.604 300.604 300.604 300.604 300.604 300.604 300.604 300.604 300.604 300.604 300.604 300.604 300.604 300.604 300.604 300.604 300.604 300.001 300 300 300 300 300 300 300 300 300 300 300 300 300 300 300 300 300 300 300 300 300 300 300 300 300 300 300 300 300 300 300 300 300 300 300 300 300 299.999 299.396 299.396 299.396 299.396 299.396 299.396 299.396 299.396 299.396 299.396 299.396 299.396 299.396 299.396 299.396 299.396 299.396 299.396 299.396 299.396 299.396 299.396 299.396 299.396 299.396 299.396 299.396 299.396 299.396 299.396 
300.613 300.613 300.613 300.613 300.613 300.613 300.613 300.613 300.613 300.613 300.613 300.613 300.613 300.613 300.613 300.613 300.613 300.613 300.613 300.613 300.613 300.613 300.613 300.613 300.613 300.613 300.613 300.613 300.613 300.613 300.612 300.001 300 300 300 300 300 300 300 300 300 300 300 300 300 300 300 300 300 300 300 300 300 300 300 300 300 300 300 300 300 300 300 300 300 300 300 300 300 299.999 299.388 299.387 299.387 299.387 299.387 299.387 299.387 299.387 299.387 299.387 299.387 299.387 299.387 299.387 299.387 299.387 299.387 299.387 299.387 299.387 299.387 299.387 299.387 299.387 299.387 299.387 299.387 299.387 299.387 299.387 
300.621 300.621 300.621 300.621 300.621 300.621 300.621 300.621 300.621 300.621 300.621 300.621 300.621 300.621 300.621 300.621 300.621 300.621 300.621 300.621 300.621 300.621 300.621 300.621 300.621 300.621 300.621 300.621 300.621 300.621 300.62 300.001 300 300 300 300 300 300 300 300 300 300 300 300 300 300 300 300 300 300 300 300 300 300 300 300 300 300 300 300 300 300 300 300 300 300 300 300 300 299.999 299.38 299.379 299.379 299.379 299.379 299.379 299.379 299.379 299.379 299.379 299.379 299.379 299.379 299.379 299.379 299.379 299.379 299.379 299.379 299.379 299.379 299.379 299.379 299.379 299.379 299.379 299.379 299.379 299.379 299.379 
300.629 300.629 300.629 300.629 300.629 300.629 300.629 300.629 300.629 300.629 300.629 300.629 300.629 300.629 300.629 300.629 300.629 300.629 300.629 300.629 300.629 300.629 300.629 300.629 300.629 300.629 300.629 300.629 300.629 300.629 300.628 300.001 300 300 300 300 300 300 300 300 300 300 300 300 300 300 300 300 300 300 300 300 300 300 300 300 300 300 300 300 300 300 300 300 300 300 300 300 300 299.999 299.372 299.371 299.371 299.371 299.371 299.371 299.371 299.371 299.371 299.371 299.371 299.371 299.371 299.371 299.371 299.371 299.371 299.371 299.371 299.371 299.371 299.371 299.371 299.371 299.371 299.371 299.371 299.371 299.371 299.371 
300.637 300.637 300.637 300.637 300.637 300.637 300.637 300.637 300.637 300.637 300.637 300.637 300.637 300.637 300.637 300.637 300.637 300.637 300.637 300.637 300.637 300.637 300.637 300.637 300.637 300.637 300.637 300.637 300.637 300.637 300.637 300.001 300 300 300 300 300 300 300 300 300 300 300 300 300 300 300 300 300 300 300 300 300 300 300 300 300 300 300 300 300 300 300 300 300 300 300 300 300 299.999 299.363 299.363 299.363 299.363 299.363 299.363 299.363 299.363 299.363 299.363 299.363 299.363 299.363 299.363 299.363 299.363 299.363 299.363 299.363 299.363 299.363 299.363 299.363 299.363 299.363 299.363 299.363 299.363 299.363 299.363 
300.646 300.646 300.646 300.646 300.646 300.646 300.646 300.646 300.646 300.646 300.646 300.646 300.646 300.646 300.646 300.646 300.646 300.646 300.646 300.646 300.646 300.646 300.646 300.646 300.646 300.646 300.646 300.646 300.646 300.646 300.645 300.001 300 300 300 300 300 300 300 300 300 300 300 300 300 300 300 300 300 300 300 300 300 300 300 300 300 300 300 300 300 300 300 300 300 300 300 300 300 299.999 299.355 299.354 299.354 299.354 299.354 299.354 299.354 299.354 299.354 299.354 299.354 299.354 299.354 299.354 299.354 299.354 299.354 299.354 299.354 299.354 299.354 299.354 299.354 299.354 299.354 299.354 299.354 299.354 299.354 299.354 
300.654 300.654 300.654 300.654 300.654 300.654 300.654 300.654 300.654 300.654 300.654 300.654 300.654 300.654 300.654 300.654 300.654 300.654 300.654 300.654 300.654 300.654 300.654 300.654 300.654 300.654 300.654 300.654 300.654 300.654 300.653 300.001 300 300 300 300 300 300 300 300 300 300 300 300 300 300 300 300 300 300 300 300 300 300 300 300 300 300 300 300 300 300 300 300 300 300 300 300 300 299.999 299.347 299.346 299.346 299.346 299.346 299.346 299.346 299.346 299.346 299.346 299.346 299.346 299.346 299.346 299.346 299.346 299.346 299.346 299.346 299.346 299.346 299.346 299.346 299.346 299.346 299.346 299.346 299.346 299.346 299.346 
300.662 300.662 300.662 300.662 300.662 300.662 300.662 300.662 300.662 300.662 300.662 300.662 300.662 300.662 300.662 300.662 300.662 300.662 300.662 300.662 300.662 300.662 300.662 300.662 300.662 300.662 300.662 300.662 300.662 300.662 300.661 300.001 300 300 300 300 300 300 300 300 300 300 300 300 300 300 300 300 300 300 300 300 300 300 300 300 300 300 300 300 300 300 300 300 300 300 300 300 300 299.999 299.339 299.338 299.338 299.338 299.338 299.338 299.338 299.338 299.338 299.338 299.338 299.338 299.338 299.338 299.338 299.338 299.338 299.338 299.338 299.338 299.338 299.338 299.338 299.338 299.338 299.338 299.338 299.338 299.338 299.338 
300.671 300.671 300.671 300.671 300.671 300.671 300.671 300.671 300.671 300.671 300.671 300.671 300.671 300.671 300.671 300.671 300.671 300.671 300.671 300.671 300.671 300.671 300.671 300.671 300.671 300.671 300.671 300.671 300.671 300.671 300.67 300.001 300 300 300 300 300 300 300 300 300 300 300 300 300 300 300 300 300 300 300 300 300 300 300 300 300 300 300 300 300 300 300 300 300 300 300 300 300 299.999 299.33 299.329 299.329 299.329 299.329 299.329 299.329 299.329 299.329 299.329 299.329 299.329 299.329 299.329 299.329 299.329 299.329 299.329 299.329 299.329 299.329 299.329 299.329 299.329 299.329 299.329 299.329 299.329 299.329 299.329 
300.679 300.679 300.679 300.679 300.679 300.679 300.679 300.679 300.679 300.679 300.679 300.679 300.679 300.679 300.679 300.679 300.679 300.679 300.679 300.679 300.679 300.679 300.679 300.679 300.679 300.679 300.679 300.679 300.679 300.679 300.678 300.001 300 300 300 300 300 300 300 300 300 300 300 300 300 300 300 300 300 300 300 300 300 300 300 300 300 300 300 300 300 300 300 300 300 300 300 300 300 299.999 299.322 299.321 299.321 299.321 299.321 299.321 299.321 299.321 299.321 299.321 299.321 299.321 299.321 299.321 299.321 299.321 299.321 299.321 299.321 299.321 299.321 299.321 299.321 299.321 299.321 299.321 299.321 299.321 299.321 299.321 
300.687 300.687 300.687 300.687 300.687 300.687 300.687 300.687 300.687 300.687 300.687 300.687 300.687 300.687 300.687 300.687 300.687 300.687 300.687 300.687 300.687 300.687 300.687 300.687 300.687 300.687 300.687 300.687 300.687 300.687 300.686 300.001 300 300 300 300 300 300 300 300 300 300 300 300 300 300 300 300 300 300 300 300 300 300 300 300 300 300 300 300 300 300 300 300 300 300 300 300 300 299.999 299.314 299.313 299.313 299.313 299.313 299.313 299.313 299.313 299.313 299.313 299.313 299.313 299.313 299.313 299.313 299.313 299.313 299.313 299.313 299.313 299.313 299.313 299.313 299.313 299.313 299.313 299.313 299.313 299.313 299.313 
300.695 300.695 300.695 300.695 300.695 300.695 300.695 300.695 300.695 300.695 300.695 300.695 300.695 300.695 300.695 300.695 300.695 300.695 300.695 300.695 300.695 300.695 300.695 300.695 300.695 300.695 300.695 300.695 300.695 300.695 300.694 300.001 300 300 300 300 300 300 300 300 300 300 300 300 300 300 300 300 300 300 300 300 300 300 300 300 300 300 300 300 300 300 300 300 300 300 300 300 300 299.999 299.306 299.305 299.305 299.305 299.305 299.305 299.305 299.305 299.305 299.305 299.305 299.305 299.305 299.305 299.305 299.305 299.305 299.305 299.305 299.305 299.305 299.305 299.305 299.305 299.305 299.305 299.305 299.305 299.305 299.305 
300.704 300.704 300.704 300.704 300.704 300.704 300.704 300.704 300.704 300.704 300.704 300.704 300.704 300.704 300.704 300.704 300.704 300.704 300.704 300.704 300.704 300.704 300.704 300.704 300.704 300.704 300.704 300.704 300.704 300.704 300.703 300.001 300 300 300 300 300 300 300 300 300 300 300 300 300 300 300 300 300 300 300 300 300 300 300 300 300 300 300 300 300 300 300 300 300 300 300 300 300 299.999 299.297 299.296 299.296 299.296 299.296 299.296 299.296 299.296 299.296 299.296 299.296 299.296 299.296 299.296 299.296 299.296 299.296 299.296 299.296 299.296 299.296 299.296 299.296 299.296 299.296 299.296 299.296 299.296 299.296 299.296 
300.712 300.712 300.712 300.712 300.712 300.712 300.712 300.712 300.712 300.712 300.712 300.712 300.712 300.712 300.712 300.712 300.712 300.712 300.712 300.712 300.712 300.712 300.712 300.712 300.712 300.712 300.712 300.712 300.712 300.712 300.711 300.001 300 300 300 300 300 300 300 300 300 300 300 300 300 300 300 300 300 300 300 300 300 300 300 300 300 300 300 300 300 300 300 300 300 300 300 300 300 299.999 299.289 299.288 299.288 299.288 299.288 299.288 299.288 299.288 299.288 299.288 299.288 299.288 299.288 299.288 299.288 299.288 299.288 299.288 299.288 299.288 299.288 299.288 299.288 299.288 299.288 299.288 299.288 299.288 299.288 299.288 
300.72 300.72 300.72 300.72 300.72 300.72 300.72 300.72 300.72 300.72 300.72 300.72 300.72 300.72 300.72 300.72 300.72 300.72 300.72 300.72 300.72 300.72 300.72 300.72 300.72 300.72 300.72 300.72 300.72 300.72 300.719 300.001 300 300 300 300 300 300 300 300 300 300 300 300 300 300 300 300 300 300 300 300 300 300 300 300 300 300 300 300 300 300 300 300 300 300 300 300 300 299.999 299.281 299.28 299.28 299.28 299.28 299.28 299.28 299.28 299.28 299.28 299.28 299.28 299.28 299.28 299.28 299.28 299.28 299.28 299.28 299.28 299.28 299.28 299.28 299.28 299.28 299.28 299.28 299.28 299.28 299.28 
300.729 300.729 300.729 300.729 300.729 300.729 300.729 300.729 300.729 300.729 300.729 300.729 300.729 300.729 300.729 300.729 300.729 300.729 300.729 300.729 300.729 300.729 300.729 300.729 300.729 300.729 300.729 300.729 300.729 300.729 300.727 300.001 300 300 300 300 300 300 300 300 300 300 300 300 300 300 300 300 300 300 300 300 300 300 300 300 300 300 300 300 300 300 300 300 300 300 300 300 300 299.999 299.272 299.271 299.271 299.271 299.271 299.271 299.271 299.271 299.271 299.271 299.271 299.271 299.271 299.271 299.271 299.271 299.271 299.271 299.271 299.271 299.271 299.271 299.271 299.271 299.271 299.271 299.271 299.271 299.271 299.271 
300.737 300.737 300.737 300.737 300.737 300.737 300.737 300.737 300.737 300.737 300.737 300.737 300.737 300.737 300.737 300.737 300.737 300.737 300.737 300.737 300.737 300.737 300.737 300.737 300.737 300.737 300.737 300.737 300.737 300.737 300.736 300.001 300 300 300 300 300 300 300 300 300 300 300 300 300 300 300 300 300 300 300 300 300 300 300 300 300 300 300 300 300 300 300 300 300 300 300 300 300 299.999 299.264 299.263 299.263 299.263 299.263 299.263 299.263 299.263 299.263 299.263 299.263 299.263 299.263 299.263 299.263 299.263 299.263 299.263 299.263 299.263 299.263 299.263 299.263 299.263 299.263 299.263 299.263 299.263 299.263 299.263 
300.745 300.745 300.745 300.745 300.745 300.745 300.745 300.745 300.745 300.745 300.745 300.745 300.745 300.745 300.745 300.745 300.745 300.745 300.745 300.745 300.745 300.745 300.745 300.745 300.745 300.745 300.745 300.745 300.745 300.745 300.744 300.001 300 300 300 300 300 300 300 300 300 300 300 300 300 300 300 300 300 300 300 300 300 300 300 300 300 300 300 300 300 300 300 300 300 300 300 300 300 299.999 299.256 299.255 299.255 299.255 299.255 299.255 299.255 299.255 299.255 299.255 299.255 299.255 299.255 299.255 299.255 299.255 299.255 299.255 299.255 299.255 299.255 299.255 299.255 299.255 299.255 299.255 299.255 299.255 299.255 299.255 
300.753 300.753 300.753 300.753 300.753 300.753 300.753 300.753 300.753 300.753 300.753 300.753 300.753 300.753 300.753 300.753 300.753 300.753 300.753 300.753 300.753 300.753 300.753 300.753 300.753 300.753 300.753 300.753 300.753 300.753 300.752 300.001 300 300 300 300 300 300 300 300 300 300 300 300 300 300 300 300 300 300 300 300 300 300 300 300 300 300 300 300 300 300 300 300 300 300 300 300 300 299.999 299.248 299.247 299.247 299.247 299.247 299.247 299.247 299.247 299.247 299.247 299.247 299.247 299.247 299.247 299.247 299.247 299.247 299.247 299.247 299.247 299.247 299.247 299.247 299.247 299.247 299.247 299.247 299.247 299.247 299.247 
300.762 300.762 300.762 300.762 300.762 300.762 300.762 300.762 300.762 300.762 300.762 300.762 300.762 300.762 300.762 300.762 300.762 300.762 300.762 300.762 300.762 300.762 300.762 300.762 300.762 300.762 300.762 300.762 300.762 300.762 300.76 300.001 300 300 300 300 300 300 300 300 300 300 300 300 300 300 300 300 300 300 300 300 300 300 300 300 300 300 300 300 300 300 300 300 300 300 300 300 300 299.999 299.239 299.238 299.238 299.238 299.238 299.238 299.238 299.238 299.238 299.238 299.238 299.238 299.238 299.238 299.238 299.238 299.238 299.238 299.238 299.238 299.238 299.238 299.238 299.238 299.238 299.238 299.238 299.238 299.238 299.238 
300.77 300.77 300.77 300.77 300.77 300.77 300.77 300.77 300.77 300.77 300.77 300.77 300.77 300.77 300.77 300.77 300.77 300.77 300.77 300.77 300.77 300.77 300.77 300.77 300.77 300.77 300.77 300.77 300.77 300.77 300.769 300.001 300 300 300 300 300 300 300 300 300 300 300 300 300 300 300 300 300 300 300 300 300 300 300 300 300 300 300 300 300 300 300 300 300 300 300 300 300 299.999 299.231 299.23 299.23 299.23 299.23 299.23 299.23 299.23 299.23 299.23 299.23 299.23 299.23 299.23 299.23 299.23 299.23 299.23 299.23 299.23 299.23 299.23 299.23 299.23 299.23 299.23 299.23 299.23 299.23 299.23 
300.778 300.778 300.778 300.778 300.778 300.778 300.778 300.778 300.778 300.778 300.778 300.778 300.778 300.778 300.778 300.778 300.778 300.778 300.778 300.778 300.778 300.778 300.778 300.778 300.778 300.778 300.778 300.778 300.778 300.778 300.777 300.001 300 300 300 300 300 300 300 300 300 300 300 300 300 300 300 300 300 300 300 300 300 300 300 300 300 300 300 300 300 300 300 300 300 300 300 300 300 299.999 299.223 299.222 299.222 299.222 299.222 299.222 299.222 299.222 299.222 299.222 299.222 299.222 299.222 299.222 299.222 299.222 299.222 299.222 299.222 299.222 299.222 299.222 299.222 299.222 299.222 299.222 299.222 299.222 299.222 299.222 
300.786 300.786 300.786 300.786 300.786 300.786 300.786 300.786 300.786 300.786 300.786 300.786 300.786 300.786 300.786 300.786 300.786 300.786 300.786 300.786 300.786 300.786 300.786 300.786 300.786 300.786 300.786 300.786 300.786 300.786 300.785 300.001 300 300 300 300 300 300 300 300 300 300 300 300 300 300 300 300 300 300 300 300 300 300 300 300 300 300 300 300 300 300 300 300 300 300 300 300 300 299.999 299.215 299.213 299.213 299.213 299.213 299.213 299.213 299.213 299.213 299.213 299.213 299.213 299.213 299.213 299.213 299.213 299.213 299.213 299.213 299.213 299.213 299.213 299.213 299.213 299.213 299.213 299.213 299.213 299.213 299.213 
300.795 300.795 300.795 300.795 300.795 300.795 300.795 300.795 300.795 300.795 300.795 300.795 300.795 300.795 300.795 300.795 300.795 300.795 300.795 300.795 300.795 300.795 300.795 300.795 300.795 300.795 300.795 300.795 300.795 300.795 300.793 300.001 300 300 300 300 300 300 300 300 300 300 300 300 300 300 300 300 300 300 300 300 300 300 300 300 300 300 300 300 300 300 300 300 300 300 300 300 300 299.999 299.206 299.205 299.205 299.205 299.205 299.205 299.205 299.205 299.205 299.205 299.205 299.205 299.205 299.205 299.205 299.205 299.205 299.205 299.205 299.205 299.205 299.205 299.205 299.205 299.205 299.205 299.205 299.205 299.205 299.205 
300.803 300.803 300.803 300.803 300.803 300.803 300.803 300.803 300.803 300.803 300.803 300.803 300.803 300.803 300.803 300.803 300.803 300.803 300.803 300.803 300.803 300.803 300.803 300.803 300.803 300.803 300.803 300.803 300.803 300.803 300.802 300.001 300 300 300 300 300 300 300 300 300 300 300 300 300 300 300 300 300 300 300 300 300 300 300 300 300 300 300 300 300 300 300 300 300 300 300 300 300 299.999 299.198 299.197 299.197 299.197 299.197 299.197 299.197 299.197 299.197 299.197 299.197 299.197 299.197 299.197 299.197 299.197 299.197 299.197 299.197 299.197 299.197 299.197 299.197 299.197 299.197 299.197 299.197 299.197 299.197 299.197 
300.811 300.811 300.811 300.811 300.811 300.811 300.811 300.811 300.811 300.811 300.811 300.811 300.811 300.811 300.811 300.811 300.811 300.811 300.811 300.811 300.811 300.811 300.811 300.811 300.811 300.811 300.811 300.811 300.811 300.811 300.81 300.001 300 300 300 300 300 300 300 300 300 300 300 300 300 300 300 300 300 300 300 300 300 300 300 300 300 300 300 300 300 300 300 300 300 300 300 300 300 299.999 299.19 299.189 299.189 299.189 299.189 299.189 299.189 299.189 299.189 299.189 299.189 299.189 299.189 299.189 299.189 299.189 299.189 299.189 299.189 299.189 299.189 299.189 299.189 299.189 299.189 299.189 299.189 299.189 299.189 299.189 
300.82 300.82 300.82 300.82 300.82 300.82 300.82 300.82 300.82 300.82 300.82 300.82 300.82 300.82 300.82 300.82 300.82 300.82 300.82 300.82 300.82 300.82 300.82 300.82 300.82 300.82 300.82 300.82 300.82 300.82 300.818 300.001 300 300 300 300 300 300 300 300 300 300 300 300 300 300 300 300 300 300 300 300 300 300 300 300 300 300 300 300 300 300 300 300 300 300 300 300 300 299.999 299.182 299.18 299.18 299.18 299.18 299.18 299.18 299.18 299.18 299.18 299.18 299.18 299.18 299.18 299.18 299.18 299.18 299.18 299.18 299.18 299.18 299.18 299.18 299.18 299.18 299.18 299.18 299.18 299.18 299.18 
300.828 300.828 300.828 300.828 300.828 300.828 300.828 300.828 300.828 300.828 300.828 300.828 300.828 300.828 300.828 300.828 300.828 300.828 300.828 300.828 300.828 300.828 300.828 300.828 300.828 300.828 300.828 300.828 300.828 300.828 300.826 300.001 300 300 300 300 300 300 300 300 300 300 300 300 300 300 300 300 300 300 300 300 300 300 300 300 300 300 300 300 300 300 300 300 300 300 300 300 300 299.999 299.173 299.172 299.172 299.172 299.172 299.172 299.172 299.172 299.172 299.172 299.172 299.172 299.172 299.172 299.172 299.172 299.172 299.172 299.172 299.172 299.172 299.172 299.172 299.172 299.172 299.172 299.172 299.172 299.172 299.172 
300.836 300.836 300.836 300.836 300.836 300.836 300.836 300.836 300.836 300.836 300.836 300.836 300.836 300.836 300.836 300.836 300.836 300.836 300.836 300.836 300.836 300.836 300.836 300.836 300.836 300.836 300.836 300.836 300.836 300.836 300.835 300.001 300 300 300 300 300 300 300 300 300 300 300 300 300 300 300 300 300 300 300 300 300 300 300 300 300 300 300 300 300 300 300 300 300 300 300 300 300 299.999 299.165 299.164 299.164 299.164 299.164 299.164 299.164 299.164 299.164 299.164 299.164 299.164 299.164 299.164 299.164 299.164 299.164 299.164 299.164 299.164 299.164 299.164 299.164 299.164 299.164 299.164 299.164 299.164 299.164 299.164 
300.844 300.844 300.844 300.844 300.844 300.844 300.844 300.844 300.844 300.844 300.844 300.844 300.844 300.844 300.844 300.844 300.844 300.844 300.844 300.844 300.844 300.844 300.844 300.844 300.844 300.844 300.844 300.844 300.844 300.844 300.843 300.001 300 300 300 300 300 300 300 300 300 300 300 300 300 300 300 300 300 300 300 300 300 300 300 300 300 300 300 300 300 300 300 300 300 300 300 300 300 299.999 299.157 299.156 299.156 299.156 299.156 299.156 299.156 299.156 299.156 299.156 299.156 299.156 299.156 299.156 299.156 299.156 299.156 299.156 299.156 299.156 299.156 299.156 299.156 299.156 299.156 299.156 299.156 299.156 299.156 299.156 
300.853 300.853 300.853 300.853 300.853 300.853 300.853 300.853 300.853 300.853 300.853 300.853 300.853 300.853 300.853 300.853 300.853 300.853 300.853 300.853 300.853 300.853 300.853 300.853 300.853 300.853 300.853 300.853 300.853 300.853 300.851 300.001 300 300 300 300 300 300 300 300 300 300 300 300 300 300 300 300 300 300 300 300 300 300 300 300 300 300 300 300 300 300 300 300 300 300 300 300 300 299.999 299.149 299.147 299.147 299.147 299.147 299.147 299.147 299.147 299.147 299.147 299.147 299.147 299.147 299.147 299.147 299.147 299.147 299.147 299.147 299.147 299.147 299.147 299.147 299.147 299.147 299.147 299.147 299.147 299.147 299.147 
300.861 300.861 300.861 300.861 300.861 300.861 300.861 300.861 300.861 300.861 300.861 300.861 300.861 300.861 300.861 300.861 300.861 300.861 300.861 300.861 300.861 300.861 300.861 300.861 300.861 300.861 300.861 300.861 300.861 300.861 300.86 300.001 300 300 300 300 300 300 300 300 300 300 300 300 300 300 300 300 300 300 300 300 300 300 300 300 300 300 300 300 300 300 300 300 300 300 300 300 300 299.999 299.14 299.139 299.139 299.139 299.139 299.139 299.139 299.139 299.139 299.139 299.139 299.139 299.139 299.139 299.139 299.139 299.139 299.139 299.139 299.139 299.139 299.139 299.139 299.139 299.139 299.139 299.139 299.139 299.139 299.139 
300.869 300.869 300.869 300.869 300.869 300.869 300.869 300.869 300.869 300.869 300.869 300.869 300.869 300.869 300.869 300.869 300.869 300.869 300.869 300.869 300.869 300.869 300.869 300.869 300.869 300.869 300.869 300.869 300.869 300.869 300.868 300.001 300 300 300 300 300 300 300 300 300 300 300 300 300 300 300 300 300 300 300 300 300 300 300 300 300 300 300 300 300 300 300 300 300 300 300 300 300 299.999 299.132 299.131 299.131 299.131 299.131 299.131 299.131 299.131 299.131 299.131 299.131 299.131 299.131 299.131 299.131 299.131 299.131 299.131 299.131 299.131 299.131 299.131 299.131 299.131 299.131 299.131 299.131 299.131 299.131 299.131 
300.878 300.878 300.878 300.878 300.878 300.878 300.878 300.878 300.878 300.878 300.878 300.878 300.878 300.878 300.878 300.878 300.878 300.878 300.878 300.878 300.878 300.878 300.878 300.878 300.878 300.878 300.878 300.878 300.878 300.878 300.876 300.002 300 300 300 300 300 300 300 300 300 300 300 300 300 300 300 300 300 300 300 300 300 300 300 300 300 300 300 300 300 300 300 300 300 300 300 300 300 299.998 299.124 299.122 299.122 299.122 299.122 299.122 299.122 299.122 299.122 299.122 299.122 299.122 299.122 299.122 299.122 299.122 299.122 299.122 299.122 299.122 299.122 299.122 299.122 299.122 299.122 299.122 299.122 299.122 299.122 299.122 
300.886 300.886 300.886 300.886 300.886 300.886 300.886 300.886 300.886 300.886 300.886 300.886 300.886 300.886 300.886 300.886 300.886 300.886 300.886 300.886 300.886 300.886 300.886 300.886 300.886 300.886 300.886 300.886 300.886 300.886 300.884 300.002 300 300 300 300 300 300 300 300 300 300 300 300 300 300 300 300 300 300 300 300 300 300 300 300 300 300 300 300 300 300 300 300 300 300 300 300 300 299.998 299.116 299.114 299.114 299.114 299.114 299.114 299.114 299.114 299.114 299.114 299.114 299.114 299.114 299.114 299.114 299.114 299.114 299.114 299.114 299.114 299.114 299.114 299.114 299.114 299.114 299.114 299.114 299.114 299.114 299.114 
300.894 300.894 300.894 300.894 300.894 300.894 300.894 300.894 300.894 300.894 300.894 300.894 300.894 300.894 300.894 300.894 300.894 300.894 300.894 300.894 300.894 300.894 300.894 300.894 300.894 300.894 300.894 300.894 300.894 300.894 300.892 300.002 300 300 300 300 300 300 300 300 300 300 300 300 300 300 300 300 300 300 300 300 300 300 300 300 300 300 300 300 300 300 300 300 300 300 300 300 300 299.998 299.107 299.106 299.106 299.106 299.106 299.106 299.106 299.106 299.106 299.106 299.106 299.106 299.106 299.106 299.106 299.106 299.106 299.106 299.106 299.106 299.106 299.106 299.106 299.106 299.106 299.106 299.106 299.106 299.106 299.106 
300.902 300.902 300.902 300.902 300.902 300.902 300.902 300.902 300.902 300.902 300.902 300.902 300.902 300.902 300.902 300.902 300.902 300.902 300.902 300.902 300.902 300.902 300.902 300.902 300.902 300.902 300.902 300.902 300.902 300.902 300.901 300.002 300 300 300 300 300 300 300 300 300 300 300 300 300 300 300 300 300 300 300 300 300 300 300 300 300 300 300 300 300 300 300 300 300 300 300 300 300 299.998 299.099 299.098 299.098 299.098 299.098 299.098 299.098 299.098 299.098 299.098 299.098 299.098 299.098 299.098 299.098 299.098 299.098 299.098 299.098 299.098 299.098 299.098 299.098 299.098 299.098 299.098 299.098 299.098 299.098 299.098 
300.911 300.911 300.911 300.911 300.911 300.911 300.911 300.911 300.911 300.911 300.911 300.911 300.911 300.911 300.911 300.911 300.911 300.911 300.911 300.911 300.911 300.911 300.911 300.911 300.911 300.911 300.911 300.911 300.911 300.911 300.909 300.002 300 300 300 300 300 300 300 300 300 300 300 300 300 300 300 300 300 300 300 300 300 300 300 300 300 300 300 300 300 300 300 300 300 300 300 300 300 299.998 299.091 299.089 299.089 299.089 299.089 299.089 299.089 299.089 299.089 299.089 299.089 299.089 299.089 299.089 299.089 299.089 299.089 299.089 299.089 299.089 299.089 299.089 299.089 299.089 299.089 299.089 299.089 299.089 299.089 299.089 
300.919 300.919 300.919 300.919 300.919 300.919 300.919 300.919 300.919 300.919 300.919 300.919 300.919 300.919 300.919 300.919 300.919 300.919 300.919 300.919 300.919 300.919 300.919 300.919 300.919 300.919 300.919 300.919 300.919 300.919 300.917 300.002 300 300 300 300 300 300 300 300 300 300 300 300 300 300 300 300 300 300 300 300 300 300 300 300 300 300 300 300 300 300 300 300 300 300 300 300 300 299.998 299.083 299.081 299.081 299.081 299.081 299.081 299.081 299.081 299.081 299.081 299.081 299.081 299.081 299.081 299.081 299.081 299.081 299.081 299.081 299.081 299.081 299.081 299.081 299.081 299.081 299.081 299.081 299.081 299.081 299.081 
300.927 300.927 300.927 300.927 300.927 300.927 300.927 300.927 300.927 300.927 300.927 300.927 300.927 300.927 300.927 300.927 300.927 300.927 300.927 300.927 300.927 300.927 300.927 300.927 300.927 300.927 300.927 300.927 300.927 300.927 300.925 300.002 300 300 300 300 300 300 300 300 300 300 300 300 300 300 300 300 300 300 300 300 300 300 300 300 300 300 300 300 300 300 300 300 300 300 300 300 300 299.998 299.074 299.073 299.073 299.073 299.073 299.073 299.073 299.073 299.073 299.073 299.073 299.073 299.073 299.073 299.073 299.073 299.073 299.073 299.073 299.073 299.073 299.073 299.073 299.073 299.073 299.073 299.073 299.073 299.073 299.073 
300.935 300.935 300.935 300.935 300.935 300.935 300.935 300.935 300.935 300.935 300.935 300.935 300.935 300.935 300.935 300.935 300.935 300.935 300.935 300.935 300.935 300.935 300.935 300.935 300.935 300.935 300.935 300.935 300.935 300.935 300.934 300.002 300 300 300 300 300 300 300 300 300 300 300 300 300 300 300 300 300 300 300 300 300 300 300 300 300 300 300 300 300 300 300 300 300 300 300 300 300 299.998 299.066 299.064 299.064 299.064 299.064 299.064 299.064 299.064 299.064 299.064 299.064 299.064 299.064 299.064 299.064 299.064 299.064 299.064 299.064 299.064 299.064 299.064 299.064 299.064 299.064 299.064 299.064 299.064 299.064 299.064 
300.944 300.944 300.944 300.944 300.944 300.944 300.944 300.944 300.944 300.944 300.944 300.944 300.944 300.944 300.944 300.944 300.944 300.944 300.944 300.944 300.944 300.944 300.944 300.944 300.944 300.944 300.944 300.944 300.944 300.944 300.942 300.002 300 300 300 300 300 300 300 300 300 300 300 300 300 300 300 300 300 300 300 300 300 300 300 300 300 300 300 300 300 300 300 300 300 300 300 300 300 299.998 299.058 299.056 299.056 299.056 299.056 299.056 299.056 299.056 299.056 299.056 299.056 299.056 299.056 299.056 299.056 299.056 299.056 299.056 299.056 299.056 299.056 299.056 299.056 299.056 299.056 299.056 299.056 299.056 299.056 299.056 
300.952 300.952 300.952 300.952 300.952 300.952 300.952 300.952 300.952 300.952 300.952 300.952 300.952 300.952 300.952 300.952 300.952 300.952 300.952 300.952 300.952 300.952 300.952 300.952 300.952 300.952 300.952 300.952 300.952 300.952 300.95 300.002 300 300 300 300 300 300 300 300 300 300 300 300 300 300 300 300 300 300 300 300 300 300 300 300 300 300 300 300 300 300 300 300 300 300 300 300 300 299.998 299.05 299.048 299.048 299.048 299.048 299.048 299.048 299.048 299.048 299.048 299.048 299.048 299.048 299.048 299.048 299.048 299.048 299.048 299.048 299.048 299.048 299.048 299.048 299.048 299.048 299.048 299.048 299.048 299.048 299.048 
300.96 300.96 300.96 300.96 300.96 300.96 300.96 300.96 300.96 300.96 300.96 300.96 300.96 300.96 300.96 300.96 300.96 300.96 300.96 300.96 300.96 300.96 300.96 300.96 300.96 300.96 300.96 300.96 300.96 300.96 300.958 300.002 300 300 300 300 300 300 300 300 300 300 300 300 300 300 300 300 300 300 300 300 300 300 300 300 300 300 300 300 300 300 300 300 300 300 300 300 300 299.998 299.041 299.04 299.04 299.04 299.04 299.04 299.04 299.04 299.04 299.04 299.04 299.04 299.04 299.04 299.04 299.04 299.04 299.04 299.04 299.04 299.04 299.04 299.04 299.04 299.04 299.04 299.04 299.04 299.04 299.04 
300.969 300.969 300.969 300.969 300.969 300.969 300.969 300.969 300.969 300.969 300.969 300.969 300.969 300.969 300.969 300.969 300.969 300.969 300.969 300.969 300.969 300.969 300.969 300.969 300.969 300.969 300.969 300.969 300.969 300.969 300.967 300.002 300 300 300 300 300 300 300 300 300 300 300 300 300 300 300 300 300 300 300 300 300 300 300 300 300 300 300 300 300 300 300 300 300 300 300 300 300 299.998 299.033 299.031 299.031 299.031 299.031 299.031 299.031 299.031 299.031 299.031 299.031 299.031 299.031 299.031 299.031 299.031 299.031 299.031 299.031 299.031 299.031 299.031 299.031 299.031 299.031 299.031 299.031 299.031 299.031 299.031 
300.977 300.977 300.977 300.977 300.977 300.977 300.977 300.977 300.977 300.977 300.977 300.977 300.977 300.977 300.977 300.977 300.977 300.977 300.977 300.977 300.977 300.977 300.977 300.977 300.977 300.977 300.977 300.977 300.977 300.977 300.975 300.002 300 300 300 300 300 300 300 300 300 300 300 300 300 300 300 300 300 300 300 300 300 300 300 300 300 300 300 300 300 300 300 300 300 300 300 300 300 299.998 299.025 299.023 299.023 299.023 299.023 299.023 299.023 299.023 299.023 299.023 299.023 299.023 299.023 299.023 299.023 299.023 299.023 299.023 299.023 299.023 299.023 299.023 299.023 299.023 299.023 299.023 299.023 299.023 299.023 299.023 
300.985 300.985 300.985 300.985 300.985 300.985 300.985 300.985 300.985 300.985 300.985 300.985 300.985 300.985 300.985 300.985 300.985 300.985 300.985 300.985 300.985 300.985 300.985 300.985 300.985 300.985 300.985 300.985 300.985 300.985 300.983 300.002 300 300 300 300 300 300 300 300 300 300 300 300 300 300 300 300 300 300 300 300 300 300 300 300 300 300 300 300 300 300 300 300 300 300 300 300 300 299.998 299.017 299.015 299.015 299.015 299.015 299.015 299.015 299.015 299.015 299.015 299.015 299.015 299.015 299.015 299.015 299.015 299.015 299.015 299.015 299.015 299.015 299.015 299.015 299.015 299.015 299.015 299.015 299.015 299.015 299.015 
300.993 300.993 300.993 300.993 300.993 300.993 300.993 300.993 300.993 300.993 300.993 300.993 300.993 300.993 300.993 300.993 300.993 300.993 300.993 300.993 300.993 300.993 300.993 300.993 300.993 300.993 300.993 300.993 300.993 300.993 300.991 300.002 300 300 300 300 300 300 300 300 300 300 300 300 300 300 300 300 300 300 300 300 300 300 300 300 300 300 300 300 300 300 300 300 300 300 300 300 300 299.998 299.008 299.007 299.007 299.007 299.007 299.007 299.007 299.007 299.007 299.007 299.007 299.007 299.007 299.007 299.007 299.007 299.007 299.007 299.007 299.007 299.007 299.007 299.007 299.007 299.007 299.007 299.007 299.007 299.007 299.007 
301.002 301.002 301.002 301.002 301.002 301.002 301.002 301.002 301.002 301.002 301.002 301.002 301.002 301.002 301.002 301.002 301.002 301.002 301.002 301.002 301.002 301.002 301.002 301.002 301.002 301.002 301.002 301.002 301.002 301.002 301 300.002 300 300 300 300 300 300 300 300 300 300 300 300 300 300 300 300 300 300 300 300 300 300 300 300 300 300 300 300 300 300 300 300 300 300 300 300 300 299.998 299 298.998 298.998 298.998 298.998 298.998 298.998 298.998 298.998 298.998 298.998 298.998 298.998 298.998 298.998 298.998 298.998 298.998 298.998 298.998 298.998 298.998 298.998 298.998 298.998 298.998 298.998 298.998 298.998 298.998 
301.01 301.01 301.01 301.01 301.01 301.01 301.01 301.01 301.01 301.01 301.01 301.01 301.01 301.01 301.01 301.01 301.01 301.01 301.01 301.01 301.01 301.01 301.01 301.01 301.01 301.01 301.01 301.01 301.01 301.01 301.008 300.002 300 300 300 300 300 300 300 300 300 300 300 300 300 300 300 300 300 300 300 300 300 300 300 300 300 300 300 300 300 300 300 300 300 300 300 300 300 299.998 298.992 298.99 298.99 298.99 298.99 298.99 298.99 298.99 298.99 298.99 298.99 298.99 298.99 298.99 298.99 298.99 298.99 298.99 298.99 298.99 298.99 298.99 298.99 298.99 298.99 298.99 298.99 298.99 298.99 298.99 
301.018 301.018 301.018 301.018 301.018 301.018 301.018 301.018 301.018 301.018 301.018 301.018 301.018 301.018 301.018 301.018 301.018 301.018 301.018 301.018 301.018 301.018 301.018 301.018 301.018 301.018 301.018 301.018 301.018 301.018 301.016 300.002 300 300 300 300 300 300 300 300 300 300 300 300 300 300 300 300 300 300 300 300 300 300 300 300 300 300 300 300 300 300 300 300 300 300 300 300 300 299.998 298.984 298.982 298.982 298.982 298.982 298.982 298.982 298.982 298.982 298.982 298.982 298.982 298.982 298.982 298.982 298.982 298.982 298.982 298.982 298.982 298.982 298.982 298.982 298.982 298.982 298.982 298.982 298.982 298.982 298.982 
301.027 301.027 301.027 301.027 301.027 301.027 301.027 301.027 301.027 301.027 301.027 301.027 301.027 301.027 301.027 301.027 301.027 301.027 301.027 301.027 301.027 301.027 301.027 301.027 301.027 301.027 301.027 301.027 301.027 301.026 301.024 300.002 300 300 300 300 300 300 300 300 300 300 300 300 300 300 300 300 300 300 300 300 300 300 300 300 300 300 300 300 300 300 300 300 300 300 300 300 300 299.998 298.975 298.973 298.973 298.973 298.973 298.973 298.973 298.973 298.973 298.973 298.973 298.973 298.973 298.973 298.973 298.973 298.973 298.973 298.973 298.973 298.973 298.973 298.973 298.973 298.973 298.973 298.973 298.973 298.973 298.973 
301.035 301.035 301.035 301.035 301.035 301.035 301.035 301.035 301.035 301.035 301.035 301.035 301.035 301.035 301.035 301.035 301.035 301.035 301.035 301.035 301.035 301.035 301.035 301.035 301.035 301.035 301.035 301.035 301.035 301.035 301.033 300.002 300 300 300 300 300 300 300 300 300 300 300 300 300 300 300 300 300 300 300 300 300 300 300 300 300 300 300 300 300 300 300 300 300 300 300 300 300 299.998 298.967 298.965 298.965 298.965 298.965 298.965 298.965 298.965 298.965 298.965 298.965 298.965 298.965 298.965 298.965 298.965 298.965 298.965 298.965 298.965 298.965 298.965 298.965 298.965 298.965 298.965 298.965 298.965 298.965 298.965 
301.043 301.043 301.043 301.043 301.043 301.043 301.043 301.043 301.043 301.043 301.043 301.043 301.043 301.043 301.043 301.043 301.043 301.043 301.043 301.043 301.043 301.043 301.043 301.043 301.043 301.043 301.043 301.043 301.043 301.043 301.041 300.002 300 300 300 300 300 300 300 300 300 300 300 300 300 300 300 300 300 300 300 300 300 300 300 300 300 300 300 300 300 300 300 300 300 300 300 300 300 299.998 298.959 298.957 298.957 298.957 298.957 298.957 298.957 298.957 298.957 298.957 298.957 298.957 298.957 298.957 298.957 298.957 298.957 298.957 298.957 298.957 298.957 298.957 298.957 298.957 298.957 298.957 298.957 298.957 298.957 298.957 
301.051 301.051 301.051 301.051 301.051 301.051 301.051 301.051 301.051 301.051 301.051 301.051 301.051 301.051 301.051 301.051 301.051 301.051 301.051 301.051 301.051 301.051 301.051 301.051 301.051 301.051 301.051 301.051 301.051 301.051 301.049 300.002 300 300 300 300 300 300 300 300 300 300 300 300 300 300 300 300 300 300 300 300 300 300 300 300 300 300 300 300 300 300 300 300 300 300 300 300 300 299.998 298.951 298.949 298.949 298.949 298.949 298.949 298.949 298.949 298.949 298.949 298.949 298.949 298.949 298.949 298.949 298.949 298.949 298.949 298.949 298.949 298.949 298.949 298.949 298.949 298.949 298.949 298.949 298.949 298.949 298.949 
301.06 301.06 301.06 301.06 301.06 301.06 301.06 301.06 301.06 301.06 301.06 301.06 301.06 301.06 301.06 301.06 301.06 301.06 301.06 301.06 301.06 301.06 301.06 301.06 301.06 301.06 301.06 301.06 301.06 301.06 301.057 300.002 300 300 300 300 300 300 300 300 300 300 300 300 300 300 300 300 300 300 300 300 300 300 300 300 300 300 300 300 300 300 300 300 300 300 300 300 300 299.998 298.942 298.94 298.94 298.94 298.94 298.94 298.94 298.94 298.94 298.94 298.94 298.94 298.94 298.94 298.94 298.94 298.94 298.94 298.94 298.94 298.94 298.94 298.94 298.94 298.94 298.94 298.94 298.94 298.94 298.94 
301.068 301.068 301.068 301.068 301.068 301.068 301.068 301.068 301.068 301.068 301.068 301.068 301.068 301.068 301.068 301.068 301.068 301.068 301.068 301.068 301.068 301.068 301.068 301.068 301.068 301.068 301.068 301.068 301.068 301.068 301.066 300.002 300 300 300 300 300 300 300 300 300 300 300 300 300 300 300 300 300 300 300 300 300 300 300 300 300 300 300 300 300 300 300 300 300 300 300 300 300 299.998 298.934 298.932 298.932 298.932 298.932 298.932 298.932 298.932 298.932 298.932 298.932 298.932 298.932 298.932 298.932 298.932 298.932 298.932 298.932 298.932 298.932 298.932 298.932 298.932 298.932 298.932 298.932 298.932 298.932 298.932 
301.076 301.076 301.076 301.076 301.076 301.076 301.076 301.076 301.076 301.076 301.076 301.076 301.076 301.076 301.076 301.076 301.076 301.076 301.076 301.076 301.076 301.076 301.076 301.076 301.076 301.076 301.076 301.076 301.076 301.076 301.074 300.002 300 300 300 300 300 300 300 300 300 300 300 300 300 300 300 300 300 300 300 300 300 300 300 300 300 300 300 300 300 300 300 300 300 300 300 300 300 299.998 298.926 298.924 298.924 298.924 298.924 298.924 298.924 298.924 298.924 298.924 298.924 298.924 298.924 298.924 298.924 298.924 298.924 298.924 298.924 298.924 298.924 298.924 298.924 298.924 298.924 298.924 298.924 298.924 298.924 298.924 
301.084 301.084 301.084 301.084 301.084 301.084 301.084 301.084 301.084 301.084 301.084 301.084 301.084 301.084 301.084 301.084 301.084 301.084 301.084 301.084 301.084 301.084 301.084 301.084 301.084 301.084 301.084 301.084 301.084 301.084 301.082 300.002 300 300 300 300 300 300 300 300 300 300 300 300 300 300 300 300 300 300 300 300 300 300 300 300 300 300 300 300 300 300 300 300 300 300 300 300 300 299.998 298.918 298.915 298.915 298.915 298.915 298.915 298.915 298.915 298.915 298.915 298.915 298.915 298.915 298.915 298.915 298.915 298.915 298.915 298.915 298.915 298.915 298.915 298.915 298.915 298.915 298.915 298.915 298.915 298.915 298.915 
301.093 301.093 301.093 301.093 301.093 301.093 301.093 301.093 301.093 301.093 301.093 301.093 301.093 301.093 301.093 301.093 301.093 301.093 301.093 301.093 301.093 301.093 301.093 301.093 301.093 301.093 301.093 301.093 301.093 301.093 301.09 300.002 300 300 300 300 300 300 300 300 300 300 300 300 300 300 300 300 300 300 300 300 300 300 300 300 300 300 300 300 300 300 300 300 300 300 300 300 300 299.998 298.91 298.907 298.907 298.907 298.907 298.907 298.907 298.907 298.907 298.907 298.907 298.907 298.907 298.907 298.907 298.907 298.907 298.907 298.907 298.907 298.907 298.907 298.907 298.907 298.907 298.907 298.907 298.907 298.907 298.907 
301.101 301.101 301.101 301.101 301.101 301.101 301.101 301.101 301.101 301.101 301.101 301.101 301.101 301.101 301.101 301.101 301.101 301.101 301.101 301.101 301.101 301.101 301.101 301.101 301.101 301.101 301.101 301.101 301.101 301.101 301.099 300.002 300 300 300 300 300 300 300 300 300 300 300 300 300 300 300 300 300 300 300 300 300 300 300 300 300 300 300 300 300 300 300 300 300 300 300 300 300 299.998 298.901 298.899 298.899 298.899 298.899 298.899 298.899 298.899 298.899 298.899 298.899 298.899 298.899 298.899 298.899 298.899 298.899 298.899 298.899 298.899 298.899 298.899 298.899 298.899 298.899 298.899 298.899 298.899 298.899 298.899 
301.109 301.109 301.109 301.109 301.109 301.109 301.109 301.109 301.109 301.109 301.109 301.109 301.109 301.109 301.109 301.109 301.109 301.109 301.109 301.109 301.109 301.109 301.109 301.109 301.109 301.109 301.109 301.109 301.109 301.109 301.107 300.002 300 300 300 300 300 300 300 300 300 300 300 300 300 300 300 300 300 300 300 300 300 300 300 300 300 300 300 300 300 300 300 300 300 300 300 300 300 299.998 298.893 298.891 298.891 298.891 298.891 298.891 298.891 298.891 298.891 298.891 298.891 298.891 298.891 298.891 298.891 298.891 298.891 298.891 298.891 298.891 298.891 298.891 298.891 298.891 298.891 298.891 298.891 298.891 298.891 298.891 
301.118 301.118 301.118 301.118 301.118 301.118 301.118 301.118 301.118 301.118 301.118 301.118 301.118 301.118 301.118 301.118 301.118 301.118 301.118 301.118 301.118 301.118 301.118 301.118 301.118 301.118 301.118 301.118 301.118 301.118 301.115 300.002 300 300 300 300 300 300 300 300 300 300 300 300 300 300 300 300 300 300 300 300 300 300 300 300 300 300 300 300 300 300 300 300 300 300 300 300 300 299.998 298.885 298.882 298.882 298.882 298.882 298.882 298.882 298.882 298.882 298.882 298.882 298.882 298.882 298.882 298.882 298.882 298.882 298.882 298.882 298.882 298.882 298.882 298.882 298.882 298.882 298.882 298.882 298.882 298.882 298.882 
301.126 301.126 301.126 301.126 301.126 301.126 301.126 301.126 301.126 301.126 301.126 301.126 301.126 301.126 301.126 301.126 301.126 301.126 301.126 301.126 301.126 301.126 301.126 301.126 301.126 301.126 301.126 301.126 301.126 301.126 301.123 300.002 300 300 300 300 300 300 300 300 300 300 300 300 300 300 300 300 300 300 300 300 300 300 300 300 300 300 300 300 300 300 300 300 300 300 300 300 300 299.998 298.877 298.874 298.874 298.874 298.874 298.874 298.874 298.874 298.874 298.874 298.874 298.874 298.874 298.874 298.874 298.874 298.874 298.874 298.874 298.874 298.874 298.874 298.874 298.874 298.874 298.874 298.874 298.874 298.874 298.874 
301.134 301.134 301.134 301.134 301.134 301.134 301.134 301.134 301.134 301.134 301.134 301.134 301.134 301.134 301.134 301.134 301.134 301.134 301.134 301.134 301.134 301.134 301.134 301.134 301.134 301.134 301.134 301.134 301.134 301.134 301.132 300.003 300 300 300 300 300 300 300 300 300 300 300 300 300 300 300 300 300 300 300 300 300 300 300 300 300 300 300 300 300 300 300 300 300 300 300 300 300 299.997 298.868 298.866 298.866 298.866 298.866 298.866 298.866 298.866 298.866 298.866 298.866 298.866 298.866 298.866 298.866 298.866 298.866 298.866 298.866 298.866 298.866 298.866 298.866 298.866 298.866 298.866 298.866 298.866 298.866 298.866 
301.142 301.142 301.142 301.142 301.142 301.142 301.142 301.142 301.142 301.142 301.142 301.142 301.142 301.142 301.142 301.142 301.142 301.142 301.142 301.142 301.142 301.142 301.142 301.142 301.142 301.142 301.142 301.142 301.142 301.142 301.14 300.003 300 300 300 300 300 300 300 300 300 300 300 300 300 300 300 300 300 300 300 300 300 300 300 300 300 300 300 300 300 300 300 300 300 300 300 300 300 299.997 298.86 298.858 298.858 298.858 298.858 298.858 298.858 298.858 298.858 298.858 298.858 298.858 298.858 298.858 298.858 298.858 298.858 298.858 298.858 298.858 298.858 298.858 298.858 298.858 298.858 298.858 298.858 298.858 298.858 298.858 
301.151 301.151 301.151 301.151 301.151 301.151 301.151 301.151 301.151 301.151 301.151 301.151 301.151 301.151 301.151 301.151 301.151 301.151 301.151 301.151 301.151 301.151 301.151 301.151 301.151 301.151 301.151 301.151 301.151 301.151 301.148 300.003 300 300 300 300 300 300 300 300 300 300 300 300 300 300 300 300 300 300 300 300 300 300 300 300 300 300 300 300 300 300 300 300 300 300 300 300 300 299.997 298.852 298.849 298.849 298.849 298.849 298.849 298.849 298.849 298.849 298.849 298.849 298.849 298.849 298.849 298.849 298.849 298.849 298.849 298.849 298.849 298.849 298.849 298.849 298.849 298.849 298.849 298.849 298.849 298.849 298.849 
301.159 301.159 301.159 301.159 301.159 301.159 301.159 301.159 301.159 301.159 301.159 301.159 301.159 301.159 301.159 301.159 301.159 301.159 301.159 301.159 301.159 301.159 301.159 301.159 301.159 301.159 301.159 301.159 301.159 301.159 301.156 300.003 300 300 300 300 300 300 300 300 300 300 300 300 300 300 300 300 300 300 300 300 300 300 300 300 300 300 300 300 300 300 300 300 300 300 300 300 300 299.997 298.844 298.841 298.841 298.841 298.841 298.841 298.841 298.841 298.841 298.841 298.841 298.841 298.841 298.841 298.841 298.841 298.841 298.841 298.841 298.841 298.841 298.841 298.841 298.841 298.841 298.841 298.841 298.841 298.841 298.841 
301.167 301.167 301.167 301.167 301.167 301.167 301.167 301.167 301.167 301.167 301.167 301.167 301.167 301.167 301.167 301.167 301.167 301.167 301.167 301.167 301.167 301.167 301.167 301.167 301.167 301.167 301.167 301.167 301.167 301.167 301.165 300.003 300 300 300 300 300 300 300 300 300 300 300 300 300 300 300 300 300 300 300 300 300 300 300 300 300 300 300 300 300 300 300 300 300 300 300 300 300 299.997 298.835 298.833 298.833 298.833 298.833 298.833 298.833 298.833 298.833 298.833 298.833 298.833 298.833 298.833 298.833 298.833 298.833 298.833 298.833 298.833 298.833 298.833 298.833 298.833 298.833 298.833 298.833 298.833 298.833 298.833 
301.175 301.175 301.175 301.175 301.175 301.175 301.175 301.175 301.175 301.175 301.175 301.175 301.175 301.175 301.175 301.175 301.175 301.175 301.175 301.175 301.175 301.175 301.175 301.175 301.175 301.175 301.175 301.175 301.175 301.175 301.173 300.003 300 300 300 300 300 300 300 300 300 300 300 300 300 300 300 300 300 300 300 300 300 300 300 300 300 300 300 300 300 300 300 300 300 300 300 300 300 299.997 298.827 298.824 298.824 298.824 298.824 298.824 298.824 298.824 298.824 298.824 298.824 298.824 298.824 298.824 298.824 298.824 298.824 298.824 298.824 298.824 298.824 298.824 298.824 298.824 298.824 298.824 298.824 298.824 298.824 298.824 
301.184 301.184 301.184 301.184 301.184 301.184 301.184 301.184 301.184 301.184 301.184 301.184 301.184 301.184 301.184 301.184 301.184 301.184 301.184 301.184 301.184 301.184 301.184 301.184 301.184 301.184 301.184 301.184 301.184 301.184 301.181 300.003 300 300 300 300 300 300 300 300 300 300 300 300 300 300 300 300 300 300 300 300 300 300 300 300 300 300 300 300 300 300 300 300 300 300 300 300 300 299.997 298.819 298.816 298.816 298.816 298.816 298.816 298.816 298.816 298.816 298.816 298.816 298.816 298.816 298.816 298.816 298.816 298.816 298.816 298.816 298.816 298.816 298.816 298.816 298.816 298.816 298.816 298.816 298.816 298.816 298.816 
301.192 301.192 301.192 301.192 301.192 301.192 301.192 301.192 301.192 301.192 301.192 301.192 301.192 301.192 301.192 301.192 301.192 301.192 301.192 301.192 301.192 301.192 301.192 301.192 301.192 301.192 301.192 301.192 301.192 301.192 301.189 300.003 300 300 300 300 300 300 300 300 300 300 300 300 300 300 300 300 300 300 300 300 300 300 300 300 300 300 300 300 300 300 300 300 300 300 300 300 300 299.997 298.811 298.808 298.808 298.808 298.808 298.808 298.808 298.808 298.808 298.808 298.808 298.808 298.808 298.808 298.808 298.808 298.808 298.808 298.808 298.808 298.808 298.808 298.808 298.808 298.808 298.808 298.808 298.808 298.808 298.808 
301.2 301.2 301.2 301.2 301.2 301.2 301.2 301.2 301.2 301.2 301.2 301.2 301.2 301.2 301.2 301.2 301.2 301.2 301.2 301.2 301.2 301.2 301.2 301.2 301.2 301.2 301.2 301.2 301.2 301.2 301.198 300.003 300 300 300 300 300 300 300 300 300 300 300 300 300 300 300 300 300 300 300 300 300 300 300 300 300 300 300 300 300 300 300 300 300 300 300 300 300 299.997 298.802 298.8 298.8 298.8 298.8 298.8 298.8 298.8 298.8 298.8 298.8 298.8 298.8 298.8 298.8 298.8 298.8 298.8 298.8 298.8 298.8 298.8 298.8 298.8 298.8 298.8 298.8 298.8 298.8 298.8 
301.209 301.209 301.209 301.209 301.209 301.209 301.209 301.209 301.209 301.209 301.209 301.209 301.209 301.209 301.209 301.209 301.209 301.209 301.209 301.209 301.209 301.209 301.209 301.209 301.209 301.209 301.209 301.209 301.209 301.209 301.206 300.003 300 300 300 300 300 300 300 300 300 300 300 300 300 300 300 300 300 300 300 300 300 300 300 300 300 300 300 300 300 300 300 300 300 300 300 300 300 299.997 298.794 298.791 298.791 298.791 298.791 298.791 298.791 298.791 298.791 298.791 298.791 298.791 298.791 298.791 298.791 298.791 298.791 298.791 298.791 298.791 298.791 298.791 298.791 298.791 298.791 298.791 298.791 298.791 298.791 298.791 
301.217 301.217 301.217 301.217 301.217 301.217 301.217 301.217 301.217 301.217 301.217 301.217 301.217 301.217 301.217 301.217 301.217 301.217 301.217 301.217 301.217 301.217 301.217 301.217 301.217 301.217 301.217 301.217 301.217 301.217 301.214 300.003 300 300 300 300 300 300 300 300 300 300 300 300 300 300 300 300 300 300 300 300 300 300 300 300 300 300 300 300 300 300 300 300 300 300 300 300 300 299.997 298.786 298.783 298.783 298.783 298.783 298.783 298.783 298.783 298.783 298.783 298.783 298.783 298.783 298.783 298.783 298.783 298.783 298.783 298.783 298.783 298.783 298.783 298.783 298.783 298.783 298.783 298.783 298.783 298.783 298.783 
301.225 301.225 301.225 301.225 301.225 301.225 301.225 301.225 301.225 301.225 301.225 301.225 301.225 301.225 301.225 301.225 301.225 301.225 301.225 301.225 301.225 301.225 301.225 301.225 301.225 301.225 301.225 301.225 301.225 301.225 301.222 300.003 300 300 300 300 300 300 300 300 300 300 300 300 300 300 300 300 300 300 300 300 300 300 300 300 300 300 300 300 300 300 300 300 300 300 300 300 300 299.997 298.778 298.775 298.775 298.775 298.775 298.775 298.775 298.775 298.775 298.775 298.775 298.775 298.775 298.775 298.775 298.775 298.775 298.775 298.775 298.775 298.775 298.775 298.775 298.775 298.775 298.775 298.775 298.775 298.775 298.775 
301.233 301.233 301.233 301.233 301.233 301.233 301.233 301.233 301.233 301.233 301.233 301.233 301.233 301.233 301.233 301.233 301.233 301.233 301.233 301.233 301.233 301.233 301.233 301.233 301.233 301.233 301.233 301.233 301.233 301.233 301.23 300.003 300 300 300 300 300 300 300 300 300 300 300 300 300 300 300 300 300 300 300 300 300 300 300 300 300 300 300 300 300 300 300 300 300 300 300 300 300 299.997 298.769 298.766 298.766 298.766 298.766 298.766 298.766 298.766 298.766 298.766 298.766 298.766 298.766 298.766 298.766 298.766 298.766 298.766 298.766 298.766 298.766 298.766 298.766 298.766 298.766 298.766 298.766 298.766 298.766 298.766 
301.242 301.242 301.242 301.242 301.242 301.242 301.242 301.242 301.242 301.242 301.242 301.242 301.242 301.242 301.242 301.242 301.242 301.242 301.242 301.242 301.242 301.242 301.242 301.242 301.242 301.242 301.242 301.242 301.242 301.242 301.239 300.003 300 300 300 300 300 300 300 300 300 300 300 300 300 300 300 300 300 300 300 300 300 300 300 300 300 300 300 300 300 300 300 300 300 300 300 300 300 299.997 298.761 298.758 298.758 298.758 298.758 298.758 298.758 298.758 298.758 298.758 298.758 298.758 298.758 298.758 298.758 298.758 298.758 298.758 298.758 298.758 298.758 298.758 298.758 298.758 298.758 298.758 298.758 298.758 298.758 298.758 
301.25 301.25 301.25 301.25 301.25 301.25 301.25 301.25 301.25 301.25 301.25 301.25 301.25 301.25 301.25 301.25 301.25 301.25 301.25 301.25 301.25 301.25 301.25 301.25 301.25 301.25 301.25 301.25 301.25 301.25 301.247 300.003 300 300 300 300 300 300 300 300 300 300 300 300 300 300 300 300 300 300 300 300 300 300 300 300 300 300 300 300 300 300 300 300 300 300 300 300 300 299.997 298.753 298.75 298.75 298.75 298.75 298.75 298.75 298.75 298.75 298.75 298.75 298.75 298.75 298.75 298.75 298.75 298.75 298.75 298.75 298.75 298.75 298.75 298.75 298.75 298.75 298.75 298.75 298.75 298.75 298.75 
301.258 301.258 301.258 301.258 301.258 301.258 301.258 301.258 301.258 301.258 301.258 301.258 301.258 301.258 301.258 301.258 301.258 301.258 301.258 301.258 301.258 301.258 301.258 301.258 301.258 301.258 301.258 301.258 301.258 301.258 301.255 300.003 300 300 300 300 300 300 300 300 300 300 300 300 300 300 300 300 300 300 300 300 300 300 300 300 300 300 300 300 300 300 300 300 300 300 300 300 300 299.997 298.745 298.742 298.742 298.742 298.742 298.742 298.742 298.742 298.742 298.742 298.742 298.742 298.742 298.742 298.742 298.742 298.742 298.742 298.742 298.742 298.742 298.742 298.742 298.742 298.742 298.742 298.742 298.742 298.742 298.742 
301.267 301.267 301.267 301.267 301.267 301.267 301.267 301.267 301.267 301.267 301.267 301.267 301.267 301.267 301.267 301.267 301.267 301.267 301.267 301.267 301.267 301.267 301.267 301.267 301.267 301.267 301.267 301.267 301.267 301.267 301.263 300.003 300 300 300 300 300 300 300 300 300 300 300 300 300 300 300 300 300 300 300 300 300 300 300 300 300 300 300 300 300 300 300 300 300 300 300 300 300 299.997 298.736 298.733 298.733 298.733 298.733 298.733 298.733 298.733 298.733 298.733 298.733 298.733 298.733 298.733 298.733 298.733 298.733 298.733 298.733 298.733 298.733 298.733 298.733 298.733 298.733 298.733 298.733 298.733 298.733 298.733 
301.275 301.275 301.275 301.275 301.275 301.275 301.275 301.275 301.275 301.275 301.275 301.275 301.275 301.275 301.275 301.275 301.275 301.275 301.275 301.275 301.275 301.275 301.275 301.275 301.275 301.275 301.275 301.275 301.275 301.275 301.272 300.003 300 300 300 300 300 300 300 300 300 300 300 300 300 300 300 300 300 300 300 300 300 300 300 300 300 300 300 300 300 300 300 300 300 300 300 300 300 299.997 298.728 298.725 298.725 298.725 298.725 298.725 298.725 298.725 298.725 298.725 298.725 298.725 298.725 298.725 298.725 298.725 298.725 298.725 298.725 298.725 298.725 298.725 298.725 298.725 298.725 298.725 298.725 298.725 298.725 298.725 
301.283 301.283 301.283 301.283 301.283 301.283 301.283 301.283 301.283 301.283 301.283 301.283 301.283 301.283 301.283 301.283 301.283 301.283 301.283 301.283 301.283 301.283 301.283 301.283 301.283 301.283 301.283 301.283 301.283 301.283 301.28 300.003 300 300 300 300 300 300 300 300 300 300 300 300 300 300 300 300 300 300 300 300 300 300 300 300 300 300 300 300 300 300 300 300 300 300 300 300 300 299.997 298.72 298.717 298.717 298.717 298.717 298.717 298.717 298.717 298.717 298.717 298.717 298.717 298.717 298.717 298.717 298.717 298.717 298.717 298.717 298.717 298.717 298.717 298.717 298.717 298.717 298.717 298.717 298.717 298.717 298.717 
301.291 301.291 301.291 301.291 301.291 301.291 301.291 301.291 301.291 301.291 301.291 301.291 301.291 301.291 301.291 301.291 301.291 301.291 301.291 301.291 301.291 301.291 301.291 301.291 301.291 301.291 301.291 301.291 301.291 301.291 301.288 300.003 300 300 300 300 300 300 300 300 300 300 300 300 300 300 300 300 300 300 300 300 300 300 300 300 300 300 300 300 300 300 300 300 300 300 300 300 300 299.997 298.712 298.708 298.708 298.708 298.708 298.708 298.708 298.708 298.708 298.708 298.708 298.708 298.708 298.708 298.708 298.708 298.708 298.708 298.708 298.708 298.708 298.708 298.708 298.708 298.708 298.708 298.708 298.708 298.708 298.708 
301.3 301.3 301.3 301.3 301.3 301.3 301.3 301.3 301.3 301.3 301.3 301.3 301.3 301.3 301.3 301.3 301.3 301.3 301.3 301.3 301.3 301.3 301.3 301.3 301.3 301.3 301.3 301.3 301.3 301.3 301.296 300.003 300 300 300 300 300 300 300 300 300 300 300 300 300 300 300 300 300 300 300 300 300 300 300 300 300 300 300 300 300 300 300 300 300 300 300 300 300 299.997 298.703 298.7 298.7 298.7 298.7 298.7 298.7 298.7 298.7 298.7 298.7 298.7 298.7 298.7 298.7 298.7 298.7 298.7 298.7 298.7 298.7 298.7 298.7 298.7 298.7 298.7 298.7 298.7 298.7 298.7 
301.308 301.308 301.308 301.308 301.308 301.308 301.308 301.308 301.308 301.308 301.308 301.308 301.308 301.308 301.308 301.308 301.308 301.308 301.308 301.308 301.308 301.308 301.308 301.308 301.308 301.308 301.308 301.308 301.308 301.308 301.305 300.003 300 300 300 300 300 300 300 300 300 300 300 300 300 300 300 300 300 300 300 300 300 300 300 300 300 300 300 300 300 300 300 300 300 300 300 300 300 299.997 298.695 298.692 298.692 298.692 298.692 298.692 298.692 298.692 298.692 298.692 298.692 298.692 298.692 298.692 298.692 298.692 298.692 298.692 298.692 298.692 298.692 298.692 298.692 298.692 298.692 298.692 298.692 298.692 298.692 298.692 
301.316 301.316 301.316 301.316 301.316 301.316 301.316 301.316 301.316 301.316 301.316 301.316 301.316 301.316 301.316 301.316 301.316 301.316 301.316 301.316 301.316 301.316 301.316 301.316 301.316 301.316 301.316 301.316 301.316 301.316 301.313 300.003 300 300 300 300 300 300 300 300 300 300 300 300 300 300 300 300 300 300 300 300 300 300 300 300 300 300 300 300 300 300 300 300 300 300 300 300 300 299.997 298.687 298.684 298.684 298.684 298.684 298.684 298.684 298.684 298.684 298.684 298.684 298.684 298.684 298.684 298.684 298.684 298.684 298.684 298.684 298.684 298.684 298.684 298.684 298.684 298.684 298.684 298.684 298.684 298.684 298.684 
301.324 301.324 301.324 301.324 301.324 301.324 301.324 301.324 301.324 301.324 301.324 301.324 301.324 301.324 301.324 301.324 301.324 301.324 301.324 301.324 301.324 301.324 301.324 301.324 301.324 301.324 301.324 301.324 301.324 301.324 301.321 300.003 300 300 300 300 300 300 300 300 300 300 300 300 300 300 300 300 300 300 300 300 300 300 300 300 300 300 300 300 300 300 300 300 300 300 300 300 300 299.997 298.679 298.675 298.675 298.675 298.675 298.675 298.675 298.675 298.675 298.675 298.675 298.675 298.675 298.675 298.675 298.675 298.675 298.675 298.675 298.675 298.675 298.675 298.675 298.675 298.675 298.675 298.675 298.675 298.675 298.675 
301.333 301.333 301.333 301.333 301.333 301.333 301.333 301.333 301.333 301.333 301.333 301.333 301.333 301.333 301.333 301.333 301.333 301.333 301.333 301.333 301.333 301.333 301.333 301.333 301.333 301.333 301.333 301.333 301.333 301.333 301.329 300.003 300 300 300 300 300 300 300 300 300 300 300 300 300 300 300 300 300 300 300 300 300 300 300 300 300 300 300 300 300 300 300 300 300 300 300 300 300 299.997 298.671 298.667 298.667 298.667 298.667 298.667 298.667 298.667 298.667 298.667 298.667 298.667 298.667 298.667 298.667 298.667 298.667 298.667 298.667 298.667 298.667 298.667 298.667 298.667 298.667 298.667 298.667 298.667 298.667 298.667 
301.341 301.341 301.341 301.341 301.341 301.341 301.341 301.341 301.341 301.341 301.341 301.341 301.341 301.341 301.341 301.341 301.341 301.341 301.341 301.341 301.341 301.341 301.341 301.341 301.341 301.341 301.341 301.341 301.341 301.341 301.338 300.004 300 300 300 300 300 300 300 300 300 300 300 300 300 300 300 300 300 300 300 300 300 300 300 300 300 300 300 300 300 300 300 300 300 300 300 300 300 299.996 298.662 298.659 298.659 298.659 298.659 298.659 298.659 298.659 298.659 298.659 298.659 298.659 298.659 298.659 298.659 298.659 298.659 298.659 298.659 298.659 298.659 298.659 298.659 298.659 298.659 298.659 298.659 298.659 298.659 298.659 
301.349 301.349 301.349 301.349 301.349 301.349 301.349 301.349 301.349 301.349 301.349 301.349 301.349 301.349 301.349 301.349 301.349 301.349 301.349 301.349 301.349 301.349 301.349 301.349 301.349 301.349 301.349 301.349 301.349 301.349 301.346 300.004 300 300 300 300 300 300 300 300 300 300 300 300 300 300 300 300 300 300 300 300 300 300 300 300 300 300 300 300 300 300 300 300 300 300 300 300 300 299.996 298.654 298.651 298.651 298.651 298.651 298.651 298.651 298.651 298.651 298.651 298.651 298.651 298.651 298.651 298.651 298.651 298.651 298.651 298.651 298.651 298.651 298.651 298.651 298.651 298.651 298.651 298.651 298.651 298.651 298.651 
301.358 301.358 301.358 301.358 301.358 301.358 301.358 301.358 301.358 301.358 301.358 301.358 301.358 301.358 301.358 301.358 301.358 301.358 301.358 301.358 301.358 301.358 301.358 301.358 301.358 301.358 301.358 301.358 301.358 301.358 301.354 300.004 300 300 300 300 300 300 300 300 300 300 300 300 300 300 300 300 300 300 300 300 300 300 300 300 300 300 300 300 300 300 300 300 300 300 300 300 300 299.996 298.646 298.642 298.642 298.642 298.642 298.642 298.642 298.642 298.642 298.642 298.642 298.642 298.642 298.642 298.642 298.642 298.642 298.642 298.642 298.642 298.642 298.642 298.642 298.642 298.642 298.642 298.642 298.642 298.642 298.642 
301.366 301.366 301.366 301.366 301.366 301.366 301.366 301.366 301.366 301.366 301.366 301.366 301.366 301.366 301.366 301.366 301.366 301.366 301.366 301.366 301.366 301.366 301.366 301.366 301.366 301.366 301.366 301.366 301.366 301.366 301.362 300.004 300 300 300 300 300 300 300 300 300 300 300 300 300 300 300 300 300 300 300 300 300 300 300 300 300 300 300 300 300 300 300 300 300 300 300 300 300 299.996 298.638 298.634 298.634 298.634 298.634 298.634 298.634 298.634 298.634 298.634 298.634 298.634 298.634 298.634 298.634 298.634 298.634 298.634 298.634 298.634 298.634 298.634 298.634 298.634 298.634 298.634 298.634 298.634 298.634 298.634 
301.374 301.374 301.374 301.374 301.374 301.374 301.374 301.374 301.374 301.374 301.374 301.374 301.374 301.374 301.374 301.374 301.374 301.374 301.374 301.374 301.374 301.374 301.374 301.374 301.374 301.374 301.374 301.374 301.374 301.374 301.37 300.004 300 300 300 300 300 300 300 300 300 300 300 300 300 300 300 300 300 300 300 300 300 300 300 300 300 300 300 300 300 300 300 300 300 300 300 300 300 299.996 298.629 298.626 298.626 298.626 298.626 298.626 298.626 298.626 298.626 298.626 298.626 298.626 298.626 298.626 298.626 298.626 298.626 298.626 298.626 298.626 298.626 298.626 298.626 298.626 298.626 298.626 298.626 298.626 298.626 298.626 
301.382 301.382 301.382 301.382 301.382 301.382 301.382 301.382 301.382 301.382 301.382 301.382 301.382 301.382 301.382 301.382 301.382 301.382 301.382 301.382 301.382 301.382 301.382 301.382 301.382 301.382 301.382 301.382 301.382 301.382 301.379 300.004 300 300 300 300 300 300 300 300 300 300 300 300 300 300 300 300 300 300 300 300 300 300 300 300 300 300 300 300 300 300 300 300 300 300 300 300 300 299.996 298.621 298.617 298.617 298.617 298.617 298.617 298.617 298.617 298.617 298.617 298.617 298.617 298.617 298.617 298.617 298.617 298.617 298.617 298.617 298.617 298.617 298.617 298.617 298.617 298.617 298.617 298.617 298.617 298.617 298.617 
301.391 301.391 301.391 301.391 301.391 301.391 301.391 301.391 301.391 301.391 301.391 301.391 301.391 301.391 301.391 301.391 301.391 301.391 301.391 301.391 301.391 301.391 301.391 301.391 301.391 301.391 301.391 301.391 301.391 301.391 301.387 300.004 300 300 300 300 300 300 300 300 300 300 300 300 300 300 300 300 300 300 300 300 300 300 300 300 300 300 300 300 300 300 300 300 300 300 300 300 300 299.996 298.613 298.609 298.609 298.609 298.609 298.609 298.609 298.609 298.609 298.609 298.609 298.609 298.609 298.609 298.609 298.609 298.609 298.609 298.609 298.609 298.609 298.609 298.609 298.609 298.609 298.609 298.609 298.609 298.609 298.609 
301.399 301.399 301.399 301.399 301.399 301.399 301.399 301.399 301.399 301.399 301.399 301.399 301.399 301.399 301.399 301.399 301.399 301.399 301.399 301.399 301.399 301.399 301.399 301.399 301.399 301.399 301.399 301.399 301.399 301.399 301.395 300.004 300 300 300 300 300 300 300 300 300 300 300 300 300 300 300 300 300 300 300 300 300 300 300 300 300 300 300 300 300 300 300 300 300 300 300 300 300 299.996 298.605 298.601 298.601 298.601 298.601 298.601 298.601 298.601 298.601 298.601 298.601 298.601 298.601 298.601 298.601 298.601 298.601 298.601 298.601 298.601 298.601 298.601 298.601 298.601 298.601 298.601 298.601 298.601 298.601 298.601 
301.407 301.407 301.407 301.407 301.407 301.407 301.407 301.407 301.407 301.407 301.407 301.407 301.407 301.407 301.407 301.407 301.407 301.407 301.407 301.407 301.407 301.407 301.407 301.407 301.407 301.407 301.407 301.407 301.407 301.407 301.403 300.004 300 300 300 300 300 300 300 300 300 300 300 300 300 300 300 300 300 300 300 300 300 300 300 300 300 300 300 300 300 300 300 300 300 300 300 300 300 299.996 298.596 298.593 298.593 298.593 298.593 298.593 298.593 298.593 298.593 298.593 298.593 298.593 298.593 298.593 298.593 298.593 298.593 298.593 298.593 298.593 298.593 298.593 298.593 298.593 298.593 298.593 298.593 298.593 298.593 298.593 
301.416 301.416 301.416 301.416 301.416 301.416 301.416 301.416 301.416 301.416 301.416 301.416 301.416 301.416 301.416 301.416 301.416 301.416 301.416 301.416 301.416 301.416 301.416 301.416 301.416 301.416 301.416 301.416 301.416 301.416 301.412 300.004 300 300 300 300 300 300 300 300 300 300 300 300 300 300 300 300 300 300 300 300 300 300 300 300 300 300 300 300 300 300 300 300 300 300 300 300 300 299.996 298.588 298.584 298.584 298.584 298.584 298.584 298.584 298.584 298.584 298.584 298.584 298.584 298.584 298.584 298.584 298.584 298.584 298.584 298.584 298.584 298.584 298.584 298.584 298.584 298.584 298.584 298.584 298.584 298.584 298.584 
301.424 301.424 301.424 301.424 301.424 301.424 301.424 301.424 301.424 301.424 301.424 301.424 301.424 301.424 301.424 301.424 301.424 301.424 301.424 301.424 301.424 301.424 301.424 301.424 301.424 301.424 301.424 301.424 301.424 301.424 301.42 300.004 300 300 300 300 300 300 300 300 300 300 300 300 300 300 300 300 300 300 300 300 300 300 300 300 300 300 300 300 300 300 300 300 300 300 300 300 300 299.996 298.58 298.576 298.576 298.576 298.576 298.576 298.576 298.576 298.576 298.576 298.576 298.576 298.576 298.576 298.576 298.576 298.576 298.576 298.576 298.576 298.576 298.576 298.576 298.576 298.576 298.576 298.576 298.576 298.576 298.576 
301.432 301.432 301.432 301.432 301.432 301.432 301.432 301.432 301.432 301.432 301.432 301.432 301.432 301.432 301.432 301.432 301.432 301.432 301.432 301.432 301.432 301.432 301.432 301.432 301.432 301.432 301.432 301.432 301.432 301.432 301.428 300.004 300 300 300 300 300 300 300 300 300 300 300 300 300 300 300 300 300 300 300 300 300 300 300 300 300 300 300 300 300 300 300 300 300 300 300 300 300 299.996 298.572 298.568 298.568 298.568 298.568 298.568 298.568 298.568 298.568 298.568 298.568 298.568 298.568 298.568 298.568 298.568 298.568 298.568 298.568 298.568 298.568 298.568 298.568 298.568 298.568 298.568 298.568 298.568 298.568 298.568 
301.44 301.44 301.44 301.44 301.44 301.44 301.44 301.44 301.44 301.44 301.44 301.44 301.44 301.44 301.44 301.44 301.44 301.44 301.44 301.44 301.44 301.44 301.44 301.44 301.44 301.44 301.44 301.44 301.44 301.44 301.436 300.004 300 300 300 300 300 300 300 300 300 300 300 300 300 300 300 300 300 300 300 300 300 300 300 300 300 300 300 300 300 300 300 300 300 300 300 300 300 299.996 298.564 298.559 298.559 298.559 298.559 298.559 298.559 298.559 298.559 298.559 298.559 298.559 298.559 298.559 298.559 298.559 298.559 298.559 298.559 298.559 298.559 298.559 298.559 298.559 298.559 298.559 298.559 298.559 298.559 298.559 
301.449 301.449 301.449 301.449 301.449 301.449 301.449 301.449 301.449 301.449 301.449 301.449 301.449 301.449 301.449 301.449 301.449 301.449 301.449 301.449 301.449 301.449 301.449 301.449 301.449 301.449 301.449 301.449 301.449 301.449 301.445 300.004 300 300 300 300 300 300 300 300 300 300 300 300 300 300 300 300 300 300 300 300 300 300 300 300 300 300 300 300 300 300 300 300 300 300 300 300 300 299.996 298.555 298.551 298.551 298.551 298.551 298.551 298.551 298.551 298.551 298.551 298.551 298.551 298.551 298.551 298.551 298.551 298.551 298.551 298.551 298.551 298.551 298.551 298.551 298.551 298.551 298.551 298.551 298.551 298.551 298.551 
301.457 301.457 301.457 301.457 301.457 301.457 301.457 301.457 301.457 301.457 301.457 301.457 301.457 301.457 301.457 301.457 301.457 301.457 301.457 301.457 301.457 301.457 301.457 301.457 301.457 301.457 301.457 301.457 301.457 301.457 301.453 300.004 300 300 300 300 300 300 300 300 300 300 300 300 300 300 300 300 300 300 300 300 300 300 300 300 300 300 300 300 300 300 300 300 300 300 300 300 300 299.996 298.547 298.543 298.543 298.543 298.543 298.543 298.543 298.543 298.543 298.543 298.543 298.543 298.543 298.543 298.543 298.543 298.543 298.543 298.543 298.543 298.543 298.543 298.543 298.543 298.543 298.543 298.543 298.543 298.543 298.543 
301.465 301.465 301.465 301.465 301.465 301.465 301.465 301.465 301.465 301.465 301.465 301.465 301.465 301.465 301.465 301.465 301.465 301.465 301.465 301.465 301.465 301.465 301.465 301.465 301.465 301.465 301.465 301.465 301.465 301.465 301.461 300.004 300 300 300 300 300 300 300 300 300 300 300 300 300 300 300 300 300 300 300 300 300 300 300 300 300 300 300 300 300 300 300 300 300 300 300 300 300 299.996 298.539 298.535 298.535 298.535 298.535 298.535 298.535 298.535 298.535 298.535 298.535 298.535 298.535 298.535 298.535 298.535 298.535 298.535 298.535 298.535 298.535 298.535 298.535 298.535 298.535 298.535 298.535 298.535 298.535 298.535 
301.473 301.473 301.473 301.473 301.473 301.473 301.473 301.473 301.473 301.473 301.473 301.473 301.473 301.473 301.473 301.473 301.473 301.473 301.473 301.473 301.473 301.473 301.473 301.473 301.473 301.473 301.473 301.473 301.473 301.473 301.469 300.004 300 300 300 300 300 300 300 300 300 300 300 300 300 300 300 300 300 300 300 300 300 300 300 300 300 300 300 300 300 300 300 300 300 300 300 300 300 299.996 298.531 298.526 298.526 298.526 298.526 298.526 298.526 298.526 298.526 298.526 298.526 298.526 298.526 298.526 298.526 298.526 298.526 298.526 298.526 298.526 298.526 298.526 298.526 298.526 298.526 298.526 298.526 298.526 298.526 298.526 
301.482 301.482 301.482 301.482 301.482 301.482 301.482 301.482 301.482 301.482 301.482 301.482 301.482 301.482 301.482 301.482 301.482 301.482 301.482 301.482 301.482 301.482 301.482 301.482 301.482 301.482 301.482 301.482 301.482 301.482 301.477 300.004 300 300 300 300 300 300 300 300 300 300 300 300 300 300 300 300 300 300 300 300 300 300 300 300 300 300 300 300 300 300 300 300 300 300 300 300 300 299.996 298.522 298.518 298.518 298.518 298.518 298.518 298.518 298.518 298.518 298.518 298.518 298.518 298.518 298.518 298.518 298.518 298.518 298.518 298.518 298.518 298.518 298.518 298.518 298.518 298.518 298.518 298.518 298.518 298.518 298.518 
301.49 301.49 301.49 301.49 301.49 301.49 301.49 301.49 301.49 301.49 301.49 301.49 301.49 301.49 301.49 301.49 301.49 301.49 301.49 301.49 301.49 301.49 301.49 301.49 301.49 301.49 301.49 301.49 301.49 301.49 301.486 300.004 300 300 300 300 300 300 300 300 300 300 300 300 300 300 300 300 300 300 300 300 300 300 300 300 300 300 300 300 300 300 300 300 300 300 300 300 300 299.996 298.514 298.51 298.51 298.51 298.51 298.51 298.51 298.51 298.51 298.51 298.51 298.51 298.51 298.51 298.51 298.51 298.51 298.51 298.51 298.51 298.51 298.51 298.51 298.51 298.51 298.51 298.51 298.51 298.51 298.51 
301.498 301.498 301.498 301.498 301.498 301.498 301.498 301.498 301.498 301.498 301.498 301.498 301.498 301.498 301.498 301.498 301.498 301.498 301.498 301.498 301.498 301.498 301.498 301.498 301.498 301.498 301.498 301.498 301.498 301.498 301.494 300.004 300 300 300 300 300 300 300 300 300 300 300 300 300 300 300 300 300 300 300 300 300 300 300 300 300 300 300 300 300 300 300 300 300 300 300 300 300 299.996 298.506 298.502 298.502 298.502 298.502 298.502 298.502 298.502 298.502 298.502 298.502 298.502 298.502 298.502 298.502 298.502 298.502 298.502 298.502 298.502 298.502 298.502 298.502 298.502 298.502 298.502 298.502 298.502 298.502 298.502 
301.507 301.507 301.507 301.507 301.507 301.507 301.507 301.507 301.507 301.507 301.507 301.507 301.507 301.507 301.507 301.507 301.507 301.507 301.507 301.507 301.507 301.507 301.507 301.507 301.507 301.507 301.507 301.507 301.507 301.507 301.502 300.004 300 300 300 300 300 300 300 300 300 300 300 300 300 300 300 300 300 300 300 300 300 300 300 300 300 300 300 300 300 300 300 300 300 300 300 300 300 299.996 298.498 298.493 298.493 298.493 298.493 298.493 298.493 298.493 298.493 298.493 298.493 298.493 298.493 298.493 298.493 298.493 298.493 298.493 298.493 298.493 298.493 298.493 298.493 298.493 298.493 298.493 298.493 298.493 298.493 298.493 
301.515 301.515 301.515 301.515 301.515 301.515 301.515 301.515 301.515 301.515 301.515 301.515 301.515 301.515 301.515 301.515 301.515 301.515 301.515 301.515 301.515 301.515 301.515 301.515 301.515 301.515 301.515 301.515 301.515 301.515 301.51 300.004 300 300 300 300 300 300 300 300 300 300 300 300 300 300 300 300 300 300 300 300 300 300 300 300 300 300 300 300 300 300 300 300 300 300 300 300 300 299.996 298.489 298.485 298.485 298.485 298.485 298.485 298.485 298.485 298.485 298.485 298.485 298.485 298.485 298.485 298.485 298.485 298.485 298.485 298.485 298.485 298.485 298.485 298.485 298.485 298.485 298.485 298.485 298.485 298.485 298.485 
301.523 301.523 301.523 301.523 301.523 301.523 301.523 301.523 301.523 301.523 301.523 301.523 301.523 301.523 301.523 301.523 301.523 301.523 301.523 301.523 301.523 301.523 301.523 301.523 301.523 301.523 301.523 301.523 301.523 301.523 301.519 300.005 300 300 300 300 300 300 300 300 300 300 300 300 300 300 300 300 300 300 300 300 300 300 300 300 300 300 300 300 300 300 300 300 300 300 300 300 300 299.995 298.481 298.477 298.477 298.477 298.477 298.477 298.477 298.477 298.477 298.477 298.477 298.477 298.477 298.477 298.477 298.477 298.477 298.477 298.477 298.477 298.477 298.477 298.477 298.477 298.477 298.477 298.477 298.477 298.477 298.477 
301.531 301.531 301.531 301.531 301.531 301.531 301.531 301.531 301.531 301.531 301.531 301.531 301.531 301.531 301.531 301.531 301.531 301.531 301.531 301.531 301.531 301.531 301.531 301.531 301.531 301.531 301.531 301.531 301.531 301.531 301.527 300.005 300 300 300 300 300 300 300 300 300 300 300 300 300 300 300 300 300 300 300 300 300 300 300 300 300 300 300 300 300 300 300 300 300 300 300 300 300 299.995 298.473 298.468 298.468 298.468 298.468 298.468 298.468 298.468 298.468 298.468 298.468 298.468 298.468 298.468 298.468 298.468 298.468 298.468 298.468 298.468 298.468 298.468 298.468 298.468 298.468 298.468 298.468 298.468 298.468 298.468 
301.54 301.54 301.54 301.54 301.54 301.54 301.54 301.54 301.54 301.54 301.54 301.54 301.54 301.54 301.54 301.54 301.54 301.54 301.54 301.54 301.54 301.54 301.54 301.54 301.54 301.54 301.54 301.54 301.54 301.54 301.535 300.005 300 300 300 300 300 300 300 300 300 300 300 300 300 300 300 300 300 300 300 300 300 300 300 300 300 300 300 300 300 300 300 300 300 300 300 300 300 299.995 298.465 298.46 298.46 298.46 298.46 298.46 298.46 298.46 298.46 298.46 298.46 298.46 298.46 298.46 298.46 298.46 298.46 298.46 298.46 298.46 298.46 298.46 298.46 298.46 298.46 298.46 298.46 298.46 298.46 298.46 
301.548 301.548 301.548 301.548 301.548 301.548 301.548 301.548 301.548 301.548 301.548 301.548 301.548 301.548 301.548 301.548 301.548 301.548 301.548 301.548 301.548 301.548 301.548 301.548 301.548 301.548 301.548 301.548 301.548 301.548 301.543 300.005 300 300 300 300 300 300 300 300 300 300 300 300 300 300 300 300 300 300 300 300 300 300 300 300 300 300 300 300 300 300 300 300 300 300 300 300 300 299.995 298.457 298.452 298.452 298.452 298.452 298.452 298.452 298.452 298.452 298.452 298.452 298.452 298.452 298.452 298.452 298.452 298.452 298.452 298.452 298.452 298.452 298.452 298.452 298.452 298.452 298.452 298.452 298.452 298.452 298.452 
301.556 301.556 301.556 301.556 301.556 301.556 301.556 301.556 301.556 301.556 301.556 301.556 301.556 301.556 301.556 301.556 301.556 301.556 301.556 301.556 301.556 301.556 301.556 301.556 301.556 301.556 301.556 301.556 301.556 301.556 301.552 300.005 300 300 300 300 300 300 300 300 300 300 300 300 300 300 300 300 300 300 300 300 300 300 300 300 300 300 300 300 300 300 300 300 300 300 300 300 300 299.995 298.448 298.444 298.444 298.444 298.444 298.444 298.444 298.444 298.444 298.444 298.444 298.444 298.444 298.444 298.444 298.444 298.444 298.444 298.444 298.444 298.444 298.444 298.444 298.444 298.444 298.444 298.444 298.444 298.444 298.444 
301.564 301.564 301.564 301.564 301.564 301.564 301.564 301.564 301.564 301.564 301.564 301.564 301.564 301.564 301.564 301.564 301.564 301.564 301.564 301.564 301.564 301.564 301.564 301.564 301.564 301.564 301.564 301.564 301.564 301.564 301.56 300.005 300 300 300 300 300 300 300 300 300 300 300 300 300 300 300 300 300 300 300 300 300 300 300 300 300 300 300 300 300 300 300 300 300 300 300 300 300 299.995 298.44 298.435 298.435 298.435 298.435 298.435 298.435 298.435 298.435 298.435 298.435 298.435 298.435 298.435 298.435 298.435 298.435 298.435 298.435 298.435 298.435 298.435 298.435 298.435 298.435 298.435 298.435 298.435 298.435 298.435 
301.573 301.573 301.573 301.573 301.573 301.573 301.573 301.573 301.573 301.573 301.573 301.573 301.573 301.573 301.573 301.573 301.573 301.573 301.573 301.573 301.573 301.573 301.573 301.573 301.573 301.573 301.573 301.573 301.573 301.573 301.568 300.005 300 300 300 300 300 300 300 300 300 300 300 300 300 300 300 300 300 300 300 300 300 300 300 300 300 300 300 300 300 300 300 300 300 300 300 300 300 299.995 298.432 298.427 298.427 298.427 298.427 298.427 298.427 298.427 298.427 298.427 298.427 298.427 298.427 298.427 298.427 298.427 298.427 298.427 298.427 298.427 298.427 298.427 298.427 298.427 298.427 298.427 298.427 298.427 298.427 298.427 
301.581 301.581 301.581 301.581 301.581 301.581 301.581 301.581 301.581 301.581 301.581 301.581 301.581 301.581 301.581 301.581 301.581 301.581 301.581 301.581 301.581 301.581 301.581 301.581 301.581 301.581 301.581 301.581 301.581 301.581 301.576 300.005 300 300 300 300 300 300 300 300 300 300 300 300 300 300 300 300 300 300 300 300 300 300 300 300 300 300 300 300 300 300 300 300 300 300 300 300 300 299.995 298.424 298.419 298.419 298.419 298.419 298.419 298.419 298.419 298.419 298.419 298.419 298.419 298.419 298.419 298.419 298.419 298.419 298.419 298.419 298.419 298.419 298.419 298.419 298.419 298.419 298.419 298.419 298.419 298.419 298.419 
301.589 301.589 301.589 301.589 301.589 301.589 301.589 301.589 301.589 301.589 301.589 301.589 301.589 301.589 301.589 301.589 301.589 301.589 301.589 301.589 301.589 301.589 301.589 301.589 301.589 301.589 301.589 301.589 301.589 301.589 301.584 300.005 300 300 300 300 300 300 300 300 300 300 300 300 300 300 300 300 300 300 300 300 300 300 300 300 300 300 300 300 300 300 300 300 300 300 300 300 300 299.995 298.415 298.41 298.41 298.41 298.41 298.41 298.41 298.41 298.41 298.41 298.41 298.41 298.41 298.41 298.41 298.41 298.41 298.41 298.41 298.41 298.41 298.41 298.41 298.41 298.41 298.41 298.41 298.41 298.41 298.41 
301.598 301.598 301.598 301.598 301.598 301.598 301.598 301.598 301.598 301.598 301.598 301.598 301.598 301.598 301.598 301.598 301.598 301.598 301.598 301.598 301.598 301.598 301.598 301.598 301.598 301.598 301.598 301.598 301.598 301.598 301.593 300.005 300 300 300 300 300 300 300 300 300 300 300 300 300 300 300 300 300 300 300 300 300 300 300 300 300 300 300 300 300 300 300 300 300 300 300 300 300 299.995 298.407 298.402 298.402 298.402 298.402 298.402 298.402 298.402 298.402 298.402 298.402 298.402 298.402 298.402 298.402 298.402 298.402 298.402 298.402 298.402 298.402 298.402 298.402 298.402 298.402 298.402 298.402 298.402 298.402 298.402 
301.606 301.606 301.606 301.606 301.606 301.606 301.606 301.606 301.606 301.606 301.606 301.606 301.606 301.606 301.606 301.606 301.606 301.606 301.606 301.606 301.606 301.606 301.606 301.606 301.606 301.606 301.606 301.606 301.606 301.606 301.601 300.005 300 300 300 300 300 300 300 300 300 300 300 300 300 300 300 300 300 300 300 300 300 300 300 300 300 300 300 300 300 300 300 300 300 300 300 300 300 299.995 298.399 298.394 298.394 298.394 298.394 298.394 298.394 298.394 298.394 298.394 298.394 298.394 298.394 298.394 298.394 298.394 298.394 298.394 298.394 298.394 298.394 298.394 298.394 298.394 298.394 298.394 298.394 298.394 298.394 298.394 
301.614 301.614 301.614 301.614 301.614 301.614 301.614 301.614 301.614 301.614 301.614 301.614 301.614 301.614 301.614 301.614 301.614 301.614 301.614 301.614 301.614 301.614 301.614 301.614 301.614 301.614 301.614 301.614 301.614 301.614 301.609 300.005 300 300 300 300 300 300 300 300 300 300 300 300 300 300 300 300 300 300 300 300 300 300 300 300 300 300 300 300 300 300 300 300 300 300 300 300 300 299.995 298.391 298.386 298.386 298.386 298.386 298.386 298.386 298.386 298.386 298.386 298.386 298.386 298.386 298.386 298.386 298.386 298.386 298.386 298.386 298.386 298.386 298.386 298.386 298.386 298.386 298.386 298.386 298.386 298.386 298.386 
301.622 301.622 301.622 301.622 301.622 301.622 301.622 301.622 301.622 301.622 301.622 301.622 301.622 301.622 301.622 301.622 301.622 301.622 301.622 301.622 301.622 301.622 301.622 301.622 301.622 301.622 301.622 301.622 301.622 301.622 301.617 300.005 300 300 300 300 300 300 300 300 300 300 300 300 300 300 300 300 300 300 300 300 300 300 300 300 300 300 300 300 300 300 300 300 300 300 300 300 300 299.995 298.382 298.377 298.377 298.377 298.377 298.377 298.377 298.377 298.377 298.377 298.377 298.377 298.377 298.377 298.377 298.377 298.377 298.377 298.377 298.377 298.377 298.377 298.377 298.377 298.377 298.377 298.377 298.377 298.377 298.377 
301.631 301.631 301.631 301.631 301.631 301.631 301.631 301.631 301.631 301.631 301.631 301.631 301.631 301.631 301.631 301.631 301.631 301.631 301.631 301.631 301.631 301.631 301.631 301.631 301.631 301.631 301.631 301.631 301.631 301.631 301.626 300.005 300 300 300 300 300 300 300 300 300 300 300 300 300 300 300 300 300 300 300 300 300 300 300 300 300 300 300 300 300 300 300 300 300 300 300 300 300 299.995 298.374 298.369 298.369 298.369 298.369 298.369 298.369 298.369 298.369 298.369 298.369 298.369 298.369 298.369 298.369 298.369 298.369 298.369 298.369 298.369 298.369 298.369 298.369 298.369 298.369 298.369 298.369 298.369 298.369 298.369 
301.639 301.639 301.639 301.639 301.639 301.639 301.639 301.639 301.639 301.639 301.639 301.639 301.639 301.639 301.639 301.639 301.639 301.639 301.639 301.639 301.639 301.639 301.639 301.639 301.639 301.639 301.639 301.639 301.639 301.639 301.634 300.005 300 300 300 300 300 300 300 300 300 300 300 300 300 300 300 300 300 300 300 300 300 300 300 300 300 300 300 300 300 300 300 300 300 300 300 300 300 299.995 298.366 298.361 298.361 298.361 298.361 298.361 298.361 298.361 298.361 298.361 298.361 298.361 298.361 298.361 298.361 298.361 298.361 298.361 298.361 298.361 298.361 298.361 298.361 298.361 298.361 298.361 298.361 298.361 298.361 298.361 
301.647 301.647 301.647 301.647 301.647 301.647 301.647 301.647 301.647 301.647 301.647 301.647 301.647 301.647 301.647 301.647 301.647 301.647 301.647 301.647 301.647 301.647 301.647 301.647 301.647 301.647 301.647 301.647 301.647 301.647 301.642 300.005 300 300 300 300 300 300 300 300 300 300 300 300 300 300 300 300 300 300 300 300 300 300 300 300 300 300 300 300 300 300 300 300 300 300 300 300 300 299.995 298.358 298.353 298.353 298.353 298.353 298.353 298.353 298.353 298.353 298.353 298.353 298.353 298.353 298.353 298.353 298.353 298.353 298.353 298.353 298.353 298.353 298.353 298.353 298.353 298.353 298.353 298.353 298.353 298.353 298.353 
301.656 301.656 301.656 301.656 301.656 301.656 301.656 301.656 301.656 301.656 301.656 301.656 301.656 301.656 301.656 301.656 301.656 301.656 301.656 301.656 301.656 301.656 301.656 301.656 301.656 301.656 301.656 301.656 301.656 301.656 301.65 300.005 300 300 300 300 300 300 300 300 300 300 300 300 300 300 300 300 300 300 300 300 300 300 300 300 300 300 300 300 300 300 300 300 300 300 300 300 300 299.995 298.35 298.344 298.344 298.344 298.344 298.344 298.344 298.344 298.344 298.344 298.344 298.344 298.344 298.344 298.344 298.344 298.344 298.344 298.344 298.344 298.344 298.344 298.344 298.344 298.344 298.344 298.344 298.344 298.344 298.344 
301.664 301.664 301.664 301.664 301.664 301.664 301.664 301.664 301.664 301.664 301.664 301.664 301.664 301.664 301.664 301.664 301.664 301.664 301.664 301.664 301.664 301.664 301.664 301.664 301.664 301.664 301.664 301.664 301.664 301.664 301.658 300.005 300 300 300 300 300 300 300 300 300 300 300 300 300 300 300 300 300 300 300 300 300 300 300 300 300 300 300 300 300 300 300 300 300 300 300 300 300 299.995 298.341 298.336 298.336 298.336 298.336 298.336 298.336 298.336 298.336 298.336 298.336 298.336 298.336 298.336 298.336 298.336 298.336 298.336 298.336 298.336 298.336 298.336 298.336 298.336 298.336 298.336 298.336 298.336 298.336 298.336 
301.672 301.672 301.672 301.672 301.672 301.672 301.672 301.672 301.672 301.672 301.672 301.672 301.672 301.672 301.672 301.672 301.672 301.672 301.672 301.672 301.672 301.672 301.672 301.672 301.672 301.672 301.672 301.672 301.672 301.672 301.667 300.005 300 300 300 300 300 300 300 300 300 300 300 300 300 300 300 300 300 300 300 300 300 300 300 300 300 300 300 300 300 300 300 300 300 300 300 300 300 299.995 298.333 298.328 298.328 298.328 298.328 298.328 298.328 298.328 298.328 298.328 298.328 298.328 298.328 298.328 298.328 298.328 298.328 298.328 298.328 298.328 298.328 298.328 298.328 298.328 298.328 298.328 298.328 298.328 298.328 298.328 
301.68 301.68 301.68 301.68 301.68 301.68 301.68 301.68 301.68 301.68 301.68 301.68 301.68 301.68 301.68 301.68 301.68 301.68 301.68 301.68 301.68 301.68 301.68 301.68 301.68 301.68 301.68 301.68 301.68 301.68 301.675 300.005 300 300 300 300 300 300 300 300 300 300 300 300 300 300 300 300 300 300 300 300 300 300 300 300 300 300 300 300 300 300 300 300 300 300 300 300 300 299.995 298.325 298.319 298.319 298.319 298.319 298.319 298.319 298.319 298.319 298.319 298.319 298.319 298.319 298.319 298.319 298.319 298.319 298.319 298.319 298.319 298.319 298.319 298.319 298.319 298.319 298.319 298.319 298.319 298.319 298.319 
301.689 301.689 301.689 301.689 301.689 301.689 301.689 301.689 301.689 301.689 301.689 301.689 301.689 301.689 301.689 301.689 301.689 301.689 301.689 301.689 301.689 301.689 301.689 301.689 301.689 301.689 301.689 301.689 301.689 301.689 301.683 300.006 300 300 300 300 300 300 300 300 300 300 300 300 300 300 300 300 300 300 300 300 300 300 300 300 300 300 300 300 300 300 300 300 300 300 300 300 300 299.994 298.317 298.311 298.311 298.311 298.311 298.311 298.311 298.311 298.311 298.311 298.311 298.311 298.311 298.311 298.311 298.311 298.311 298.311 298.311 298.311 298.311 298.311 298.311 298.311 298.311 298.311 298.311 298.311 298.311 298.311 
301.697 301.697 301.697 301.697 301.697 301.697 301.697 301.697 301.697 301.697 301.697 301.697 301.697 301.697 301.697 301.697 301.697 301.697 301.697 301.697 301.697 301.697 301.697 301.697 301.697 301.697 301.697 301.697 301.697 301.697 301.691 300.006 300 300 300 300 300 300 300 300 300 300 300 300 300 300 300 300 300 300 300 300 300 300 300 300 300 300 300 300 300 300 300 300 300 300 300 300 300 299.994 298.308 298.303 298.303 298.303 298.303 298.303 298.303 298.303 298.303 298.303 298.303 298.303 298.303 298.303 298.303 298.303 298.303 298.303 298.303 298.303 298.303 298.303 298.303 298.303 298.303 298.303 298.303 298.303 298.303 298.303 
301.705 301.705 301.705 301.705 301.705 301.705 301.705 301.705 301.705 301.705 301.705 301.705 301.705 301.705 301.705 301.705 301.705 301.705 301.705 301.705 301.705 301.705 301.705 301.705 301.705 301.705 301.705 301.705 301.705 301.705 301.7 300.006 300 300 300 300 300 300 300 300 300 300 300 300 300 300 300 300 300 300 300 300 300 300 300 300 300 300 300 300 300 300 300 300 300 300 300 300 300 299.994 298.3 298.295 298.295 298.295 298.295 298.295 298.295 298.295 298.295 298.295 298.295 298.295 298.295 298.295 298.295 298.295 298.295 298.295 298.295 298.295 298.295 298.295 298.295 298.295 298.295 298.295 298.295 298.295 298.295 298.295 
301.713 301.713 301.713 301.713 301.713 301.713 301.713 301.713 301.713 301.713 301.713 301.713 301.713 301.713 301.713 301.713 301.713 301.713 301.713 301.713 301.713 301.713 301.713 301.713 301.713 301.713 301.713 301.713 301.713 301.713 301.708 300.006 300 300 300 300 300 300 300 300 300 300 300 300 300 300 300 300 300 300 300 300 300 300 300 300 300 300 300 300 300 300 300 300 300 300 300 300 300 299.994 298.292 298.286 298.286 298.286 298.286 298.286 298.286 298.286 298.286 298.286 298.286 298.286 298.286 298.286 298.286 298.286 298.286 298.286 298.286 298.286 298.286 298.286 298.286 298.286 298.286 298.286 298.286 298.286 298.286 298.286 
301.722 301.722 301.722 301.722 301.722 301.722 301.722 301.722 301.722 301.722 301.722 301.722 301.722 301.722 301.722 301.722 301.722 301.722 301.722 301.722 301.722 301.722 301.722 301.722 301.722 301.722 301.722 301.722 301.722 301.722 301.716 300.006 300 300 300 300 300 300 300 300 300 300 300 300 300 300 300 300 300 300 300 300 300 300 300 300 300 300 300 300 300 300 300 300 300 300 300 300 300 299.994 298.284 298.278 298.278 298.278 298.278 298.278 298.278 298.278 298.278 298.278 298.278 298.278 298.278 298.278 298.278 298.278 298.278 298.278 298.278 298.278 298.278 298.278 298.278 298.278 298.278 298.278 298.278 298.278 298.278 298.278 
301.73 301.73 301.73 301.73 301.73 301.73 301.73 301.73 301.73 301.73 301.73 301.73 301.73 301.73 301.73 301.73 301.73 301.73 301.73 301.73 301.73 301.73 301.73 301.73 301.73 301.73 301.73 301.73 301.73 301.73 301.724 300.006 300 300 300 300 300 300 300 300 300 300 300 300 300 300 300 300 300 300 300 300 300 300 300 300 300 300 300 300 300 300 300 300 300 300 300 300 300 299.994 298.276 298.27 298.27 298.27 298.27 298.27 298.27 298.27 298.27 298.27 298.27 298.27 298.27 298.27 298.27 298.27 298.27 298.27 298.27 298.27 298.27 298.27 298.27 298.27 298.27 298.27 298.27 298.27 298.27 298.27 
301.738 301.738 301.738 301.738 301.738 301.738 301.738 301.738 301.738 301.738 301.738 301.738 301.738 301.738 301.738 301.738 301.738 301.738 301.738 301.738 301.738 301.738 301.738 301.738 301.738 301.738 301.738 301.738 301.738 301.738 301.732 300.006 300 300 300 300 300 300 300 300 300 300 300 300 300 300 300 300 300 300 300 300 300 300 300 300 300 300 300 300 300 300 300 300 300 300 300 300 300 299.994 298.267 298.261 298.261 298.261 298.261 298.261 298.261 298.261 298.261 298.261 298.261 298.261 298.261 298.261 298.261 298.261 298.261 298.261 298.261 298.261 298.261 298.261 298.261 298.261 298.261 298.261 298.261 298.261 298.261 298.261 
301.747 301.747 301.747 301.747 301.747 301.747 301.747 301.747 301.747 301.747 301.747 301.747 301.747 301.747 301.747 301.747 301.747 301.747 301.747 301.747 301.747 301.747 301.747 301.747 301.747 301.747 301.747 301.747 301.747 301.747 301.741 300.006 300 300 300 300 300 300 300 300 300 300 300 300 300 300 300 300 300 300 300 300 300 300 300 300 300 300 300 300 300 300 300 300 300 300 300 300 300 299.994 298.259 298.253 298.253 298.253 298.253 298.253 298.253 298.253 298.253 298.253 298.253 298.253 298.253 298.253 298.253 298.253 298.253 298.253 298.253 298.253 298.253 298.253 298.253 298.253 298.253 298.253 298.253 298.253 298.253 298.253 
301.755 301.755 301.755 301.755 301.755 301.755 301.755 301.755 301.755 301.755 301.755 301.755 301.755 301.755 301.755 301.755 301.755 301.755 301.755 301.755 301.755 301.755 301.755 301.755 301.755 301.755 301.755 301.755 301.755 301.755 301.749 300.006 300 300 300 300 300 300 300 300 300 300 300 300 300 300 300 300 300 300 300 300 300 300 300 300 300 300 300 300 300 300 300 300 300 300 300 300 300 299.994 298.251 298.245 298.245 298.245 298.245 298.245 298.245 298.245 298.245 298.245 298.245 298.245 298.245 298.245 298.245 298.245 298.245 298.245 298.245 298.245 298.245 298.245 298.245 298.245 298.245 298.245 298.245 298.245 298.245 298.245 
301.763 301.763 301.763 301.763 301.763 301.763 301.763 301.763 301.763 301.763 301.763 301.763 301.763 301.763 301.763 301.763 301.763 301.763 301.763 301.763 301.763 301.763 301.763 301.763 301.763 301.763 301.763 301.763 301.763 301.763 301.757 300.006 300 300 300 300 300 300 300 300 300 300 300 300 300 300 300 300 300 300 300 300 300 300 300 300 300 300 300 300 300 300 300 300 300 300 300 300 300 299.994 298.243 298.237 298.237 298.237 298.237 298.237 298.237 298.237 298.237 298.237 298.237 298.237 298.237 298.237 298.237 298.237 298.237 298.237 298.237 298.237 298.237 298.237 298.237 298.237 298.237 298.237 298.237 298.237 298.237 298.237 
301.771 301.771 301.771 301.771 301.771 301.771 301.771 301.771 301.771 301.771 301.771 301.771 301.771 301.771 301.771 301.771 301.771 301.771 301.771 301.771 301.771 301.771 301.771 301.771 301.771 301.771 301.771 301.771 301.771 301.771 301.765 300.006 300 300 300 300 300 300 300 300 300 300 300 300 300 300 300 300 300 300 300 300 300 300 300 300 300 300 300 300 300 300 300 300 300 300 300 300 300 299.994 298.234 298.228 298.228 298.228 298.228 298.228 298.228 298.228 298.228 298.228 298.228 298.228 298.228 298.228 298.228 298.228 298.228 298.228 298.228 298.228 298.228 298.228 298.228 298.228 298.228 298.228 298.228 298.228 298.228 298.228 
301.78 301.78 301.78 301.78 301.78 301.78 301.78 301.78 301.78 301.78 301.78 301.78 301.78 301.78 301.78 301.78 301.78 301.78 301.78 301.78 301.78 301.78 301.78 301.78 301.78 301.78 301.78 301.78 301.78 301.78 301.774 300.006 300 300 300 300 300 300 300 300 300 300 300 300 300 300 300 300 300 300 300 300 300 300 300 300 300 300 300 300 300 300 300 300 300 300 300 300 300 299.994 298.226 298.22 298.22 298.22 298.22 298.22 298.22 298.22 298.22 298.22 298.22 298.22 298.22 298.22 298.22 298.22 298.22 298.22 298.22 298.22 298.22 298.22 298.22 298.22 298.22 298.22 298.22 298.22 298.22 298.22 
301.788 301.788 301.788 301.788 301.788 301.788 301.788 301.788 301.788 301.788 301.788 301.788 301.788 301.788 301.788 301.788 301.788 301.788 301.788 301.788 301.788 301.788 301.788 301.788 301.788 301.788 301.788 301.788 301.788 301.788 301.782 300.006 300 300 300 300 300 300 300 300 300 300 300 300 300 300 300 300 300 300 300 300 300 300 300 300 300 300 300 300 300 300 300 300 300 300 300 300 300 299.994 298.218 298.212 298.212 298.212 298.212 298.212 298.212 298.212 298.212 298.212 298.212 298.212 298.212 298.212 298.212 298.212 298.212 298.212 298.212 298.212 298.212 298.212 298.212 298.212 298.212 298.212 298.212 298.212 298.212 298.212 
301.796 301.796 301.796 301.796 301.796 301.796 301.796 301.796 301.796 301.796 301.796 301.796 301.796 301.796 301.796 301.796 301.796 301.796 301.796 301.796 301.796 301.796 301.796 301.796 301.796 301.796 301.796 301.796 301.796 301.796 301.79 300.006 300 300 300 300 300 300 300 300 300 300 300 300 300 300 300 300 300 300 300 300 300 300 300 300 300 300 300 300 300 300 300 300 300 300 300 300 300 299.994 298.21 298.204 298.203 298.203 298.203 298.203 298.203 298.203 298.203 298.203 298.203 298.203 298.203 298.203 298.203 298.203 298.203 298.203 298.203 298.203 298.203 298.203 298.203 298.203 298.203 298.203 298.203 298.203 298.203 298.203 
301.805 301.805 301.805 301.805 301.805 301.805 301.805 301.805 301.805 301.805 301.805 301.805 301.805 301.805 301.805 301.805 301.805 301.805 301.805 301.805 301.805 301.805 301.805 301.805 301.805 301.805 301.805 301.805 301.805 301.804 301.798 300.006 300 300 300 300 300 300 300 300 300 300 300 300 300 300 300 300 300 300 300 300 300 300 300 300 300 300 300 300 300 300 300 300 300 300 300 300 300 299.994 298.202 298.195 298.195 298.195 298.195 298.195 298.195 298.195 298.195 298.195 298.195 298.195 298.195 298.195 298.195 298.195 298.195 298.195 298.195 298.195 298.195 298.195 298.195 298.195 298.195 298.195 298.195 298.195 298.195 298.195 
301.813 301.813 301.813 301.813 301.813 301.813 301.813 301.813 301.813 301.813 301.813 301.813 301.813 301.813 301.813 301.813 301.813 301.813 301.813 301.813 301.813 301.813 301.813 301.813 301.813 301.813 301.813 301.813 301.813 301.813 301.806 300.006 300 300 300 300 300 300 300 300 300 300 300 300 300 300 300 300 300 300 300 300 300 300 300 300 300 300 300 300 300 300 300 300 300 300 300 300 300 299.994 298.193 298.187 298.187 298.187 298.187 298.187 298.187 298.187 298.187 298.187 298.187 298.187 298.187 298.187 298.187 298.187 298.187 298.187 298.187 298.187 298.187 298.187 298.187 298.187 298.187 298.187 298.187 298.187 298.187 298.187 
301.821 301.821 301.821 301.821 301.821 301.821 301.821 301.821 301.821 301.821 301.821 301.821 301.821 301.821 301.821 301.821 301.821 301.821 301.821 301.821 301.821 301.821 301.821 301.821 301.821 301.821 301.821 301.821 301.821 301.821 301.815 300.006 300 300 300 300 300 300 300 300 300 300 300 300 300 300 300 300 300 300 300 300 300 300 300 300 300 300 300 300 300 300 300 300 300 300 300 300 300 299.994 298.185 298.179 298.179 298.179 298.179 298.179 298.179 298.179 298.179 298.179 298.179 298.179 298.179 298.179 298.179 298.179 298.179 298.179 298.179 298.179 298.179 298.179 298.179 298.179 298.179 298.179 298.179 298.179 298.179 298.179 
301.829 301.829 301.829 301.829 301.829 301.829 301.829 301.829 301.829 301.829 301.829 301.829 301.829 301.829 301.829 301.829 301.829 301.829 301.829 301.829 301.829 301.829 301.829 301.829 301.829 301.829 301.829 301.829 301.829 301.829 301.823 300.006 300 300 300 300 300 300 300 300 300 300 300 300 300 300 300 300 300 300 300 300 300 300 300 300 300 300 300 300 300 300 300 300 300 300 300 300 300 299.994 298.177 298.17 298.17 298.17 298.17 298.17 298.17 298.17 298.17 298.17 298.17 298.17 298.17 298.17 298.17 298.17 298.17 298.17 298.17 298.17 298.17 298.17 298.17 298.17 298.17 298.17 298.17 298.17 298.17 298.17 
301.838 301.838 301.838 301.838 301.838 301.838 301.838 301.838 301.838 301.838 301.838 301.838 301.838 301.838 301.838 301.838 301.838 301.838 301.838 301.838 301.838 301.838 301.838 301.838 301.838 301.838 301.838 301.838 301.838 301.838 301.831 300.007 300 300 300 300 300 300 300 300 300 300 300 300 300 300 300 300 300 300 300 300 300 300 300 300 300 300 300 300 300 300 300 300 300 300 300 300 300 299.993 298.169 298.162 298.162 298.162 298.162 298.162 298.162 298.162 298.162 298.162 298.162 298.162 298.162 298.162 298.162 298.162 298.162 298.162 298.162 298.162 298.162 298.162 298.162 298.162 298.162 298.162 298.162 298.162 298.162 298.162 
301.846 301.846 301.846 301.846 301.846 301.846 301.846 301.846 301.846 301.846 301.846 301.846 301.846 301.846 301.846 301.846 301.846 301.846 301.846 301.846 301.846 301.846 301.846 301.846 301.846 301.846 301.846 301.846 301.846 301.846 301.839 300.007 300 300 300 300 300 300 300 300 300 300 300 300 300 300 300 300 300 300 300 300 300 300 300 300 300 300 300 300 300 300 300 300 300 300 300 300 300 299.993 298.16 298.154 298.154 298.154 298.154 298.154 298.154 298.154 298.154 298.154 298.154 298.154 298.154 298.154 298.154 298.154 298.154 298.154 298.154 298.154 298.154 298.154 298.154 298.154 298.154 298.154 298.154 298.154 298.154 298.154 
301.854 301.854 301.854 301.854 301.854 301.854 301.854 301.854 301.854 301.854 301.854 301.854 301.854 301.854 301.854 301.854 301.854 301.854 301.854 301.854 301.854 301.854 301.854 301.854 301.854 301.854 301.854 301.854 301.854 301.854 301.847 300.007 300 300 300 300 300 300 300 300 300 300 300 300 300 300 300 300 300 300 300 300 300 300 300 300 300 300 300 300 300 300 300 300 300 300 300 300 300 299.993 298.152 298.146 298.146 298.146 298.146 298.146 298.146 298.146 298.146 298.146 298.146 298.146 298.146 298.146 298.146 298.146 298.146 298.146 298.146 298.146 298.146 298.146 298.146 298.146 298.146 298.146 298.146 298.146 298.146 298.146 
301.862 301.862 301.862 301.862 301.862 301.862 301.862 301.862 301.862 301.862 301.862 301.862 301.862 301.862 301.862 301.862 301.862 301.862 301.862 301.862 301.862 301.862 301.862 301.862 301.862 301.862 301.862 301.862 301.862 301.862 301.856 300.007 300 300 300 300 300 300 300 300 300 300 300 300 300 300 300 300 300 300 300 300 300 300 300 300 300 300 300 300 300 300 300 300 300 300 300 300 300 299.993 298.144 298.137 298.137 298.137 298.137 298.137 298.137 298.137 298.137 298.137 298.137 298.137 298.137 298.137 298.137 298.137 298.137 298.137 298.137 298.137 298.137 298.137 298.137 298.137 298.137 298.137 298.137 298.137 298.137 298.137 
301.871 301.871 301.871 301.871 301.871 301.871 301.871 301.871 301.871 301.871 301.871 301.871 301.871 301.871 301.871 301.871 301.871 301.871 301.871 301.871 301.871 301.871 301.871 301.871 301.871 301.871 301.871 301.871 301.871 301.871 301.864 300.007 300 300 300 300 300 300 300 300 300 300 300 300 300 300 300 300 300 300 300 300 300 300 300 300 300 300 300 300 300 300 300 300 300 300 300 300 300 299.993 298.136 298.129 298.129 298.129 298.129 298.129 298.129 298.129 298.129 298.129 298.129 298.129 298.129 298.129 298.129 298.129 298.129 298.129 298.129 298.129 298.129 298.129 298.129 298.129 298.129 298.129 298.129 298.129 298.129 298.129 
301.879 301.879 301.879 301.879 301.879 301.879 301.879 301.879 301.879 301.879 301.879 301.879 301.879 301.879 301.879 301.879 301.879 301.879 301.879 301.879 301.879 301.879 301.879 301.879 301.879 301.879 301.879 301.879 301.879 301.879 301.872 300.007 300 300 300 300 300 300 300 300 300 300 300 300 300 300 300 300 300 300 300 300 300 300 300 300 300 300 300 300 300 300 300 300 300 300 300 300 300 299.993 298.128 298.121 298.121 298.121 298.121 298.121 298.121 298.121 298.121 298.121 298.121 298.121 298.121 298.121 298.121 298.121 298.121 298.121 298.121 298.121 298.121 298.121 298.121 298.121 298.121 298.121 298.121 298.121 298.121 298.121 
301.887 301.887 301.887 301.887 301.887 301.887 301.887 301.887 301.887 301.887 301.887 301.887 301.887 301.887 301.887 301.887 301.887 301.887 301.887 301.887 301.887 301.887 301.887 301.887 301.887 301.887 301.887 301.887 301.887 301.887 301.88 300.007 300 300 300 300 300 300 300 300 300 300 300 300 300 300 300 300 300 300 300 300 300 300 300 300 300 300 300 300 300 300 300 300 300 300 300 300 300 299.993 298.119 298.112 298.112 298.112 298.112 298.112 298.112 298.112 298.112 298.112 298.112 298.112 298.112 298.112 298.112 298.112 298.112 298.112 298.112 298.112 298.112 298.112 298.112 298.112 298.112 298.112 298.112 298.112 298.112 298.112 
301.896 301.896 301.896 301.896 301.896 301.896 301.896 301.896 301.896 301.896 301.896 301.896 301.896 301.896 301.896 301.896 301.896 301.896 301.896 301.896 301.896 301.896 301.896 301.896 301.896 301.896 301.896 301.896 301.896 301.896 301.889 300.007 300 300 300 300 300 300 300 300 300 300 300 300 300 300 300 300 300 300 300 300 300 300 300 300 300 300 300 300 300 300 300 300 300 300 300 300 300 299.993 298.111 298.104 298.104 298.104 298.104 298.104 298.104 298.104 298.104 298.104 298.104 298.104 298.104 298.104 298.104 298.104 298.104 298.104 298.104 298.104 298.104 298.104 298.104 298.104 298.104 298.104 298.104 298.104 298.104 298.104 
301.904 301.904 301.904 301.904 301.904 301.904 301.904 301.904 301.904 301.904 301.904 301.904 301.904 301.904 301.904 301.904 301.904 301.904 301.904 301.904 301.904 301.904 301.904 301.904 301.904 301.904 301.904 301.904 301.904 301.904 301.897 300.007 300 300 300 300 300 300 300 300 300 300 300 300 300 300 300 300 300 300 300 300 300 300 300 300 300 300 300 300 300 300 300 300 300 300 300 300 300 299.993 298.103 298.096 298.096 298.096 298.096 298.096 298.096 298.096 298.096 298.096 298.096 298.096 298.096 298.096 298.096 298.096 298.096 298.096 298.096 298.096 298.096 298.096 298.096 298.096 298.096 298.096 298.096 298.096 298.096 298.096 
301.912 301.912 301.912 301.912 301.912 301.912 301.912 301.912 301.912 301.912 301.912 301.912 301.912 301.912 301.912 301.912 301.912 301.912 301.912 301.912 301.912 301.912 301.912 301.912 301.912 301.912 301.912 301.912 301.912 301.912 301.905 300.007 300 300 300 300 300 300 300 300 300 300 300 300 300 300 300 300 300 300 300 300 300 300 300 300 300 300 300 300 300 300 300 300 300 300 300 300 300 299.993 298.095 298.088 298.088 298.088 298.088 298.088 298.088 298.088 298.088 298.088 298.088 298.088 298.088 298.088 298.088 298.088 298.088 298.088 298.088 298.088 298.088 298.088 298.088 298.088 298.088 298.088 298.088 298.088 298.088 298.088 
301.92 301.92 301.92 301.92 301.92 301.92 301.92 301.92 301.92 301.92 301.92 301.92 301.92 301.92 301.92 301.92 301.92 301.92 301.92 301.92 301.92 301.92 301.92 301.92 301.92 301.92 301.92 301.92 301.92 301.92 301.913 300.007 300 300 300 300 300 300 300 300 300 300 300 300 300 300 300 300 300 300 300 300 300 300 300 300 300 300 300 300 300 300 300 300 300 300 300 300 300 299.993 298.086 298.079 298.079 298.079 298.079 298.079 298.079 298.079 298.079 298.079 298.079 298.079 298.079 298.079 298.079 298.079 298.079 298.079 298.079 298.079 298.079 298.079 298.079 298.079 298.079 298.079 298.079 298.079 298.079 298.079 
301.929 301.929 301.929 301.929 301.929 301.929 301.929 301.929 301.929 301.929 301.929 301.929 301.929 301.929 301.929 301.929 301.929 301.929 301.929 301.929 301.929 301.929 301.929 301.929 301.929 301.929 301.929 301.929 301.929 301.929 301.921 300.007 300 300 300 300 300 300 300 300 300 300 300 300 300 300 300 300 300 300 300 300 300 300 300 300 300 300 300 300 300 300 300 300 300 300 300 300 300 299.993 298.078 298.071 298.071 298.071 298.071 298.071 298.071 298.071 298.071 298.071 298.071 298.071 298.071 298.071 298.071 298.071 298.071 298.071 298.071 298.071 298.071 298.071 298.071 298.071 298.071 298.071 298.071 298.071 298.071 298.071 
301.937 301.937 301.937 301.937 301.937 301.937 301.937 301.937 301.937 301.937 301.937 301.937 301.937 301.937 301.937 301.937 301.937 301.937 301.937 301.937 301.937 301.937 301.937 301.937 301.937 301.937 301.937 301.937 301.937 301.937 301.93 300.007 300 300 300 300 300 300 300 300 300 300 300 300 300 300 300 300 300 300 300 300 300 300 300 300 300 300 300 300 300 300 300 300 300 300 300 300 300 299.993 298.07 298.063 298.063 298.063 298.063 298.063 298.063 298.063 298.063 298.063 298.063 298.063 298.063 298.063 298.063 298.063 298.063 298.063 298.063 298.063 298.063 298.063 298.063 298.063 298.063 298.063 298.063 298.063 298.063 298.063 
301.945 301.945 301.945 301.945 301.945 301.945 301.945 301.945 301.945 301.945 301.945 301.945 301.945 301.945 301.945 301.945 301.945 301.945 301.945 301.945 301.945 301.945 301.945 301.945 301.945 301.945 301.945 301.945 301.945 301.945 301.938 300.007 300 300 300 300 300 300 300 300 300 300 300 300 300 300 300 300 300 300 300 300 300 300 300 300 300 300 300 300 300 300 300 300 300 300 300 300 300 299.993 298.062 298.054 298.054 298.054 298.054 298.054 298.054 298.054 298.054 298.054 298.054 298.054 298.054 298.054 298.054 298.054 298.054 298.054 298.054 298.054 298.054 298.054 298.054 298.054 298.054 298.054 298.054 298.054 298.054 298.054 
301.953 301.953 301.953 301.953 301.953 301.953 301.953 301.953 301.953 301.953 301.953 301.953 301.953 301.953 301.953 301.953 301.953 301.953 301.953 301.953 301.953 301.953 301.953 301.953 301.953 301.953 301.953 301.953 301.953 301.953 301.946 300.007 300 300 300 300 300 300 300 300 300 300 300 300 300 300 300 300 300 300 300 300 300 300 300 300 300 300 300 300 300 300 300 300 300 300 300 300 300 299.993 298.054 298.046 298.046 298.046 298.046 298.046 298.046 298.046 298.046 298.046 298.046 298.046 298.046 298.046 298.046 298.046 298.046 298.046 298.046 298.046 298.046 298.046 298.046 298.046 298.046 298.046 298.046 298.046 298.046 298.046 
301.962 301.962 301.962 301.962 301.962 301.962 301.962 301.962 301.962 301.962 301.962 301.962 301.962 301.962 301.962 301.962 301.962 301.962 301.962 301.962 301.962 301.962 301.962 301.962 301.962 301.962 301.962 301.962 301.962 301.962 301.954 300.007 300 300 300 300 300 300 300 300 300 300 300 300 300 300 300 300 300 300 300 300 300 300 300 300 300 300 300 300 300 300 300 300 300 300 300 300 300 299.993 298.045 298.038 298.038 298.038 298.038 298.038 298.038 298.038 298.038 298.038 298.038 298.038 298.038 298.038 298.038 298.038 298.038 298.038 298.038 298.038 298.038 298.038 298.038 298.038 298.038 298.038 298.038 298.038 298.038 298.038 
301.97 301.97 301.97 301.97 301.97 301.97 301.97 301.97 301.97 301.97 301.97 301.97 301.97 301.97 301.97 301.97 301.97 301.97 301.97 301.97 301.97 301.97 301.97 301.97 301.97 301.97 301.97 301.97 301.97 301.97 301.962 300.008 300 300 300 300 300 300 300 300 300 300 300 300 300 300 300 300 300 300 300 300 300 300 300 300 300 300 300 300 300 300 300 300 300 300 300 300 300 299.992 298.037 298.03 298.03 298.03 298.03 298.03 298.03 298.03 298.03 298.03 298.03 298.03 298.03 298.03 298.03 298.03 298.03 298.03 298.03 298.03 298.03 298.03 298.03 298.03 298.03 298.03 298.03 298.03 298.03 298.03 
301.978 301.978 301.978 301.978 301.978 301.978 301.978 301.978 301.978 301.978 301.978 301.978 301.978 301.978 301.978 301.978 301.978 301.978 301.978 301.978 301.978 301.978 301.978 301.978 301.978 301.978 301.978 301.978 301.978 301.978 301.971 300.008 300 300 300 300 300 300 300 300 300 300 300 300 300 300 300 300 300 300 300 300 300 300 300 300 300 300 300 300 300 300 300 300 300 300 300 300 300 299.992 298.029 298.021 298.021 298.021 298.021 298.021 298.021 298.021 298.021 298.021 298.021 298.021 298.021 298.021 298.021 298.021 298.021 298.021 298.021 298.021 298.021 298.021 298.021 298.021 298.021 298.021 298.021 298.021 298.021 298.021 
301.987 301.987 301.987 301.987 301.987 301.987 301.987 301.987 301.987 301.987 301.987 301.987 301.987 301.987 301.987 301.987 301.987 301.987 301.987 301.987 301.987 301.987 301.987 301.987 301.987 301.987 301.987 301.987 301.987 301.987 301.979 300.008 300 300 300 300 300 300 300 300 300 300 300 300 300 300 300 300 300 300 300 300 300 300 300 300 300 300 300 300 300 300 300 300 300 300 300 300 300 299.992 298.021 298.013 298.013 298.013 298.013 298.013 298.013 298.013 298.013 298.013 298.013 298.013 298.013 298.013 298.013 298.013 298.013 298.013 298.013 298.013 298.013 298.013 298.013 298.013 298.013 298.013 298.013 298.013 298.013 298.013 
301.995 301.995 301.995 301.995 301.995 301.995 301.995 301.995 301.995 301.995 301.995 301.995 301.995 301.995 301.995 301.995 301.995 301.995 301.995 301.995 301.995 301.995 301.995 301.995 301.995 301.995 301.995 301.995 301.995 301.995 301.987 300.008 300 300 300 300 300 300 300 300 300 300 300 300 300 300 300 300 300 300 300 300 300 300 300 300 300 300 300 300 300 300 300 300 300 300 300 300 300 299.992 298.013 298.005 298.005 298.005 298.005 298.005 298.005 298.005 298.005 298.005 298.005 298.005 298.005 298.005 298.005 298.005 298.005 298.005 298.005 298.005 298.005 298.005 298.005 298.005 298.005 298.005 298.005 298.005 298.005 298.005 
302.003 302.003 302.003 302.003 302.003 302.003 302.003 302.003 302.003 302.003 302.003 302.003 302.003 302.003 302.003 302.003 302.003 302.003 302.003 302.003 302.003 302.003 302.003 302.003 302.003 302.003 302.003 302.003 302.003 302.003 301.995 300.008 300 300 300 300 300 300 300 300 300 300 300 300 300 300 300 300 300 300 300 300 300 300 300 300 300 300 300 300 300 300 300 300 300 300 300 300 300 299.992 298.004 297.997 297.997 297.997 297.997 297.997 297.997 297.997 297.997 297.997 297.997 297.997 297.997 297.997 297.997 297.997 297.997 297.997 297.997 297.997 297.997 297.997 297.997 297.997 297.997 297.997 297.997 297.997 297.997 297.997 
302.011 302.011 302.011 302.011 302.011 302.011 302.011 302.011 302.011 302.011 302.011 302.011 302.011 302.011 302.011 302.011 302.011 302.011 302.011 302.011 302.011 302.011 302.011 302.011 302.011 302.011 302.011 302.011 302.011 302.011 302.004 300.008 300 300 300 300 300 300 300 300 300 300 300 300 300 300 300 300 300 300 300 300 300 300 300 300 300 300 300 300 300 300 300 300 300 300 300 300 300 299.992 297.996 297.988 297.988 297.988 297.988 297.988 297.988 297.988 297.988 297.988 297.988 297.988 297.988 297.988 297.988 297.988 297.988 297.988 297.988 297.988 297.988 297.988 297.988 297.988 297.988 297.988 297.988 297.988 297.988 297.988 
302.02 302.02 302.02 302.02 302.02 302.02 302.02 302.02 302.02 302.02 302.02 302.02 302.02 302.02 302.02 302.02 302.02 302.02 302.02 302.02 302.02 302.02 302.02 302.02 302.02 302.02 302.02 302.02 302.02 302.02 302.012 300.008 300 300 300 300 300 300 300 300 300 300 300 300 300 300 300 300 300 300 300 300 300 300 300 300 300 300 300 300 300 300 300 300 300 300 300 300 300 299.992 297.988 297.98 297.98 297.98 297.98 297.98 297.98 297.98 297.98 297.98 297.98 297.98 297.98 297.98 297.98 297.98 297.98 297.98 297.98 297.98 297.98 297.98 297.98 297.98 297.98 297.98 297.98 297.98 297.98 297.98 
302.028 302.028 302.028 302.028 302.028 302.028 302.028 302.028 302.028 302.028 302.028 302.028 302.028 302.028 302.028 302.028 302.028 302.028 302.028 302.028 302.028 302.028 302.028 302.028 302.028 302.028 302.028 302.028 302.028 302.028 302.02 300.008 300 300 300 300 300 300 300 300 300 300 300 300 300 300 300 300 300 300 300 300 300 300 300 300 300 300 300 300 300 300 300 300 300 300 300 300 300 299.992 297.98 297.972 297.972 297.972 297.972 297.972 297.972 297.972 297.972 297.972 297.972 297.972 297.972 297.972 297.972 297.972 297.972 297.972 297.972 297.972 297.972 297.972 297.972 297.972 297.972 297.972 297.972 297.972 297.972 297.972 
302.036 302.036 302.036 302.036 302.036 302.036 302.036 302.036 302.036 302.036 302.036 302.036 302.036 302.036 302.036 302.036 302.036 302.036 302.036 302.036 302.036 302.036 302.036 302.036 302.036 302.036 302.036 302.036 302.036 302.036 302.028 300.008 300 300 300 300 300 300 300 300 300 300 300 300 300 300 300 300 300 300 300 300 300 300 300 300 300 300 300 300 300 300 300 300 300 300 300 300 300 299.992 297.971 297.963 297.963 297.963 297.963 297.963 297.963 297.963 297.963 297.963 297.963 297.963 297.963 297.963 297.963 297.963 297.963 297.963 297.963 297.963 297.963 297.963 297.963 297.963 297.963 297.963 297.963 297.963 297.963 297.963 
302.044 302.044 302.044 302.044 302.044 302.044 302.044 302.044 302.044 302.044 302.044 302.044 302.044 302.044 302.044 302.044 302.044 302.044 302.044 302.044 302.044 302.044 302.044 302.044 302.044 302.044 302.044 302.044 302.044 302.044 302.036 300.008 300 300 300 300 300 300 300 300 300 300 300 300 300 300 300 300 300 300 300 300 300 300 300 300 300 300 300 300 300 300 300 300 300 300 300 300 300 299.992 297.963 297.955 297.955 297.955 297.955 297.955 297.955 297.955 297.955 297.955 297.955 297.955 297.955 297.955 297.955 297.955 297.955 297.955 297.955 297.955 297.955 297.955 297.955 297.955 297.955 297.955 297.955 297.955 297.955 297.955 
302.053 302.053 302.053 302.053 302.053 302.053 302.053 302.053 302.053 302.053 302.053 302.053 302.053 302.053 302.053 302.053 302.053 302.053 302.053 302.053 302.053 302.053 302.053 302.053 302.053 302.053 302.053 302.053 302.053 302.053 302.045 300.008 300 300 300 300 300 300 300 300 300 300 300 300 300 300 300 300 300 300 300 300 300 300 300 300 300 300 300 300 300 300 300 300 300 300 300 300 300 299.992 297.955 297.947 297.947 297.947 297.947 297.947 297.947 297.947 297.947 297.947 297.947 297.947 297.947 297.947 297.947 297.947 297.947 297.947 297.947 297.947 297.947 297.947 297.947 297.947 297.947 297.947 297.947 297.947 297.947 297.947 
302.061 302.061 302.061 302.061 302.061 302.061 302.061 302.061 302.061 302.061 302.061 302.061 302.061 302.061 302.061 302.061 302.061 302.061 302.061 302.061 302.061 302.061 302.061 302.061 302.061 302.061 302.061 302.061 302.061 302.061 302.053 300.008 300 300 300 300 300 300 300 300 300 300 300 300 300 300 300 300 300 300 300 300 300 300 300 300 300 300 300 300 300 300 300 300 300 300 300 300 300 299.992 297.947 297.939 297.939 297.939 297.939 297.939 297.939 297.939 297.939 297.939 297.939 297.939 297.939 297.939 297.939 297.939 297.939 297.939 297.939 297.939 297.939 297.939 297.939 297.939 297.939 297.939 297.939 297.939 297.939 297.939 
302.069 302.069 302.069 302.069 302.069 302.069 302.069 302.069 302.069 302.069 302.069 302.069 302.069 302.069 302.069 302.069 302.069 302.069 302.069 302.069 302.069 302.069 302.069 302.069 302.069 302.069 302.069 302.069 302.069 302.069 302.061 300.008 300 300 300 300 300 300 300 300 300 300 300 300 300 300 300 300 300 300 300 300 300 300 300 300 300 300 300 300 300 300 300 300 300 300 300 300 300 299.992 297.939 297.93 297.93 297.93 297.93 297.93 297.93 297.93 297.93 297.93 297.93 297.93 297.93 297.93 297.93 297.93 297.93 297.93 297.93 297.93 297.93 297.93 297.93 297.93 297.93 297.93 297.93 297.93 297.93 297.93 
302.078 302.078 302.078 302.078 302.078 302.078 302.078 302.078 302.078 302.078 302.078 302.078 302.078 302.078 302.078 302.078 302.078 302.078 302.078 302.078 302.078 302.078 302.078 302.078 302.078 302.078 302.078 302.078 302.078 302.078 302.069 300.008 300 300 300 300 300 300 300 300 300 300 300 300 300 300 300 300 300 300 300 300 300 300 300 300 300 300 300 300 300 300 300 300 300 300 300 300 300 299.992 297.93 297.922 297.922 297.922 297.922 297.922 297.922 297.922 297.922 297.922 297.922 297.922 297.922 297.922 297.922 297.922 297.922 297.922 297.922 297.922 297.922 297.922 297.922 297.922 297.922 297.922 297.922 297.922 297.922 297.922 
302.086 302.086 302.086 302.086 302.086 302.086 302.086 302.086 302.086 302.086 302.086 302.086 302.086 302.086 302.086 302.086 302.086 302.086 302.086 302.086 302.086 302.086 302.086 302.086 302.086 302.086 302.086 302.086 302.086 302.086 302.077 300.008 300 300 300 300 300 300 300 300 300 300 300 300 300 300 300 300 300 300 300 300 300 300 300 300 300 300 300 300 300 300 300 300 300 300 300 300 300 299.992 297.922 297.914 297.914 297.914 297.914 297.914 297.914 297.914 297.914 297.914 297.914 297.914 297.914 297.914 297.914 297.914 297.914 297.914 297.914 297.914 297.914 297.914 297.914 297.914 297.914 297.914 297.914 297.914 297.914 297.914 
302.094 302.094 302.094 302.094 302.094 302.094 302.094 302.094 302.094 302.094 302.094 302.094 302.094 302.094 302.094 302.094 302.094 302.094 302.094 302.094 302.094 302.094 302.094 302.094 302.094 302.094 302.094 302.094 302.094 302.094 302.086 300.009 300 300 300 300 300 300 300 300 300 300 300 300 300 300 300 300 300 300 300 300 300 300 300 300 300 300 300 300 300 300 300 300 300 300 300 300 300 299.992 297.914 297.905 297.905 297.905 297.905 297.905 297.905 297.905 297.905 297.905 297.905 297.905 297.905 297.905 297.905 297.905 297.905 297.905 297.905 297.905 297.905 297.905 297.905 297.905 297.905 297.905 297.905 297.905 297.905 297.905 
302.102 302.102 302.102 302.102 302.102 302.102 302.102 302.102 302.102 302.102 302.102 302.102 302.102 302.102 302.102 302.102 302.102 302.102 302.102 302.102 302.102 302.102 302.102 302.102 302.102 302.102 302.102 302.102 302.102 302.102 302.094 300.009 300 300 300 300 300 300 300 300 300 300 300 300 300 300 300 300 300 300 300 300 300 300 300 300 300 300 300 300 300 300 300 300 300 300 300 300 300 299.991 297.906 297.897 297.897 297.897 297.897 297.897 297.897 297.897 297.897 297.897 297.897 297.897 297.897 297.897 297.897 297.897 297.897 297.897 297.897 297.897 297.897 297.897 297.897 297.897 297.897 297.897 297.897 297.897 297.897 297.897 
302.111 302.111 302.111 302.111 302.111 302.111 302.111 302.111 302.111 302.111 302.111 302.111 302.111 302.111 302.111 302.111 302.111 302.111 302.111 302.111 302.111 302.111 302.111 302.111 302.111 302.111 302.111 302.111 302.111 302.111 302.102 300.009 300 300 300 300 300 300 300 300 300 300 300 300 300 300 300 300 300 300 300 300 300 300 300 300 300 300 300 300 300 300 300 300 300 300 300 300 300 299.991 297.898 297.889 297.889 297.889 297.889 297.889 297.889 297.889 297.889 297.889 297.889 297.889 297.889 297.889 297.889 297.889 297.889 297.889 297.889 297.889 297.889 297.889 297.889 297.889 297.889 297.889 297.889 297.889 297.889 297.889 
302.119 302.119 302.119 302.119 302.119 302.119 302.119 302.119 302.119 302.119 302.119 302.119 302.119 302.119 302.119 302.119 302.119 302.119 302.119 302.119 302.119 302.119 302.119 302.119 302.119 302.119 302.119 302.119 302.119 302.119 302.11 300.009 300 300 300 300 300 300 300 300 300 300 300 300 300 300 300 300 300 300 300 300 300 300 300 300 300 300 300 300 300 300 300 300 300 300 300 300 300 299.991 297.889 297.881 297.881 297.881 297.881 297.881 297.881 297.881 297.881 297.881 297.881 297.881 297.881 297.881 297.881 297.881 297.881 297.881 297.881 297.881 297.881 297.881 297.881 297.881 297.881 297.881 297.881 297.881 297.881 297.881 
302.127 302.127 302.127 302.127 302.127 302.127 302.127 302.127 302.127 302.127 302.127 302.127 302.127 302.127 302.127 302.127 302.127 302.127 302.127 302.127 302.127 302.127 302.127 302.127 302.127 302.127 302.127 302.127 302.127 302.127 302.118 300.009 300 300 300 300 300 300 300 300 300 300 300 300 300 300 300 300 300 300 300 300 300 300 300 300 300 300 300 300 300 300 300 300 300 300 300 300 300 299.991 297.881 297.872 297.872 297.872 297.872 297.872 297.872 297.872 297.872 297.872 297.872 297.872 297.872 297.872 297.872 297.872 297.872 297.872 297.872 297.872 297.872 297.872 297.872 297.872 297.872 297.872 297.872 297.872 297.872 297.872 
302.136 302.136 302.136 302.136 302.136 302.136 302.136 302.136 302.136 302.136 302.136 302.136 302.136 302.136 302.136 302.136 302.136 302.136 302.136 302.136 302.136 302.136 302.136 302.136 302.136 302.136 302.136 302.136 302.136 302.135 302.127 300.009 300 300 300 300 300 300 300 300 300 300 300 300 300 300 300 300 300 300 300 300 300 300 300 300 300 300 300 300 300 300 300 300 300 300 300 300 300 299.991 297.873 297.864 297.864 297.864 297.864 297.864 297.864 297.864 297.864 297.864 297.864 297.864 297.864 297.864 297.864 297.864 297.864 297.864 297.864 297.864 297.864 297.864 297.864 297.864 297.864 297.864 297.864 297.864 297.864 297.864 
302.144 302.144 302.144 302.144 302.144 302.144 302.144 302.144 302.144 302.144 302.144 302.144 302.144 302.144 302.144 302.144 302.144 302.144 302.144 302.144 302.144 302.144 302.144 302.144 302.144 302.144 302.144 302.144 302.144 302.144 302.135 300.009 300 300 300 300 300 300 300 300 300 300 300 300 300 300 300 300 300 300 300 300 300 300 300 300 300 300 300 300 300 300 300 300 300 300 300 300 300 299.991 297.865 297.856 297.856 297.856 297.856 297.856 297.856 297.856 297.856 297.856 297.856 297.856 297.856 297.856 297.856 297.856 297.856 297.856 297.856 297.856 297.856 297.856 297.856 297.856 297.856 297.856 297.856 297.856 297.856 297.856 
302.152 302.152 302.152 302.152 302.152 302.152 302.152 302.152 302.152 302.152 302.152 302.152 302.152 302.152 302.152 302.152 302.152 302.152 302.152 302.152 302.152 302.152 302.152 302.152 302.152 302.152 302.152 302.152 302.152 302.152 302.143 300.009 300 300 300 300 300 300 300 300 300 300 300 300 300 300 300 300 300 300 300 300 300 300 300 300 300 300 300 300 300 300 300 300 300 300 300 300 300 299.991 297.856 297.848 297.848 297.848 297.848 297.848 297.848 297.848 297.848 297.848 297.848 297.848 297.848 297.848 297.848 297.848 297.848 297.848 297.848 297.848 297.848 297.848 297.848 297.848 297.848 297.848 297.848 297.848 297.848 297.848 
302.16 302.16 302.16 302.16 302.16 302.16 302.16 302.16 302.16 302.16 302.16 302.16 302.16 302.16 302.16 302.16 302.16 302.16 302.16 302.16 302.16 302.16 302.16 302.16 302.16 302.16 302.16 302.16 302.16 302.16 302.151 300.009 300 300 300 300 300 300 300 300 300 300 300 300 300 300 300 300 300 300 300 300 300 300 300 300 300 300 300 300 300 300 300 300 300 300 300 300 300 299.991 297.848 297.839 297.839 297.839 297.839 297.839 297.839 297.839 297.839 297.839 297.839 297.839 297.839 297.839 297.839 297.839 297.839 297.839 297.839 297.839 297.839 297.839 297.839 297.839 297.839 297.839 297.839 297.839 297.839 297.839 
302.169 302.169 302.169 302.169 302.169 302.169 302.169 302.169 302.169 302.169 302.169 302.169 302.169 302.169 302.169 302.169 302.169 302.169 302.169 302.169 302.169 302.169 302.169 302.169 302.169 302.169 302.169 302.169 302.169 302.169 302.16 300.009 300 300 300 300 300 300 300 300 300 300 300 300 300 300 300 300 300 300 300 300 300 300 300 300 300 300 300 300 300 300 300 300 300 300 300 300 300 299.991 297.84 297.831 297.831 297.831 297.831 297.831 297.831 297.831 297.831 297.831 297.831 297.831 297.831 297.831 297.831 297.831 297.831 297.831 297.831 297.831 297.831 297.831 297.831 297.831 297.831 297.831 297.831 297.831 297.831 297.831 
302.177 302.177 302.177 302.177 302.177 302.177 302.177 302.177 302.177 302.177 302.177 302.177 302.177 302.177 302.177 302.177 302.177 302.177 302.177 302.177 302.177 302.177 302.177 302.177 302.177 302.177 302.177 302.177 302.177 302.177 302.168 300.009 300 300 300 300 300 300 300 300 300 300 300 300 300 300 300 300 300 300 300 300 300 300 300 300 300 300 300 300 300 300 300 300 300 300 300 300 300 299.991 297.832 297.823 297.823 297.823 297.823 297.823 297.823 297.823 297.823 297.823 297.823 297.823 297.823 297.823 297.823 297.823 297.823 297.823 297.823 297.823 297.823 297.823 297.823 297.823 297.823 297.823 297.823 297.823 297.823 297.823 
302.185 302.185 302.185 302.185 302.185 302.185 302.185 302.185 302.185 302.185 302.185 302.185 302.185 302.185 302.185 302.185 302.185 302.185 302.185 302.185 302.185 302.185 302.185 302.185 302.185 302.185 302.185 302.185 302.185 302.185 302.176 300.009 300 300 300 300 300 300 300 300 300 300 300 300 300 300 300 300 300 300 300 300 300 300 300 300 300 300 300 300 300 300 300 300 300 300 300 300 300 299.991 297.824 297.814 297.814 297.814 297.814 297.814 297.814 297.814 297.814 297.814 297.814 297.814 297.814 297.814 297.814 297.814 297.814 297.814 297.814 297.814 297.814 297.814 297.814 297.814 297.814 297.814 297.814 297.814 297.814 297.814 
302.193 302.193 302.193 302.193 302.193 302.193 302.193 302.193 302.193 302.193 302.193 302.193 302.193 302.193 302.193 302.193 302.193 302.193 302.193 302.193 302.193 302.193 302.193 302.193 302.193 302.193 302.193 302.193 302.193 302.193 302.184 300.009 300 300 300 300 300 300 300 300 300 300 300 300 300 300 300 300 300 300 300 300 300 300 300 300 300 300 300 300 300 300 300 300 300 300 300 300 300 299.991 297.815 297.806 297.806 297.806 297.806 297.806 297.806 297.806 297.806 297.806 297.806 297.806 297.806 297.806 297.806 297.806 297.806 297.806 297.806 297.806 297.806 297.806 297.806 297.806 297.806 297.806 297.806 297.806 297.806 297.806 
302.202 302.202 302.202 302.202 302.202 302.202 302.202 302.202 302.202 302.202 302.202 302.202 302.202 302.202 302.202 302.202 302.202 302.202 302.202 302.202 302.202 302.202 302.202 302.202 302.202 302.202 302.202 302.202 302.202 302.202 302.192 300.009 300 300 300 300 300 300 300 300 300 300 300 300 300 300 300 300 300 300 300 300 300 300 300 300 300 300 300 300 300 300 300 300 300 300 300 300 300 299.991 297.807 297.798 297.798 297.798 297.798 297.798 297.798 297.798 297.798 297.798 297.798 297.798 297.798 297.798 297.798 297.798 297.798 297.798 297.798 297.798 297.798 297.798 297.798 297.798 297.798 297.798 297.798 297.798 297.798 297.798 
302.21 302.21 302.21 302.21 302.21 302.21 302.21 302.21 302.21 302.21 302.21 302.21 302.21 302.21 302.21 302.21 302.21 302.21 302.21 302.21 302.21 302.21 302.21 302.21 302.21 302.21 302.21 302.21 302.21 302.21 302.201 300.009 300 300 300 300 300 300 300 300 300 300 300 300 300 300 300 300 300 300 300 300 300 300 300 300 300 300 300 300 300 300 300 300 300 300 300 300 300 299.991 297.799 297.79 297.79 297.79 297.79 297.79 297.79 297.79 297.79 297.79 297.79 297.79 297.79 297.79 297.79 297.79 297.79 297.79 297.79 297.79 297.79 297.79 297.79 297.79 297.79 297.79 297.79 297.79 297.79 297.79 
302.218 302.218 302.218 302.218 302.218 302.218 302.218 302.218 302.218 302.218 302.218 302.218 302.218 302.218 302.218 302.218 302.218 302.218 302.218 302.218 302.218 302.218 302.218 302.218 302.218 302.218 302.218 302.218 302.218 302.218 302.209 300.01 300 300 300 300 300 300 300 300 300 300 300 300 300 300 300 300 300 300 300 300 300 300 300 300 300 300 300 300 300 300 300 300 300 300 300 300 300 299.99 297.791 297.781 297.781 297.781 297.781 297.781 297.781 297.781 297.781 297.781 297.781 297.781 297.781 297.781 297.781 297.781 297.781 297.781 297.781 297.781 297.781 297.781 297.781 297.781 297.781 297.781 297.781 297.781 297.781 297.781 
302.227 302.227 302.227 302.227 302.227 302.227 302.227 302.227 302.227 302.227 302.227 302.227 302.227 302.227 302.227 302.227 302.227 302.227 302.227 302.227 302.227 302.227 302.227 302.227 302.227 302.227 302.227 302.227 302.227 302.227 302.217 300.01 300 300 300 300 300 300 300 300 300 300 300 300 300 300 300 300 300 300 300 300 300 300 300 300 300 300 300 300 300 300 300 300 300 300 300 300 300 299.99 297.783 297.773 297.773 297.773 297.773 297.773 297.773 297.773 297.773 297.773 297.773 297.773 297.773 297.773 297.773 297.773 297.773 297.773 297.773 297.773 297.773 297.773 297.773 297.773 297.773 297.773 297.773 297.773 297.773 297.773 
302.235 302.235 302.235 302.235 302.235 302.235 302.235 302.235 302.235 302.235 302.235 302.235 302.235 302.235 302.235 302.235 302.235 302.235 302.235 302.235 302.235 302.235 302.235 302.235 302.235 302.235 302.235 302.235 302.235 302.235 302.225 300.01 300 300 300 300 300 300 300 300 300 300 300 300 300 300 300 300 300 300 300 300 300 300 300 300 300 300 300 300 300 300 300 300 300 300 300 300 300 299.99 297.774 297.765 297.765 297.765 297.765 297.765 297.765 297.765 297.765 297.765 297.765 297.765 297.765 297.765 297.765 297.765 297.765 297.765 297.765 297.765 297.765 297.765 297.765 297.765 297.765 297.765 297.765 297.765 297.765 297.765 
302.243 302.243 302.243 302.243 302.243 302.243 302.243 302.243 302.243 302.243 302.243 302.243 302.243 302.243 302.243 302.243 302.243 302.243 302.243 302.243 302.243 302.243 302.243 302.243 302.243 302.243 302.243 302.243 302.243 302.243 302.233 300.01 300 300 300 300 300 300 300 300 300 300 300 300 300 300 300 300 300 300 300 300 300 300 300 300 300 300 300 300 300 300 300 300 300 300 300 300 300 299.99 297.766 297.756 297.756 297.756 297.756 297.756 297.756 297.756 297.756 297.756 297.756 297.756 297.756 297.756 297.756 297.756 297.756 297.756 297.756 297.756 297.756 297.756 297.756 297.756 297.756 297.756 297.756 297.756 297.756 297.756 
302.251 302.251 302.251 302.251 302.251 302.251 302.251 302.251 302.251 302.251 302.251 302.251 302.251 302.251 302.251 302.251 302.251 302.251 302.251 302.251 302.251 302.251 302.251 302.251 302.251 302.251 302.251 302.251 302.251 302.251 302.242 300.01 300 300 300 300 300 300 300 300 300 300 300 300 300 300 300 300 300 300 300 300 300 300 300 300 300 300 300 300 300 300 300 300 300 300 300 300 300 299.99 297.758 297.748 297.748 297.748 297.748 297.748 297.748 297.748 297.748 297.748 297.748 297.748 297.748 297.748 297.748 297.748 297.748 297.748 297.748 297.748 297.748 297.748 297.748 297.748 297.748 297.748 297.748 297.748 297.748 297.748 
302.26 302.26 302.26 302.26 302.26 302.26 302.26 302.26 302.26 302.26 302.26 302.26 302.26 302.26 302.26 302.26 302.26 302.26 302.26 302.26 302.26 302.26 302.26 302.26 302.26 302.26 302.26 302.26 302.26 302.26 302.25 300.01 300 300 300 300 300 300 300 300 300 300 300 300 300 300 300 300 300 300 300 300 300 300 300 300 300 300 300 300 300 300 300 300 300 300 300 300 300 299.99 297.75 297.74 297.74 297.74 297.74 297.74 297.74 297.74 297.74 297.74 297.74 297.74 297.74 297.74 297.74 297.74 297.74 297.74 297.74 297.74 297.74 297.74 297.74 297.74 297.74 297.74 297.74 297.74 297.74 297.74 
302.268 302.268 302.268 302.268 302.268 302.268 302.268 302.268 302.268 302.268 302.268 302.268 302.268 302.268 302.268 302.268 302.268 302.268 302.268 302.268 302.268 302.268 302.268 302.268 302.268 302.268 302.268 302.268 302.268 302.268 302.258 300.01 300 300 300 300 300 300 300 300 300 300 300 300 300 300 300 300 300 300 300 300 300 300 300 300 300 300 300 300 300 300 300 300 300 300 300 300 300 299.99 297.742 297.732 297.732 297.732 297.732 297.732 297.732 297.732 297.732 297.732 297.732 297.732 297.732 297.732 297.732 297.732 297.732 297.732 297.732 297.732 297.732 297.732 297.732 297.732 297.732 297.732 297.732 297.732 297.732 297.732 
302.276 302.276 302.276 302.276 302.276 302.276 302.276 302.276 302.276 302.276 302.276 302.276 302.276 302.276 302.276 302.276 302.276 302.276 302.276 302.276 302.276 302.276 302.276 302.276 302.276 302.276 302.276 302.276 302.276 302.276 302.266 300.01 300 300 300 300 300 300 300 300 300 300 300 300 300 300 300 300 300 300 300 300 300 300 300 300 300 300 300 300 300 300 300 300 300 300 300 300 300 299.99 297.733 297.723 297.723 297.723 297.723 297.723 297.723 297.723 297.723 297.723 297.723 297.723 297.723 297.723 297.723 297.723 297.723 297.723 297.723 297.723 297.723 297.723 297.723 297.723 297.723 297.723 297.723 297.723 297.723 297.723 
302.284 302.284 302.284 302.284 302.284 302.284 302.284 302.284 302.284 302.284 302.284 302.284 302.284 302.284 302.284 302.284 302.284 302.284 302.284 302.284 302.284 302.284 302.284 302.284 302.284 302.284 302.284 302.284 302.284 302.284 302.274 300.01 300 300 300 300 300 300 300 300 300 300 300 300 300 300 300 300 300 300 300 300 300 300 300 300 300 300 300 300 300 300 300 300 300 300 300 300 300 299.99 297.725 297.715 297.715 297.715 297.715 297.715 297.715 297.715 297.715 297.715 297.715 297.715 297.715 297.715 297.715 297.715 297.715 297.715 297.715 297.715 297.715 297.715 297.715 297.715 297.715 297.715 297.715 297.715 297.715 297.715 
302.293 302.293 302.293 302.293 302.293 302.293 302.293 302.293 302.293 302.293 302.293 302.293 302.293 302.293 302.293 302.293 302.293 302.293 302.293 302.293 302.293 302.293 302.293 302.293 302.293 302.293 302.293 302.293 302.293 302.293 302.283 300.01 300 300 300 300 300 300 300 300 300 300 300 300 300 300 300 300 300 300 300 300 300 300 300 300 300 300 300 300 300 300 300 300 300 300 300 300 300 299.99 297.717 297.707 297.707 297.707 297.707 297.707 297.707 297.707 297.707 297.707 297.707 297.707 297.707 297.707 297.707 297.707 297.707 297.707 297.707 297.707 297.707 297.707 297.707 297.707 297.707 297.707 297.707 297.707 297.707 297.707 
302.301 302.301 302.301 302.301 302.301 302.301 302.301 302.301 302.301 302.301 302.301 302.301 302.301 302.301 302.301 302.301 302.301 302.301 302.301 302.301 302.301 302.301 302.301 302.301 302.301 302.301 302.301 302.301 302.301 302.301 302.291 300.01 300 300 300 300 300 300 300 300 300 300 300 300 300 300 300 300 300 300 300 300 300 300 300 300 300 300 300 300 300 300 300 300 300 300 300 300 300 299.99 297.709 297.699 297.699 297.699 297.699 297.699 297.699 297.699 297.699 297.699 297.699 297.699 297.699 297.699 297.699 297.699 297.699 297.699 297.699 297.699 297.699 297.699 297.699 297.699 297.699 297.699 297.699 297.699 297.699 297.699 
302.309 302.309 302.309 302.309 302.309 302.309 302.309 302.309 302.309 302.309 302.309 302.309 302.309 302.309 302.309 302.309 302.309 302.309 302.309 302.309 302.309 302.309 302.309 302.309 302.309 302.309 302.309 302.309 302.309 302.309 302.299 300.01 300 300 300 300 300 300 300 300 300 300 300 300 300 300 300 300 300 300 300 300 300 300 300 300 300 300 300 300 300 300 300 300 300 300 300 300 300 299.99 297.701 297.69 297.69 297.69 297.69 297.69 297.69 297.69 297.69 297.69 297.69 297.69 297.69 297.69 297.69 297.69 297.69 297.69 297.69 297.69 297.69 297.69 297.69 297.69 297.69 297.69 297.69 297.69 297.69 297.69 
302.318 302.318 302.318 302.318 302.318 302.318 302.318 302.318 302.318 302.318 302.318 302.318 302.318 302.318 302.318 302.318 302.318 302.318 302.318 302.318 302.318 302.318 302.318 302.318 302.318 302.318 302.318 302.318 302.318 302.318 302.307 300.01 300 300 300 300 300 300 300 300 300 300 300 300 300 300 300 300 300 300 300 300 300 300 300 300 300 300 300 300 300 300 300 300 300 300 300 300 300 299.99 297.692 297.682 297.682 297.682 297.682 297.682 297.682 297.682 297.682 297.682 297.682 297.682 297.682 297.682 297.682 297.682 297.682 297.682 297.682 297.682 297.682 297.682 297.682 297.682 297.682 297.682 297.682 297.682 297.682 297.682 
302.326 302.326 302.326 302.326 302.326 302.326 302.326 302.326 302.326 302.326 302.326 302.326 302.326 302.326 302.326 302.326 302.326 302.326 302.326 302.326 302.326 302.326 302.326 302.326 302.326 302.326 302.326 302.326 302.326 302.326 302.315 300.01 300 300 300 300 300 300 300 300 300 300 300 300 300 300 300 300 300 300 300 300 300 300 300 300 300 300 300 300 300 300 300 300 300 300 300 300 300 299.99 297.684 297.674 297.674 297.674 297.674 297.674 297.674 297.674 297.674 297.674 297.674 297.674 297.674 297.674 297.674 297.674 297.674 297.674 297.674 297.674 297.674 297.674 297.674 297.674 297.674 297.674 297.674 297.674 297.674 297.674 
302.334 302.334 302.334 302.334 302.334 302.334 302.334 302.334 302.334 302.334 302.334 302.334 302.334 302.334 302.334 302.334 302.334 302.334 302.334 302.334 302.334 302.334 302.334 302.334 302.334 302.334 302.334 302.334 302.334 302.334 302.324 300.011 300 300 300 300 300 300 300 300 300 300 300 300 300 300 300 300 300 300 300 300 300 300 300 300 300 300 300 300 300 300 300 300 300 300 300 300 300 299.989 297.676 297.665 297.665 297.665 297.665 297.665 297.665 297.665 297.665 297.665 297.665 297.665 297.665 297.665 297.665 297.665 297.665 297.665 297.665 297.665 297.665 297.665 297.665 297.665 297.665 297.665 297.665 297.665 297.665 297.665 
302.342 302.342 302.342 302.342 302.342 302.342 302.342 302.342 302.342 302.342 302.342 302.342 302.342 302.342 302.342 302.342 302.342 302.342 302.342 302.342 302.342 302.342 302.342 302.342 302.342 302.342 302.342 302.342 302.342 302.342 302.332 300.011 300 300 300 300 300 300 300 300 300 300 300 300 300 300 300 300 300 300 300 300 300 300 300 300 300 300 300 300 300 300 300 300 300 300 300 300 300 299.989 297.668 297.657 297.657 297.657 297.657 297.657 297.657 297.657 297.657 297.657 297.657 297.657 297.657 297.657 297.657 297.657 297.657 297.657 297.657 297.657 297.657 297.657 297.657 297.657 297.657 297.657 297.657 297.657 297.657 297.657 
302.351 302.351 302.351 302.351 302.351 302.351 302.351 302.351 302.351 302.351 302.351 302.351 302.351 302.351 302.351 302.351 302.351 302.351 302.351 302.351 302.351 302.351 302.351 302.351 302.351 302.351 302.351 302.351 302.351 302.351 302.34 300.011 300 300 300 300 300 300 300 300 300 300 300 300 300 300 300 300 300 300 300 300 300 300 300 300 300 300 300 300 300 300 300 300 300 300 300 300 300 299.989 297.66 297.649 297.649 297.649 297.649 297.649 297.649 297.649 297.649 297.649 297.649 297.649 297.649 297.649 297.649 297.649 297.649 297.649 297.649 297.649 297.649 297.649 297.649 297.649 297.649 297.649 297.649 297.649 297.649 297.649 
302.359 302.359 302.359 302.359 302.359 302.359 302.359 302.359 302.359 302.359 302.359 302.359 302.359 302.359 302.359 302.359 302.359 302.359 302.359 302.359 302.359 302.359 302.359 302.359 302.359 302.359 302.359 302.359 302.359 302.359 302.348 300.011 300 300 300 300 300 300 300 300 300 300 300 300 300 300 300 300 300 300 300 300 300 300 300 300 300 300 300 300 300 300 300 300 300 300 300 300 300 299.989 297.651 297.641 297.641 297.641 297.641 297.641 297.641 297.641 297.641 297.641 297.641 297.641 297.641 297.641 297.641 297.641 297.641 297.641 297.641 297.641 297.641 297.641 297.641 297.641 297.641 297.641 297.641 297.641 297.641 297.641 
302.367 302.367 302.367 302.367 302.367 302.367 302.367 302.367 302.367 302.367 302.367 302.367 302.367 302.367 302.367 302.367 302.367 302.367 302.367 302.367 302.367 302.367 302.367 302.367 302.367 302.367 302.367 302.367 302.367 302.367 302.356 300.011 300 300 300 300 300 300 300 300 300 300 300 300 300 300 300 300 300 300 300 300 300 300 300 300 300 300 300 300 300 300 300 300 300 300 300 300 300 299.989 297.643 297.632 297.632 297.632 297.632 297.632 297.632 297.632 297.632 297.632 297.632 297.632 297.632 297.632 297.632 297.632 297.632 297.632 297.632 297.632 297.632 297.632 297.632 297.632 297.632 297.632 297.632 297.632 297.632 297.632 
302.376 302.376 302.376 302.376 302.376 302.376 302.376 302.376 302.376 302.376 302.376 302.376 302.376 302.376 302.376 302.376 302.376 302.376 302.376 302.376 302.376 302.376 302.376 302.376 302.376 302.376 302.376 302.376 302.376 302.375 302.365 300.011 300 300 300 300 300 300 300 300 300 300 300 300 300 300 300 300 300 300 300 300 300 300 300 300 300 300 300 300 300 300 300 300 300 300 300 300 300 299.989 297.635 297.624 297.624 297.624 297.624 297.624 297.624 297.624 297.624 297.624 297.624 297.624 297.624 297.624 297.624 297.624 297.624 297.624 297.624 297.624 297.624 297.624 297.624 297.624 297.624 297.624 297.624 297.624 297.624 297.624 
302.384 302.384 302.384 302.384 302.384 302.384 302.384 302.384 302.384 302.384 302.384 302.384 302.384 302.384 302.384 302.384 302.384 302.384 302.384 302.384 302.384 302.384 302.384 302.384 302.384 302.384 302.384 302.384 302.384 302.384 302.373 300.011 300 300 300 300 300 300 300 300 300 300 300 300 300 300 300 300 300 300 300 300 300 300 300 300 300 300 300 300 300 300 300 300 300 300 300 300 300 299.989 297.627 297.616 297.616 297.616 297.616 297.616 297.616 297.616 297.616 297.616 297.616 297.616 297.616 297.616 297.616 297.616 297.616 297.616 297.616 297.616 297.616 297.616 297.616 297.616 297.616 297.616 297.616 297.616 297.616 297.616 
302.392 302.392 302.392 302.392 302.392 302.392 302.392 302.392 302.392 302.392 302.392 302.392 302.392 302.392 302.392 302.392 302.392 302.392 302.392 302.392 302.392 302.392 302.392 302.392 302.392 302.392 302.392 302.392 302.392 302.392 302.381 300.011 300 300 300 300 300 300 300 300 300 300 300 300 300 300 300 300 300 300 300 300 300 300 300 300 300 300 300 300 300 300 300 300 300 300 300 300 300 299.989 297.619 297.607 297.607 297.607 297.607 297.607 297.607 297.607 297.607 297.607 297.607 297.607 297.607 297.607 297.607 297.607 297.607 297.607 297.607 297.607 297.607 297.607 297.607 297.607 297.607 297.607 297.607 297.607 297.607 297.607 
302.4 302.4 302.4 302.4 302.4 302.4 302.4 302.4 302.4 302.4 302.4 302.4 302.4 302.4 302.4 302.4 302.4 302.4 302.4 302.4 302.4 302.4 302.4 302.4 302.4 302.4 302.4 302.4 302.4 302.4 302.389 300.011 300 300 300 300 300 300 300 300 300 300 300 300 300 300 300 300 300 300 300 300 300 300 300 300 300 300 300 300 300 300 300 300 300 300 300 300 300 299.989 297.61 297.599 297.599 297.599 297.599 297.599 297.599 297.599 297.599 297.599 297.599 297.599 297.599 297.599 297.599 297.599 297.599 297.599 297.599 297.599 297.599 297.599 297.599 297.599 297.599 297.599 297.599 297.599 297.599 297.599 
302.409 302.409 302.409 302.409 302.409 302.409 302.409 302.409 302.409 302.409 302.409 302.409 302.409 302.409 302.409 302.409 302.409 302.409 302.409 302.409 302.409 302.409 302.409 302.409 302.409 302.409 302.409 302.409 302.409 302.409 302.397 300.011 300 300 300 300 300 300 300 300 300 300 300 300 300 300 300 300 300 300 300 300 300 300 300 300 300 300 300 300 300 300 300 300 300 300 300 300 300 299.989 297.602 297.591 297.591 297.591 297.591 297.591 297.591 297.591 297.591 297.591 297.591 297.591 297.591 297.591 297.591 297.591 297.591 297.591 297.591 297.591 297.591 297.591 297.591 297.591 297.591 297.591 297.591 297.591 297.591 297.591 
302.417 302.417 302.417 302.417 302.417 302.417 302.417 302.417 302.417 302.417 302.417 302.417 302.417 302.417 302.417 302.417 302.417 302.417 302.417 302.417 302.417 302.417 302.417 302.417 302.417 302.417 302.417 302.417 302.417 302.417 302.406 300.011 300 300 300 300 300 300 300 300 300 300 300 300 300 300 300 300 300 300 300 300 300 300 300 300 300 300 300 300 300 300 300 300 300 300 300 300 300 299.989 297.594 297.583 297.583 297.583 297.583 297.583 297.583 297.583 297.583 297.583 297.583 297.583 297.583 297.583 297.583 297.583 297.583 297.583 297.583 297.583 297.583 297.583 297.583 297.583 297.583 297.583 297.583 297.583 297.583 297.583 
302.425 302.425 302.425 302.425 302.425 302.425 302.425 302.425 302.425 302.425 302.425 302.425 302.425 302.425 302.425 302.425 302.425 302.425 302.425 302.425 302.425 302.425 302.425 302.425 302.425 302.425 302.425 302.425 302.425 302.425 302.414 300.011 300 300 300 300 300 300 300 300 300 300 300 300 300 300 300 300 300 300 300 300 300 300 300 300 300 300 300 300 300 300 300 300 300 300 300 300 300 299.989 297.586 297.574 297.574 297.574 297.574 297.574 297.574 297.574 297.574 297.574 297.574 297.574 297.574 297.574 297.574 297.574 297.574 297.574 297.574 297.574 297.574 297.574 297.574 297.574 297.574 297.574 297.574 297.574 297.574 297.574 
302.433 302.433 302.433 302.433 302.433 302.433 302.433 302.433 302.433 302.433 302.433 302.433 302.433 302.433 302.433 302.433 302.433 302.433 302.433 302.433 302.433 302.433 302.433 302.433 302.433 302.433 302.433 302.433 302.433 302.433 302.422 300.011 300 300 300 300 300 300 300 300 300 300 300 300 300 300 300 300 300 300 300 300 300 300 300 300 300 300 300 300 300 300 300 300 300 300 300 300 300 299.989 297.577 297.566 297.566 297.566 297.566 297.566 297.566 297.566 297.566 297.566 297.566 297.566 297.566 297.566 297.566 297.566 297.566 297.566 297.566 297.566 297.566 297.566 297.566 297.566 297.566 297.566 297.566 297.566 297.566 297.566 
302.442 302.442 302.442 302.442 302.442 302.442 302.442 302.442 302.442 302.442 302.442 302.442 302.442 302.442 302.442 302.442 302.442 302.442 302.442 302.442 302.442 302.442 302.442 302.442 302.442 302.442 302.442 302.442 302.442 302.442 302.43 300.012 300 300 300 300 300 300 300 300 300 300 300 300 300 300 300 300 300 300 300 300 300 300 300 300 300 300 300 300 300 300 300 300 300 300 300 300 300 299.988 297.569 297.558 297.558 297.558 297.558 297.558 297.558 297.558 297.558 297.558 297.558 297.558 297.558 297.558 297.558 297.558 297.558 297.558 297.558 297.558 297.558 297.558 297.558 297.558 297.558 297.558 297.558 297.558 297.558 297.558 
302.45 302.45 302.45 302.45 302.45 302.45 302.45 302.45 302.45 302.45 302.45 302.45 302.45 302.45 302.45 302.45 302.45 302.45 302.45 302.45 302.45 302.45 302.45 302.45 302.45 302.45 302.45 302.45 302.45 302.45 302.438 300.012 300 300 300 300 300 300 300 300 300 300 300 300 300 300 300 300 300 300 300 300 300 300 300 300 300 300 300 300 300 300 300 300 300 300 300 300 300 299.988 297.561 297.55 297.549 297.549 297.549 297.549 297.549 297.549 297.549 297.549 297.549 297.549 297.549 297.549 297.549 297.549 297.549 297.549 297.549 297.549 297.549 297.549 297.549 297.549 297.549 297.549 297.549 297.549 297.549 297.549 
302.458 302.458 302.458 302.458 302.458 302.458 302.458 302.458 302.458 302.458 302.458 302.458 302.458 302.458 302.458 302.458 302.458 302.458 302.458 302.458 302.458 302.458 302.458 302.458 302.458 302.458 302.458 302.458 302.458 302.458 302.447 300.012 300 300 300 300 300 300 300 300 300 300 300 300 300 300 300 300 300 300 300 300 300 300 300 300 300 300 300 300 300 300 300 300 300 300 300 300 300 299.988 297.553 297.541 297.541 297.541 297.541 297.541 297.541 297.541 297.541 297.541 297.541 297.541 297.541 297.541 297.541 297.541 297.541 297.541 297.541 297.541 297.541 297.541 297.541 297.541 297.541 297.541 297.541 297.541 297.541 297.541 
302.467 302.467 302.467 302.467 302.467 302.467 302.467 302.467 302.467 302.467 302.467 302.467 302.467 302.467 302.467 302.467 302.467 302.467 302.467 302.467 302.467 302.467 302.467 302.467 302.467 302.467 302.467 302.467 302.467 302.466 302.455 300.012 300 300 300 300 300 300 300 300 300 300 300 300 300 300 300 300 300 300 300 300 300 300 300 300 300 300 300 300 300 300 300 300 300 300 300 300 300 299.988 297.545 297.533 297.533 297.533 297.533 297.533 297.533 297.533 297.533 297.533 297.533 297.533 297.533 297.533 297.533 297.533 297.533 297.533 297.533 297.533 297.533 297.533 297.533 297.533 297.533 297.533 297.533 297.533 297.533 297.533 
302.475 302.475 302.475 302.475 302.475 302.475 302.475 302.475 302.475 302.475 302.475 302.475 302.475 302.475 302.475 302.475 302.475 302.475 302.475 302.475 302.475 302.475 302.475 302.475 302.475 302.475 302.475 302.475 302.475 302.475 302.463 300.012 300 300 300 300 300 300 300 300 300 300 300 300 300 300 300 300 300 300 300 300 300 300 300 300 300 300 300 300 300 300 300 300 300 300 300 300 300 299.988 297.536 297.525 297.525 297.525 297.525 297.525 297.525 297.525 297.525 297.525 297.525 297.525 297.525 297.525 297.525 297.525 297.525 297.525 297.525 297.525 297.525 297.525 297.525 297.525 297.525 297.525 297.525 297.525 297.525 297.525 
302.483 302.483 302.483 302.483 302.483 302.483 302.483 302.483 302.483 302.483 302.483 302.483 302.483 302.483 302.483 302.483 302.483 302.483 302.483 302.483 302.483 302.483 302.483 302.483 302.483 302.483 302.483 302.483 302.483 302.483 302.471 300.012 300 300 300 300 300 300 300 300 300 300 300 300 300 300 300 300 300 300 300 300 300 300 300 300 300 300 300 300 300 300 300 300 300 300 300 300 300 299.988 297.528 297.516 297.516 297.516 297.516 297.516 297.516 297.516 297.516 297.516 297.516 297.516 297.516 297.516 297.516 297.516 297.516 297.516 297.516 297.516 297.516 297.516 297.516 297.516 297.516 297.516 297.516 297.516 297.516 297.516 
302.491 302.491 302.491 302.491 302.491 302.491 302.491 302.491 302.491 302.491 302.491 302.491 302.491 302.491 302.491 302.491 302.491 302.491 302.491 302.491 302.491 302.491 302.491 302.491 302.491 302.491 302.491 302.491 302.491 302.491 302.479 300.012 300 300 300 300 300 300 300 300 300 300 300 300 300 300 300 300 300 300 300 300 300 300 300 300 300 300 300 300 300 300 300 300 300 300 300 300 300 299.988 297.52 297.508 297.508 297.508 297.508 297.508 297.508 297.508 297.508 297.508 297.508 297.508 297.508 297.508 297.508 297.508 297.508 297.508 297.508 297.508 297.508 297.508 297.508 297.508 297.508 297.508 297.508 297.508 297.508 297.508 
302.5 302.5 302.5 302.5 302.5 302.5 302.5 302.5 302.5 302.5 302.5 302.5 302.5 302.5 302.5 302.5 302.5 302.5 302.5 302.5 302.5 302.5 302.5 302.5 302.5 302.5 302.5 302.5 302.5 302.5 302.488 300.012 300 300 300 300 300 300 300 300 300 300 300 300 300 300 300 300 300 300 300 300 300 300 300 300 300 300 300 300 300 300 300 300 300 300 300 300 300 299.988 297.512 297.5 297.5 297.5 297.5 297.5 297.5 297.5 297.5 297.5 297.5 297.5 297.5 297.5 297.5 297.5 297.5 297.5 297.5 297.5 297.5 297.5 297.5 297.5 297.5 297.5 297.5 297.5 297.5 297.5 
302.508 302.508 302.508 302.508 302.508 302.508 302.508 302.508 302.508 302.508 302.508 302.508 302.508 302.508 302.508 302.508 302.508 302.508 302.508 302.508 302.508 302.508 302.508 302.508 302.508 302.508 302.508 302.508 302.508 302.508 302.496 300.012 300 300 300 300 300 300 300 300 300 300 300 300 300 300 300 300 300 300 300 300 300 300 300 300 300 300 300 300 300 300 300 300 300 300 300 300 300 299.988 297.504 297.492 297.492 297.492 297.492 297.492 297.492 297.492 297.492 297.492 297.492 297.492 297.492 297.492 297.492 297.492 297.492 297.492 297.492 297.492 297.492 297.492 297.492 297.492 297.492 297.492 297.492 297.492 297.492 297.492 
302.516 302.516 302.516 302.516 302.516 302.516 302.516 302.516 302.516 302.516 302.516 302.516 302.516 302.516 302.516 302.516 302.516 302.516 302.516 302.516 302.516 302.516 302.516 302.516 302.516 302.516 302.516 302.516 302.516 302.516 302.504 300.012 300 300 300 300 300 300 300 300 300 300 300 300 300 300 300 300 300 300 300 300 300 300 300 300 300 300 300 300 300 300 300 300 300 300 300 300 300 299.988 297.495 297.483 297.483 297.483 297.483 297.483 297.483 297.483 297.483 297.483 297.483 297.483 297.483 297.483 297.483 297.483 297.483 297.483 297.483 297.483 297.483 297.483 297.483 297.483 297.483 297.483 297.483 297.483 297.483 297.483 
302.524 302.524 302.524 302.524 302.524 302.524 302.524 302.524 302.524 302.524 302.524 302.524 302.524 302.524 302.524 302.524 302.524 302.524 302.524 302.524 302.524 302.524 302.524 302.524 302.524 302.524 302.524 302.524 302.524 302.524 302.512 300.012 300 300 300 300 300 300 300 300 300 300 300 300 300 300 300 300 300 300 300 300 300 300 300 300 300 300 300 300 300 300 300 300 300 300 300 300 300 299.988 297.487 297.475 297.475 297.475 297.475 297.475 297.475 297.475 297.475 297.475 297.475 297.475 297.475 297.475 297.475 297.475 297.475 297.475 297.475 297.475 297.475 297.475 297.475 297.475 297.475 297.475 297.475 297.475 297.475 297.475 
302.533 302.533 302.533 302.533 302.533 302.533 302.533 302.533 302.533 302.533 302.533 302.533 302.533 302.533 302.533 302.533 302.533 302.533 302.533 302.533 302.533 302.533 302.533 302.533 302.533 302.533 302.533 302.533 302.533 302.533 302.52 300.012 300 300 300 300 300 300 300 300 300 300 300 300 300 300 300 300 300 300 300 300 300 300 300 300 300 300 300 300 300 300 300 300 300 300 300 300 300 299.988 297.479 297.467 297.467 297.467 297.467 297.467 297.467 297.467 297.467 297.467 297.467 297.467 297.467 297.467 297.467 297.467 297.467 297.467 297.467 297.467 297.467 297.467 297.467 297.467 297.467 297.467 297.467 297.467 297.467 297.467 
302.541 302.541 302.541 302.541 302.541 302.541 302.541 302.541 302.541 302.541 302.541 302.541 302.541 302.541 302.541 302.541 302.541 302.541 302.541 302.541 302.541 302.541 302.541 302.541 302.541 302.541 302.541 302.541 302.541 302.541 302.529 300.012 300 300 300 300 300 300 300 300 300 300 300 300 300 300 300 300 300 300 300 300 300 300 300 300 300 300 300 300 300 300 300 300 300 300 300 300 300 299.988 297.471 297.458 297.458 297.458 297.458 297.458 297.458 297.458 297.458 297.458 297.458 297.458 297.458 297.458 297.458 297.458 297.458 297.458 297.458 297.458 297.458 297.458 297.458 297.458 297.458 297.458 297.458 297.458 297.458 297.458 
302.549 302.549 302.549 302.549 302.549 302.549 302.549 302.549 302.549 302.549 302.549 302.549 302.549 302.549 302.549 302.549 302.549 302.549 302.549 302.549 302.549 302.549 302.549 302.549 302.549 302.549 302.549 302.549 302.549 302.549 302.537 300.013 300 300 300 300 300 300 300 300 300 300 300 300 300 300 300 300 300 300 300 300 300 300 300 300 300 300 300 300 300 300 300 300 300 300 300 300 300 299.987 297.463 297.45 297.45 297.45 297.45 297.45 297.45 297.45 297.45 297.45 297.45 297.45 297.45 297.45 297.45 297.45 297.45 297.45 297.45 297.45 297.45 297.45 297.45 297.45 297.45 297.45 297.45 297.45 297.45 297.45 
302.558 302.558 302.558 302.558 302.558 302.558 302.558 302.558 302.558 302.558 302.558 302.558 302.558 302.558 302.558 302.558 302.558 302.558 302.558 302.558 302.558 302.558 302.558 302.558 302.558 302.558 302.558 302.558 302.558 302.558 302.545 300.013 300 300 300 300 300 300 300 300 300 300 300 300 300 300 300 300 300 300 300 300 300 300 300 300 300 300 300 300 300 300 300 300 300 300 300 300 300 299.987 297.455 297.442 297.442 297.442 297.442 297.442 297.442 297.442 297.442 297.442 297.442 297.442 297.442 297.442 297.442 297.442 297.442 297.442 297.442 297.442 297.442 297.442 297.442 297.442 297.442 297.442 297.442 297.442 297.442 297.442 
302.566 302.566 302.566 302.566 302.566 302.566 302.566 302.566 302.566 302.566 302.566 302.566 302.566 302.566 302.566 302.566 302.566 302.566 302.566 302.566 302.566 302.566 302.566 302.566 302.566 302.566 302.566 302.566 302.566 302.566 302.553 300.013 300 300 300 300 300 300 300 300 300 300 300 300 300 300 300 300 300 300 300 300 300 300 300 300 300 300 300 300 300 300 300 300 300 300 300 300 300 299.987 297.446 297.434 297.434 297.434 297.434 297.434 297.434 297.434 297.434 297.434 297.434 297.434 297.434 297.434 297.434 297.434 297.434 297.434 297.434 297.434 297.434 297.434 297.434 297.434 297.434 297.434 297.434 297.434 297.434 297.434 
302.574 302.574 302.574 302.574 302.574 302.574 302.574 302.574 302.574 302.574 302.574 302.574 302.574 302.574 302.574 302.574 302.574 302.574 302.574 302.574 302.574 302.574 302.574 302.574 302.574 302.574 302.574 302.574 302.574 302.574 302.561 300.013 300 300 300 300 300 300 300 300 300 300 300 300 300 300 300 300 300 300 300 300 300 300 300 300 300 300 300 300 300 300 300 300 300 300 300 300 300 299.987 297.438 297.425 297.425 297.425 297.425 297.425 297.425 297.425 297.425 297.425 297.425 297.425 297.425 297.425 297.425 297.425 297.425 297.425 297.425 297.425 297.425 297.425 297.425 297.425 297.425 297.425 297.425 297.425 297.425 297.425 
302.582 302.582 302.582 302.582 302.582 302.582 302.582 302.582 302.582 302.582 302.582 302.582 302.582 302.582 302.582 302.582 302.582 302.582 302.582 302.582 302.582 302.582 302.582 302.582 302.582 302.582 302.582 302.582 302.582 302.582 302.569 300.013 300 300 300 300 300 300 300 300 300 300 300 300 300 300 300 300 300 300 300 300 300 300 300 300 300 300 300 300 300 300 300 300 300 300 300 300 300 299.987 297.43 297.417 297.417 297.417 297.417 297.417 297.417 297.417 297.417 297.417 297.417 297.417 297.417 297.417 297.417 297.417 297.417 297.417 297.417 297.417 297.417 297.417 297.417 297.417 297.417 297.417 297.417 297.417 297.417 297.417 
302.591 302.591 302.591 302.591 302.591 302.591 302.591 302.591 302.591 302.591 302.591 302.591 302.591 302.591 302.591 302.591 302.591 302.591 302.591 302.591 302.591 302.591 302.591 302.591 302.591 302.591 302.591 302.591 302.591 302.591 302.578 300.013 300 300 300 300 300 300 300 300 300 300 300 300 300 300 300 300 300 300 300 300 300 300 300 300 300 300 300 300 300 300 300 300 300 300 300 300 300 299.987 297.422 297.409 297.409 297.409 297.409 297.409 297.409 297.409 297.409 297.409 297.409 297.409 297.409 297.409 297.409 297.409 297.409 297.409 297.409 297.409 297.409 297.409 297.409 297.409 297.409 297.409 297.409 297.409 297.409 297.409 
302.599 302.599 302.599 302.599 302.599 302.599 302.599 302.599 302.599 302.599 302.599 302.599 302.599 302.599 302.599 302.599 302.599 302.599 302.599 302.599 302.599 302.599 302.599 302.599 302.599 302.599 302.599 302.599 302.599 302.599 302.586 300.013 300 300 300 300 300 300 300 300 300 300 300 300 300 300 300 300 300 300 300 300 300 300 300 300 300 300 300 300 300 300 300 300 300 300 300 300 300 299.987 297.414 297.401 297.4 297.4 297.4 297.4 297.4 297.4 297.4 297.4 297.4 297.4 297.4 297.4 297.4 297.4 297.4 297.4 297.4 297.4 297.4 297.4 297.4 297.4 297.4 297.4 297.4 297.4 297.4 297.4 
302.607 302.607 302.607 302.607 302.607 302.607 302.607 302.607 302.607 302.607 302.607 302.607 302.607 302.607 302.607 302.607 302.607 302.607 302.607 302.607 302.607 302.607 302.607 302.607 302.607 302.607 302.607 302.607 302.607 302.607 302.594 300.013 300 300 300 300 300 300 300 300 300 300 300 300 300 300 300 300 300 300 300 300 300 300 300 300 300 300 300 300 300 300 300 300 300 300 300 300 300 299.987 297.405 297.392 297.392 297.392 297.392 297.392 297.392 297.392 297.392 297.392 297.392 297.392 297.392 297.392 297.392 297.392 297.392 297.392 297.392 297.392 297.392 297.392 297.392 297.392 297.392 297.392 297.392 297.392 297.392 297.392 
302.615 302.615 302.615 302.615 302.615 302.615 302.615 302.615 302.615 302.615 302.615 302.615 302.615 302.615 302.615 302.615 302.615 302.615 302.615 302.615 302.615 302.615 302.615 302.615 302.615 302.615 302.615 302.615 302.615 302.615 302.602 300.013 300 300 300 300 300 300 300 300 300 300 300 300 300 300 300 300 300 300 300 300 300 300 300 300 300 300 300 300 300 300 300 300 300 300 300 300 300 299.987 297.397 297.384 297.384 297.384 297.384 297.384 297.384 297.384 297.384 297.384 297.384 297.384 297.384 297.384 297.384 297.384 297.384 297.384 297.384 297.384 297.384 297.384 297.384 297.384 297.384 297.384 297.384 297.384 297.384 297.384 
302.624 302.624 302.624 302.624 302.624 302.624 302.624 302.624 302.624 302.624 302.624 302.624 302.624 302.624 302.624 302.624 302.624 302.624 302.624 302.624 302.624 302.624 302.624 302.624 302.624 302.624 302.624 302.624 302.624 302.624 302.61 300.013 300 300 300 300 300 300 300 300 300 300 300 300 300 300 300 300 300 300 300 300 300 300 300 300 300 300 300 300 300 300 300 300 300 300 300 300 300 299.987 297.389 297.376 297.376 297.376 297.376 297.376 297.376 297.376 297.376 297.376 297.376 297.376 297.376 297.376 297.376 297.376 297.376 297.376 297.376 297.376 297.376 297.376 297.376 297.376 297.376 297.376 297.376 297.376 297.376 297.376 
302.632 302.632 302.632 302.632 302.632 302.632 302.632 302.632 302.632 302.632 302.632 302.632 302.632 302.632 302.632 302.632 302.632 302.632 302.632 302.632 302.632 302.632 302.632 302.632 302.632 302.632 302.632 302.632 302.632 302.632 302.619 300.013 300 300 300 300 300 300 300 300 300 300 300 300 300 300 300 300 300 300 300 300 300 300 300 300 300 300 300 300 300 300 300 300 300 300 300 300 300 299.987 297.381 297.367 297.367 297.367 297.367 297.367 297.367 297.367 297.367 297.367 297.367 297.367 297.367 297.367 297.367 297.367 297.367 297.367 297.367 297.367 297.367 297.367 297.367 297.367 297.367 297.367 297.367 297.367 297.367 297.367 
302.64 302.64 302.64 302.64 302.64 302.64 302.64 302.64 302.64 302.64 302.64 302.64 302.64 302.64 302.64 302.64 302.64 302.64 302.64 302.64 302.64 302.64 302.64 302.64 302.64 302.64 302.64 302.64 302.64 302.64 302.627 300.013 300 300 300 300 300 300 300 300 300 300 300 300 300 300 300 300 300 300 300 300 300 300 300 300 300 300 300 300 300 300 300 300 300 300 300 300 300 299.987 297.373 297.359 297.359 297.359 297.359 297.359 297.359 297.359 297.359 297.359 297.359 297.359 297.359 297.359 297.359 297.359 297.359 297.359 297.359 297.359 297.359 297.359 297.359 297.359 297.359 297.359 297.359 297.359 297.359 297.359 
302.649 302.649 302.649 302.649 302.649 302.649 302.649 302.649 302.649 302.649 302.649 302.649 302.649 302.649 302.649 302.649 302.649 302.649 302.649 302.649 302.649 302.649 302.649 302.649 302.649 302.649 302.649 302.649 302.649 302.649 302.635 300.014 300 300 300 300 300 300 300 300 300 300 300 300 300 300 300 300 300 300 300 300 300 300 300 300 300 300 300 300 300 300 300 300 300 300 300 300 300 299.986 297.364 297.351 297.351 297.351 297.351 297.351 297.351 297.351 297.351 297.351 297.351 297.351 297.351 297.351 297.351 297.351 297.351 297.351 297.351 297.351 297.351 297.351 297.351 297.351 297.351 297.351 297.351 297.351 297.351 297.351 
302.657 302.657 302.657 302.657 302.657 302.657 302.657 302.657 302.657 302.657 302.657 302.657 302.657 302.657 302.657 302.657 302.657 302.657 302.657 302.657 302.657 302.657 302.657 302.657 302.657 302.657 302.657 302.657 302.657 302.657 302.643 300.014 300 300 300 300 300 300 300 300 300 300 300 300 300 300 300 300 300 300 300 300 300 300 300 300 300 300 300 300 300 300 300 300 300 300 300 300 300 299.986 297.356 297.343 297.343 297.343 297.343 297.343 297.343 297.343 297.343 297.343 297.343 297.343 297.343 297.343 297.343 297.343 297.343 297.343 297.343 297.343 297.343 297.343 297.343 297.343 297.343 297.343 297.343 297.343 297.343 297.343 
302.665 302.665 302.665 302.665 302.665 302.665 302.665 302.665 302.665 302.665 302.665 302.665 302.665 302.665 302.665 302.665 302.665 302.665 302.665 302.665 302.665 302.665 302.665 302.665 302.665 302.665 302.665 302.665 302.665 302.665 302.651 300.014 300 300 300 300 300 300 300 300 300 300 300 300 300 300 300 300 300 300 300 300 300 300 300 300 300 300 300 300 300 300 300 300 300 300 300 300 300 299.986 297.348 297.334 297.334 297.334 297.334 297.334 297.334 297.334 297.334 297.334 297.334 297.334 297.334 297.334 297.334 297.334 297.334 297.334 297.334 297.334 297.334 297.334 297.334 297.334 297.334 297.334 297.334 297.334 297.334 297.334 
302.673 302.673 302.673 302.673 302.673 302.673 302.673 302.673 302.673 302.673 302.673 302.673 302.673 302.673 302.673 302.673 302.673 302.673 302.673 302.673 302.673 302.673 302.673 302.673 302.673 302.673 302.673 302.673 302.673 302.673 302.66 300.014 300 300 300 300 300 300 300 300 300 300 300 300 300 300 300 300 300 300 300 300 300 300 300 300 300 300 300 300 300 300 300 300 300 300 300 300 300 299.986 297.34 297.326 297.326 297.326 297.326 297.326 297.326 297.326 297.326 297.326 297.326 297.326 297.326 297.326 297.326 297.326 297.326 297.326 297.326 297.326 297.326 297.326 297.326 297.326 297.326 297.326 297.326 297.326 297.326 297.326 
302.682 302.682 302.682 302.682 302.682 302.682 302.682 302.682 302.682 302.682 302.682 302.682 302.682 302.682 302.682 302.682 302.682 302.682 302.682 302.682 302.682 302.682 302.682 302.682 302.682 302.682 302.682 302.682 302.682 302.682 302.668 300.014 300 300 300 300 300 300 300 300 300 300 300 300 300 300 300 300 300 300 300 300 300 300 300 300 300 300 300 300 300 300 300 300 300 300 300 300 300 299.986 297.332 297.318 297.318 297.318 297.318 297.318 297.318 297.318 297.318 297.318 297.318 297.318 297.318 297.318 297.318 297.318 297.318 297.318 297.318 297.318 297.318 297.318 297.318 297.318 297.318 297.318 297.318 297.318 297.318 297.318 
302.69 302.69 302.69 302.69 302.69 302.69 302.69 302.69 302.69 302.69 302.69 302.69 302.69 302.69 302.69 302.69 302.69 302.69 302.69 302.69 302.69 302.69 302.69 302.69 302.69 302.69 302.69 302.69 302.69 302.69 302.676 300.014 300 300 300 300 300 300 300 300 300 300 300 300 300 300 300 300 300 300 300 300 300 300 300 300 300 300 300 300 300 300 300 300 300 300 300 300 300 299.986 297.323 297.309 297.309 297.309 297.309 297.309 297.309 297.309 297.309 297.309 297.309 297.309 297.309 297.309 297.309 297.309 297.309 297.309 297.309 297.309 297.309 297.309 297.309 297.309 297.309 297.309 297.309 297.309 297.309 297.309 
302.698 302.698 302.698 302.698 302.698 302.698 302.698 302.698 302.698 302.698 302.698 302.698 302.698 302.698 302.698 302.698 302.698 302.698 302.698 302.698 302.698 302.698 302.698 302.698 302.698 302.698 302.698 302.698 302.698 302.698 302.684 300.014 300 300 300 300 300 300 300 300 300 300 300 300 300 300 300 300 300 300 300 300 300 300 300 300 300 300 300 300 300 300 300 300 300 300 300 300 300 299.986 297.315 297.301 297.301 297.301 297.301 297.301 297.301 297.301 297.301 297.301 297.301 297.301 297.301 297.301 297.301 297.301 297.301 297.301 297.301 297.301 297.301 297.301 297.301 297.301 297.301 297.301 297.301 297.301 297.301 297.301 
302.706 302.706 302.706 302.706 302.706 302.706 302.706 302.706 302.706 302.706 302.706 302.706 302.706 302.706 302.706 302.706 302.706 302.706 302.706 302.706 302.706 302.706 302.706 302.706 302.706 302.706 302.706 302.706 302.706 302.706 302.692 300.014 300 300 300 300 300 300 300 300 300 300 300 300 300 300 300 300 300 300 300 300 300 300 300 300 300 300 300 300 300 300 300 300 300 300 300 300 300 299.986 297.307 297.293 297.293 297.293 297.293 297.293 297.293 297.293 297.293 297.293 297.293 297.293 297.293 297.293 297.293 297.293 297.293 297.293 297.293 297.293 297.293 297.293 297.293 297.293 297.293 297.293 297.293 297.293 297.293 297.293 
302.715 302.715 302.715 302.715 302.715 302.715 302.715 302.715 302.715 302.715 302.715 302.715 302.715 302.715 302.715 302.715 302.715 302.715 302.715 302.715 302.715 302.715 302.715 302.715 302.715 302.715 302.715 302.715 302.715 302.715 302.701 300.014 300 300 300 300 300 300 300 300 300 300 300 300 300 300 300 300 300 300 300 300 300 300 300 300 300 300 300 300 300 300 300 300 300 300 300 300 300 299.986 297.299 297.285 297.285 297.285 297.285 297.285 297.285 297.285 297.285 297.285 297.285 297.285 297.285 297.285 297.285 297.285 297.285 297.285 297.285 297.285 297.285 297.285 297.285 297.285 297.285 297.285 297.285 297.285 297.285 297.285 
302.723 302.723 302.723 302.723 302.723 302.723 302.723 302.723 302.723 302.723 302.723 302.723 302.723 302.723 302.723 302.723 302.723 302.723 302.723 302.723 302.723 302.723 302.723 302.723 302.723 302.723 302.723 302.723 302.723 302.723 302.709 300.014 300 300 300 300 300 300 300 300 300 300 300 300 300 300 300 300 300 300 300 300 300 300 300 300 300 300 300 300 300 300 300 300 300 300 300 300 300 299.986 297.291 297.276 297.276 297.276 297.276 297.276 297.276 297.276 297.276 297.276 297.276 297.276 297.276 297.276 297.276 297.276 297.276 297.276 297.276 297.276 297.276 297.276 297.276 297.276 297.276 297.276 297.276 297.276 297.276 297.276 
302.731 302.731 302.731 302.731 302.731 302.731 302.731 302.731 302.731 302.731 302.731 302.731 302.731 302.731 302.731 302.731 302.731 302.731 302.731 302.731 302.731 302.731 302.731 302.731 302.731 302.731 302.731 302.731 302.731 302.731 302.717 300.014 300 300 300 300 300 300 300 300 300 300 300 300 300 300 300 300 300 300 300 300 300 300 300 300 300 300 300 300 300 300 300 300 300 300 300 300 300 299.986 297.282 297.268 297.268 297.268 297.268 297.268 297.268 297.268 297.268 297.268 297.268 297.268 297.268 297.268 297.268 297.268 297.268 297.268 297.268 297.268 297.268 297.268 297.268 297.268 297.268 297.268 297.268 297.268 297.268 297.268 
302.74 302.74 302.74 302.74 302.74 302.74 302.74 302.74 302.74 302.74 302.74 302.74 302.74 302.74 302.74 302.74 302.74 302.74 302.74 302.74 302.74 302.74 302.74 302.74 302.74 302.74 302.74 302.74 302.74 302.74 302.725 300.015 300 300 300 300 300 300 300 300 300 300 300 300 300 300 300 300 300 300 300 300 300 300 300 300 300 300 300 300 300 300 300 300 300 300 300 300 300 299.986 297.274 297.26 297.26 297.26 297.26 297.26 297.26 297.26 297.26 297.26 297.26 297.26 297.26 297.26 297.26 297.26 297.26 297.26 297.26 297.26 297.26 297.26 297.26 297.26 297.26 297.26 297.26 297.26 297.26 297.26 
302.748 302.748 302.748 302.748 302.748 302.748 302.748 302.748 302.748 302.748 302.748 302.748 302.748 302.748 302.748 302.748 302.748 302.748 302.748 302.748 302.748 302.748 302.748 302.748 302.748 302.748 302.748 302.748 302.748 302.748 302.733 300.015 300 300 300 300 300 300 300 300 300 300 300 300 300 300 300 300 300 300 300 300 300 300 300 300 300 300 300 300 300 300 300 300 300 300 300 300 300 299.985 297.266 297.252 297.251 297.251 297.251 297.251 297.251 297.251 297.251 297.251 297.251 297.251 297.251 297.251 297.251 297.251 297.251 297.251 297.251 297.251 297.251 297.251 297.251 297.251 297.251 297.251 297.251 297.251 297.251 297.251 
302.756 302.756 302.756 302.756 302.756 302.756 302.756 302.756 302.756 302.756 302.756 302.756 302.756 302.756 302.756 302.756 302.756 302.756 302.756 302.756 302.756 302.756 302.756 302.756 302.756 302.756 302.756 302.756 302.756 302.756 302.741 300.015 300 300 300 300 300 300 300 300 300 300 300 300 300 300 300 300 300 300 300 300 300 300 300 300 300 300 300 300 300 300 300 300 300 300 300 300 300 299.985 297.258 297.243 297.243 297.243 297.243 297.243 297.243 297.243 297.243 297.243 297.243 297.243 297.243 297.243 297.243 297.243 297.243 297.243 297.243 297.243 297.243 297.243 297.243 297.243 297.243 297.243 297.243 297.243 297.243 297.243 
302.764 302.764 302.764 302.764 302.764 302.764 302.764 302.764 302.764 302.764 302.764 302.764 302.764 302.764 302.764 302.764 302.764 302.764 302.764 302.764 302.764 302.764 302.764 302.764 302.764 302.764 302.764 302.764 302.764 302.764 302.75 300.015 300 300 300 300 300 300 300 300 300 300 300 300 300 300 300 300 300 300 300 300 300 300 300 300 300 300 300 300 300 300 300 300 300 300 300 300 300 299.985 297.25 297.235 297.235 297.235 297.235 297.235 297.235 297.235 297.235 297.235 297.235 297.235 297.235 297.235 297.235 297.235 297.235 297.235 297.235 297.235 297.235 297.235 297.235 297.235 297.235 297.235 297.235 297.235 297.235 297.235 
302.773 302.773 302.773 302.773 302.773 302.773 302.773 302.773 302.773 302.773 302.773 302.773 302.773 302.773 302.773 302.773 302.773 302.773 302.773 302.773 302.773 302.773 302.773 302.773 302.773 302.773 302.773 302.773 302.773 302.773 302.758 300.015 300 300 300 300 300 300 300 300 300 300 300 300 300 300 300 300 300 300 300 300 300 300 300 300 300 300 300 300 300 300 300 300 300 300 300 300 300 299.985 297.241 297.227 297.227 297.227 297.227 297.227 297.227 297.227 297.227 297.227 297.227 297.227 297.227 297.227 297.227 297.227 297.227 297.227 297.227 297.227 297.227 297.227 297.227 297.227 297.227 297.227 297.227 297.227 297.227 297.227 
302.781 302.781 302.781 302.781 302.781 302.781 302.781 302.781 302.781 302.781 302.781 302.781 302.781 302.781 302.781 302.781 302.781 302.781 302.781 302.781 302.781 302.781 302.781 302.781 302.781 302.781 302.781 302.781 302.781 302.781 302.766 300.015 300 300 300 300 300 300 300 300 300 300 300 300 300 300 300 300 300 300 300 300 300 300 300 300 300 300 300 300 300 300 300 300 300 300 300 300 300 299.985 297.233 297.218 297.218 297.218 297.218 297.218 297.218 297.218 297.218 297.218 297.218 297.218 297.218 297.218 297.218 297.218 297.218 297.218 297.218 297.218 297.218 297.218 297.218 297.218 297.218 297.218 297.218 297.218 297.218 297.218 
302.789 302.789 302.789 302.789 302.789 302.789 302.789 302.789 302.789 302.789 302.789 302.789 302.789 302.789 302.789 302.789 302.789 302.789 302.789 302.789 302.789 302.789 302.789 302.789 302.789 302.789 302.789 302.789 302.789 302.789 302.774 300.015 300 300 300 300 300 300 300 300 300 300 300 300 300 300 300 300 300 300 300 300 300 300 300 300 300 300 300 300 300 300 300 300 300 300 300 300 300 299.985 297.225 297.21 297.21 297.21 297.21 297.21 297.21 297.21 297.21 297.21 297.21 297.21 297.21 297.21 297.21 297.21 297.21 297.21 297.21 297.21 297.21 297.21 297.21 297.21 297.21 297.21 297.21 297.21 297.21 297.21 
302.797 302.797 302.797 302.797 302.797 302.797 302.797 302.797 302.797 302.797 302.797 302.797 302.797 302.797 302.797 302.797 302.797 302.797 302.797 302.797 302.797 302.797 302.797 302.797 302.797 302.797 302.797 302.797 302.797 302.797 302.782 300.015 300 300 300 300 300 300 300 300 300 300 300 300 300 300 300 300 300 300 300 300 300 300 300 300 300 300 300 300 300 300 300 300 300 300 300 300 300 299.985 297.217 297.202 297.202 297.202 297.202 297.202 297.202 297.202 297.202 297.202 297.202 297.202 297.202 297.202 297.202 297.202 297.202 297.202 297.202 297.202 297.202 297.202 297.202 297.202 297.202 297.202 297.202 297.202 297.202 297.202 
302.806 302.806 302.806 302.806 302.806 302.806 302.806 302.806 302.806 302.806 302.806 302.806 302.806 302.806 302.806 302.806 302.806 302.806 302.806 302.806 302.806 302.806 302.806 302.806 302.806 302.806 302.806 302.806 302.806 302.806 302.791 300.015 300 300 300 300 300 300 300 300 300 300 300 300 300 300 300 300 300 300 300 300 300 300 300 300 300 300 300 300 300 300 300 300 300 300 300 300 300 299.985 297.209 297.194 297.194 297.194 297.194 297.194 297.194 297.194 297.194 297.194 297.194 297.194 297.194 297.194 297.194 297.194 297.194 297.194 297.194 297.194 297.194 297.194 297.194 297.194 297.194 297.194 297.194 297.194 297.194 297.194 
302.814 302.814 302.814 302.814 302.814 302.814 302.814 302.814 302.814 302.814 302.814 302.814 302.814 302.814 302.814 302.814 302.814 302.814 302.814 302.814 302.814 302.814 302.814 302.814 302.814 302.814 302.814 302.814 302.814 302.814 302.799 300.015 300 300 300 300 300 300 300 300 300 300 300 300 300 300 300 300 300 300 300 300 300 300 300 300 300 300 300 300 300 300 300 300 300 300 300 300 300 299.985 297.201 297.185 297.185 297.185 297.185 297.185 297.185 297.185 297.185 297.185 297.185 297.185 297.185 297.185 297.185 297.185 297.185 297.185 297.185 297.185 297.185 297.185 297.185 297.185 297.185 297.185 297.185 297.185 297.185 297.185 
302.822 302.822 302.822 302.822 302.822 302.822 302.822 302.822 302.822 302.822 302.822 302.822 302.822 302.822 302.822 302.822 302.822 302.822 302.822 302.822 302.822 302.822 302.822 302.822 302.822 302.822 302.822 302.822 302.822 302.822 302.807 300.015 300 300 300 300 300 300 300 300 300 300 300 300 300 300 300 300 300 300 300 300 300 300 300 300 300 300 300 300 300 300 300 300 300 300 300 300 300 299.985 297.192 297.177 297.177 297.177 297.177 297.177 297.177 297.177 297.177 297.177 297.177 297.177 297.177 297.177 297.177 297.177 297.177 297.177 297.177 297.177 297.177 297.177 297.177 297.177 297.177 297.177 297.177 297.177 297.177 297.177 
302.831 302.831 302.831 302.831 302.831 302.831 302.831 302.831 302.831 302.831 302.831 302.831 302.831 302.831 302.831 302.831 302.831 302.831 302.831 302.831 302.831 302.831 302.831 302.831 302.831 302.831 302.831 302.831 302.831 302.831 302.815 300.015 300 300 300 300 300 300 300 300 300 300 300 300 300 300 300 300 300 300 300 300 300 300 300 300 300 300 300 300 300 300 300 300 300 300 300 300 300 299.985 297.184 297.169 297.169 297.169 297.169 297.169 297.169 297.169 297.169 297.169 297.169 297.169 297.169 297.169 297.169 297.169 297.169 297.169 297.169 297.169 297.169 297.169 297.169 297.169 297.169 297.169 297.169 297.169 297.169 297.169 
302.839 302.839 302.839 302.839 302.839 302.839 302.839 302.839 302.839 302.839 302.839 302.839 302.839 302.839 302.839 302.839 302.839 302.839 302.839 302.839 302.839 302.839 302.839 302.839 302.839 302.839 302.839 302.839 302.839 302.839 302.823 300.016 300 300 300 300 300 300 300 300 300 300 300 300 300 300 300 300 300 300 300 300 300 300 300 300 300 300 300 300 300 300 300 300 300 300 300 300 300 299.984 297.176 297.16 297.16 297.16 297.16 297.16 297.16 297.16 297.16 297.16 297.16 297.16 297.16 297.16 297.16 297.16 297.16 297.16 297.16 297.16 297.16 297.16 297.16 297.16 297.16 297.16 297.16 297.16 297.16 297.16 
302.847 302.847 302.847 302.847 302.847 302.847 302.847 302.847 302.847 302.847 302.847 302.847 302.847 302.847 302.847 302.847 302.847 302.847 302.847 302.847 302.847 302.847 302.847 302.847 302.847 302.847 302.847 302.847 302.847 302.847 302.831 300.016 300 300 300 300 300 300 300 300 300 300 300 300 300 300 300 300 300 300 300 300 300 300 300 300 300 300 300 300 300 300 300 300 300 300 300 300 300 299.984 297.168 297.152 297.152 297.152 297.152 297.152 297.152 297.152 297.152 297.152 297.152 297.152 297.152 297.152 297.152 297.152 297.152 297.152 297.152 297.152 297.152 297.152 297.152 297.152 297.152 297.152 297.152 297.152 297.152 297.152 
302.855 302.855 302.855 302.855 302.855 302.855 302.855 302.855 302.855 302.855 302.855 302.855 302.855 302.855 302.855 302.855 302.855 302.855 302.855 302.855 302.855 302.855 302.855 302.855 302.855 302.855 302.855 302.855 302.855 302.855 302.84 300.016 300 300 300 300 300 300 300 300 300 300 300 300 300 300 300 300 300 300 300 300 300 300 300 300 300 300 300 300 300 300 300 300 300 300 300 300 300 299.984 297.16 297.144 297.144 297.144 297.144 297.144 297.144 297.144 297.144 297.144 297.144 297.144 297.144 297.144 297.144 297.144 297.144 297.144 297.144 297.144 297.144 297.144 297.144 297.144 297.144 297.144 297.144 297.144 297.144 297.144 
302.864 302.864 302.864 302.864 302.864 302.864 302.864 302.864 302.864 302.864 302.864 302.864 302.864 302.864 302.864 302.864 302.864 302.864 302.864 302.864 302.864 302.864 302.864 302.864 302.864 302.864 302.864 302.864 302.864 302.864 302.848 300.016 300 300 300 300 300 300 300 300 300 300 300 300 300 300 300 300 300 300 300 300 300 300 300 300 300 300 300 300 300 300 300 300 300 300 300 300 300 299.984 297.151 297.136 297.136 297.136 297.136 297.136 297.136 297.136 297.136 297.136 297.136 297.136 297.136 297.136 297.136 297.136 297.136 297.136 297.136 297.136 297.136 297.136 297.136 297.136 297.136 297.136 297.136 297.136 297.136 297.136 
302.872 302.872 302.872 302.872 302.872 302.872 302.872 302.872 302.872 302.872 302.872 302.872 302.872 302.872 302.872 302.872 302.872 302.872 302.872 302.872 302.872 302.872 302.872 302.872 302.872 302.872 302.872 302.872 302.872 302.872 302.856 300.016 300 300 300 300 300 300 300 300 300 300 300 300 300 300 300 300 300 300 300 300 300 300 300 300 300 300 300 300 300 300 300 300 300 300 300 300 300 299.984 297.143 297.127 297.127 297.127 297.127 297.127 297.127 297.127 297.127 297.127 297.127 297.127 297.127 297.127 297.127 297.127 297.127 297.127 297.127 297.127 297.127 297.127 297.127 297.127 297.127 297.127 297.127 297.127 297.127 297.127 
302.88 302.88 302.88 302.88 302.88 302.88 302.88 302.88 302.88 302.88 302.88 302.88 302.88 302.88 302.88 302.88 302.88 302.88 302.88 302.88 302.88 302.88 302.88 302.88 302.88 302.88 302.88 302.88 302.88 302.88 302.864 300.016 300 300 300 300 300 300 300 300 300 300 300 300 300 300 300 300 300 300 300 300 300 300 300 300 300 300 300 300 300 300 300 300 300 300 300 300 300 299.984 297.135 297.119 297.119 297.119 297.119 297.119 297.119 297.119 297.119 297.119 297.119 297.119 297.119 297.119 297.119 297.119 297.119 297.119 297.119 297.119 297.119 297.119 297.119 297.119 297.119 297.119 297.119 297.119 297.119 297.119 
302.889 302.889 302.889 302.889 302.889 302.889 302.889 302.889 302.889 302.889 302.889 302.889 302.889 302.889 302.889 302.889 302.889 302.889 302.889 302.889 302.889 302.889 302.889 302.889 302.889 302.889 302.889 302.889 302.889 302.888 302.872 300.016 300 300 300 300 300 300 300 300 300 300 300 300 300 300 300 300 300 300 300 300 300 300 300 300 300 300 300 300 300 300 300 300 300 300 300 300 300 299.984 297.127 297.111 297.111 297.111 297.111 297.111 297.111 297.111 297.111 297.111 297.111 297.111 297.111 297.111 297.111 297.111 297.111 297.111 297.111 297.111 297.111 297.111 297.111 297.111 297.111 297.111 297.111 297.111 297.111 297.111 
302.897 302.897 302.897 302.897 302.897 302.897 302.897 302.897 302.897 302.897 302.897 302.897 302.897 302.897 302.897 302.897 302.897 302.897 302.897 302.897 302.897 302.897 302.897 302.897 302.897 302.897 302.897 302.897 302.897 302.897 302.881 300.016 300 300 300 300 300 300 300 300 300 300 300 300 300 300 300 300 300 300 300 300 300 300 300 300 300 300 300 300 300 300 300 300 300 300 300 300 300 299.984 297.119 297.103 297.102 297.102 297.102 297.102 297.102 297.102 297.102 297.102 297.102 297.102 297.102 297.102 297.102 297.102 297.102 297.102 297.102 297.102 297.102 297.102 297.102 297.102 297.102 297.102 297.102 297.102 297.102 297.102 
302.905 302.905 302.905 302.905 302.905 302.905 302.905 302.905 302.905 302.905 302.905 302.905 302.905 302.905 302.905 302.905 302.905 302.905 302.905 302.905 302.905 302.905 302.905 302.905 302.905 302.905 302.905 302.905 302.905 302.905 302.889 300.016 300 300 300 300 300 300 300 300 300 300 300 300 300 300 300 300 300 300 300 300 300 300 300 300 300 300 300 300 300 300 300 300 300 300 300 300 300 299.984 297.11 297.094 297.094 297.094 297.094 297.094 297.094 297.094 297.094 297.094 297.094 297.094 297.094 297.094 297.094 297.094 297.094 297.094 297.094 297.094 297.094 297.094 297.094 297.094 297.094 297.094 297.094 297.094 297.094 297.094 
302.913 302.913 302.913 302.913 302.913 302.913 302.913 302.913 302.913 302.913 302.913 302.913 302.913 302.913 302.913 302.913 302.913 302.913 302.913 302.913 302.913 302.913 302.913 302.913 302.913 302.913 302.913 302.913 302.913 302.913 302.897 300.016 300 300 300 300 300 300 300 300 300 300 300 300 300 300 300 300 300 300 300 300 300 300 300 300 300 300 300 300 300 300 300 300 300 300 300 300 300 299.984 297.102 297.086 297.086 297.086 297.086 297.086 297.086 297.086 297.086 297.086 297.086 297.086 297.086 297.086 297.086 297.086 297.086 297.086 297.086 297.086 297.086 297.086 297.086 297.086 297.086 297.086 297.086 297.086 297.086 297.086 
302.922 302.922 302.922 302.922 302.922 302.922 302.922 302.922 302.922 302.922 302.922 302.922 302.922 302.922 302.922 302.922 302.922 302.922 302.922 302.922 302.922 302.922 302.922 302.922 302.922 302.922 302.922 302.922 302.922 302.922 302.905 300.016 300 300 300 300 300 300 300 300 300 300 300 300 300 300 300 300 300 300 300 300 300 300 300 300 300 300 300 300 300 300 300 300 300 300 300 300 300 299.984 297.094 297.078 297.078 297.078 297.078 297.078 297.078 297.078 297.078 297.078 297.078 297.078 297.078 297.078 297.078 297.078 297.078 297.078 297.078 297.078 297.078 297.078 297.078 297.078 297.078 297.078 297.078 297.078 297.078 297.078 
302.93 302.93 302.93 302.93 302.93 302.93 302.93 302.93 302.93 302.93 302.93 302.93 302.93 302.93 302.93 302.93 302.93 302.93 302.93 302.93 302.93 302.93 302.93 302.93 302.93 302.93 302.93 302.93 302.93 302.93 302.913 300.017 300 300 300 300 300 300 300 300 300 300 300 300 300 300 300 300 300 300 300 300 300 300 300 300 300 300 300 300 300 300 300 300 300 300 300 300 300 299.983 297.086 297.069 297.069 297.069 297.069 297.069 297.069 297.069 297.069 297.069 297.069 297.069 297.069 297.069 297.069 297.069 297.069 297.069 297.069 297.069 297.069 297.069 297.069 297.069 297.069 297.069 297.069 297.069 297.069 297.069 
302.938 302.938 302.938 302.938 302.938 302.938 302.938 302.938 302.938 302.938 302.938 302.938 302.938 302.938 302.938 302.938 302.938 302.938 302.938 302.938 302.938 302.938 302.938 302.938 302.938 302.938 302.938 302.938 302.938 302.938 302.921 300.017 300 300 300 300 300 300 300 300 300 300 300 300 300 300 300 300 300 300 300 300 300 300 300 300 300 300 300 300 300 300 300 300 300 300 300 300 300 299.983 297.078 297.061 297.061 297.061 297.061 297.061 297.061 297.061 297.061 297.061 297.061 297.061 297.061 297.061 297.061 297.061 297.061 297.061 297.061 297.061 297.061 297.061 297.061 297.061 297.061 297.061 297.061 297.061 297.061 297.061 
302.946 302.946 302.946 302.946 302.946 302.946 302.946 302.946 302.946 302.946 302.946 302.946 302.946 302.946 302.946 302.946 302.946 302.946 302.946 302.946 302.946 302.946 302.946 302.946 302.946 302.946 302.946 302.946 302.946 302.946 302.93 300.017 300 300 300 300 300 300 300 300 300 300 300 300 300 300 300 300 300 300 300 300 300 300 300 300 300 300 300 300 300 300 300 300 300 300 300 300 300 299.983 297.07 297.053 297.053 297.053 297.053 297.053 297.053 297.053 297.053 297.053 297.053 297.053 297.053 297.053 297.053 297.053 297.053 297.053 297.053 297.053 297.053 297.053 297.053 297.053 297.053 297.053 297.053 297.053 297.053 297.053 
302.955 302.955 302.955 302.955 302.955 302.955 302.955 302.955 302.955 302.955 302.955 302.955 302.955 302.955 302.955 302.955 302.955 302.955 302.955 302.955 302.955 302.955 302.955 302.955 302.955 302.955 302.955 302.955 302.955 302.955 302.938 300.017 300 300 300 300 300 300 300 300 300 300 300 300 300 300 300 300 300 300 300 300 300 300 300 300 300 300 300 300 300 300 300 300 300 300 300 300 300 299.983 297.061 297.045 297.045 297.045 297.045 297.045 297.045 297.045 297.045 297.045 297.045 297.045 297.045 297.045 297.045 297.045 297.045 297.045 297.045 297.045 297.045 297.045 297.045 297.045 297.045 297.045 297.045 297.045 297.045 297.045 
302.963 302.963 302.963 302.963 302.963 302.963 302.963 302.963 302.963 302.963 302.963 302.963 302.963 302.963 302.963 302.963 302.963 302.963 302.963 302.963 302.963 302.963 302.963 302.963 302.963 302.963 302.963 302.963 302.963 302.963 302.946 300.017 300 300 300 300 300 300 300 300 300 300 300 300 300 300 300 300 300 300 300 300 300 300 300 300 300 300 300 300 300 300 300 300 300 300 300 300 300 299.983 297.053 297.036 297.036 297.036 297.036 297.036 297.036 297.036 297.036 297.036 297.036 297.036 297.036 297.036 297.036 297.036 297.036 297.036 297.036 297.036 297.036 297.036 297.036 297.036 297.036 297.036 297.036 297.036 297.036 297.036 
302.971 302.971 302.971 302.971 302.971 302.971 302.971 302.971 302.971 302.971 302.971 302.971 302.971 302.971 302.971 302.971 302.971 302.971 302.971 302.971 302.971 302.971 302.971 302.971 302.971 302.971 302.971 302.971 302.971 302.971 302.954 300.017 300 300 300 300 300 300 300 300 300 300 300 300 300 300 300 300 300 300 300 300 300 300 300 300 300 300 300 300 300 300 300 300 300 300 300 300 300 299.983 297.045 297.028 297.028 297.028 297.028 297.028 297.028 297.028 297.028 297.028 297.028 297.028 297.028 297.028 297.028 297.028 297.028 297.028 297.028 297.028 297.028 297.028 297.028 297.028 297.028 297.028 297.028 297.028 297.028 297.028 
302.98 302.98 302.98 302.98 302.98 302.98 302.98 302.98 302.98 302.98 302.98 302.98 302.98 302.98 302.98 302.98 302.98 302.98 302.98 302.98 302.98 302.98 302.98 302.98 302.98 302.98 302.98 302.98 302.98 302.979 302.962 300.017 300 300 300 300 300 300 300 300 300 300 300 300 300 300 300 300 300 300 300 300 300 300 300 300 300 300 300 300 300 300 300 300 300 300 300 300 300 299.983 297.037 297.02 297.02 297.02 297.02 297.02 297.02 297.02 297.02 297.02 297.02 297.02 297.02 297.02 297.02 297.02 297.02 297.02 297.02 297.02 297.02 297.02 297.02 297.02 297.02 297.02 297.02 297.02 297.02 297.02 
302.988 302.988 302.988 302.988 302.988 302.988 302.988 302.988 302.988 302.988 302.988 302.988 302.988 302.988 302.988 302.988 302.988 302.988 302.988 302.988 302.988 302.988 302.988 302.988 302.988 302.988 302.988 302.988 302.988 302.988 302.971 300.017 300 300 300 300 300 300 300 300 300 300 300 300 300 300 300 300 300 300 300 300 300 300 300 300 300 300 300 300 300 300 300 300 300 300 300 300 300 299.983 297.029 297.011 297.011 297.011 297.011 297.011 297.011 297.011 297.011 297.011 297.011 297.011 297.011 297.011 297.011 297.011 297.011 297.011 297.011 297.011 297.011 297.011 297.011 297.011 297.011 297.011 297.011 297.011 297.011 297.011 
302.996 302.996 302.996 302.996 302.996 302.996 302.996 302.996 302.996 302.996 302.996 302.996 302.996 302.996 302.996 302.996 302.996 302.996 302.996 302.996 302.996 302.996 302.996 302.996 302.996 302.996 302.996 302.996 302.996 302.996 302.979 300.017 300 300 300 300 300 300 300 300 300 300 300 300 300 300 300 300 300 300 300 300 300 300 300 300 300 300 300 300 300 300 300 300 300 300 300 300 300 299.983 297.02 297.003 297.003 297.003 297.003 297.003 297.003 297.003 297.003 297.003 297.003 297.003 297.003 297.003 297.003 297.003 297.003 297.003 297.003 297.003 297.003 297.003 297.003 297.003 297.003 297.003 297.003 297.003 297.003 297.003 
303.004 303.004 303.004 303.004 303.004 303.004 303.004 303.004 303.004 303.004 303.004 303.004 303.004 303.004 303.004 303.004 303.004 303.004 303.004 303.004 303.004 303.004 303.004 303.004 303.004 303.004 303.004 303.004 303.004 303.004 302.987 300.017 300 300 300 300 300 300 300 300 300 300 300 300 300 300 300 300 300 300 300 300 300 300 300 300 300 300 300 300 300 300 300 300 300 300 300 300 300 299.983 297.012 296.995 296.995 296.995 296.995 296.995 296.995 296.995 296.995 296.995 296.995 296.995 296.995 296.995 296.995 296.995 296.995 296.995 296.995 296.995 296.995 296.995 296.995 296.995 296.995 296.995 296.995 296.995 296.995 296.995 
303.013 303.013 303.013 303.013 303.013 303.013 303.013 303.013 303.013 303.013 303.013 303.013 303.013 303.013 303.013 303.013 303.013 303.013 303.013 303.013 303.013 303.013 303.013 303.013 303.013 303.013 303.013 303.013 303.013 303.013 302.995 300.018 300 300 300 300 300 300 300 300 300 300 300 300 300 300 300 300 300 300 300 300 300 300 300 300 300 300 300 300 300 300 300 300 300 300 300 300 300 299.983 297.004 296.987 296.987 296.987 296.987 296.987 296.987 296.987 296.987 296.987 296.987 296.987 296.987 296.987 296.987 296.987 296.987 296.987 296.987 296.987 296.987 296.987 296.987 296.987 296.987 296.987 296.987 296.987 296.987 296.987 
303.021 303.021 303.021 303.021 303.021 303.021 303.021 303.021 303.021 303.021 303.021 303.021 303.021 303.021 303.021 303.021 303.021 303.021 303.021 303.021 303.021 303.021 303.021 303.021 303.021 303.021 303.021 303.021 303.021 303.021 303.003 300.018 300 300 300 300 300 300 300 300 300 300 300 300 300 300 300 300 300 300 300 300 300 300 300 300 300 300 300 300 300 300 300 300 300 300 300 300 300 299.982 296.996 296.978 296.978 296.978 296.978 296.978 296.978 296.978 296.978 296.978 296.978 296.978 296.978 296.978 296.978 296.978 296.978 296.978 296.978 296.978 296.978 296.978 296.978 296.978 296.978 296.978 296.978 296.978 296.978 296.978 
303.029 303.029 303.029 303.029 303.029 303.029 303.029 303.029 303.029 303.029 303.029 303.029 303.029 303.029 303.029 303.029 303.029 303.029 303.029 303.029 303.029 303.029 303.029 303.029 303.029 303.029 303.029 303.029 303.029 303.029 303.011 300.018 300 300 300 300 300 300 300 300 300 300 300 300 300 300 300 300 300 300 300 300 300 300 300 300 300 300 300 300 300 300 300 300 300 300 300 300 300 299.982 296.988 296.97 296.97 296.97 296.97 296.97 296.97 296.97 296.97 296.97 296.97 296.97 296.97 296.97 296.97 296.97 296.97 296.97 296.97 296.97 296.97 296.97 296.97 296.97 296.97 296.97 296.97 296.97 296.97 296.97 
303.037 303.037 303.037 303.037 303.037 303.037 303.037 303.037 303.037 303.037 303.037 303.037 303.037 303.037 303.037 303.037 303.037 303.037 303.037 303.037 303.037 303.037 303.037 303.037 303.037 303.037 303.037 303.037 303.037 303.037 303.02 300.018 300 300 300 300 300 300 300 300 300 300 300 300 300 300 300 300 300 300 300 300 300 300 300 300 300 300 300 300 300 300 300 300 300 300 300 300 300 299.982 296.98 296.962 296.962 296.962 296.962 296.962 296.962 296.962 296.962 296.962 296.962 296.962 296.962 296.962 296.962 296.962 296.962 296.962 296.962 296.962 296.962 296.962 296.962 296.962 296.962 296.962 296.962 296.962 296.962 296.962 
303.046 303.046 303.046 303.046 303.046 303.046 303.046 303.046 303.046 303.046 303.046 303.046 303.046 303.046 303.046 303.046 303.046 303.046 303.046 303.046 303.046 303.046 303.046 303.046 303.046 303.046 303.046 303.046 303.046 303.046 303.028 300.018 300 300 300 300 300 300 300 300 300 300 300 300 300 300 300 300 300 300 300 300 300 300 300 300 300 300 300 300 300 300 300 300 300 300 300 300 300 299.982 296.971 296.954 296.953 296.953 296.953 296.953 296.953 296.953 296.953 296.953 296.953 296.953 296.953 296.953 296.953 296.953 296.953 296.953 296.953 296.953 296.953 296.953 296.953 296.953 296.953 296.953 296.953 296.953 296.953 296.953 
303.054 303.054 303.054 303.054 303.054 303.054 303.054 303.054 303.054 303.054 303.054 303.054 303.054 303.054 303.054 303.054 303.054 303.054 303.054 303.054 303.054 303.054 303.054 303.054 303.054 303.054 303.054 303.054 303.054 303.054 303.036 300.018 300 300 300 300 300 300 300 300 300 300 300 300 300 300 300 300 300 300 300 300 300 300 300 300 300 300 300 300 300 300 300 300 300 300 300 300 300 299.982 296.963 296.945 296.945 296.945 296.945 296.945 296.945 296.945 296.945 296.945 296.945 296.945 296.945 296.945 296.945 296.945 296.945 296.945 296.945 296.945 296.945 296.945 296.945 296.945 296.945 296.945 296.945 296.945 296.945 296.945 
303.062 303.062 303.062 303.062 303.062 303.062 303.062 303.062 303.062 303.062 303.062 303.062 303.062 303.062 303.062 303.062 303.062 303.062 303.062 303.062 303.062 303.062 303.062 303.062 303.062 303.062 303.062 303.062 303.062 303.062 303.044 300.018 300 300 300 300 300 300 300 300 300 300 300 300 300 300 300 300 300 300 300 300 300 300 300 300 300 300 300 300 300 300 300 300 300 300 300 300 300 299.982 296.955 296.937 296.937 296.937 296.937 296.937 296.937 296.937 296.937 296.937 296.937 296.937 296.937 296.937 296.937 296.937 296.937 296.937 296.937 296.937 296.937 296.937 296.937 296.937 296.937 296.937 296.937 296.937 296.937 296.937 
303.071 303.071 303.071 303.071 303.071 303.071 303.071 303.071 303.071 303.071 303.071 303.071 303.071 303.071 303.071 303.071 303.071 303.071 303.071 303.071 303.071 303.071 303.071 303.071 303.071 303.071 303.071 303.071 303.071 303.07 303.052 300.018 300 300 300 300 300 300 300 300 300 300 300 300 300 300 300 300 300 300 300 300 300 300 300 300 300 300 300 300 300 300 300 300 300 300 300 300 300 299.982 296.947 296.929 296.929 296.929 296.929 296.929 296.929 296.929 296.929 296.929 296.929 296.929 296.929 296.929 296.929 296.929 296.929 296.929 296.929 296.929 296.929 296.929 296.929 296.929 296.929 296.929 296.929 296.929 296.929 296.929 
303.079 303.079 303.079 303.079 303.079 303.079 303.079 303.079 303.079 303.079 303.079 303.079 303.079 303.079 303.079 303.079 303.079 303.079 303.079 303.079 303.079 303.079 303.079 303.079 303.079 303.079 303.079 303.079 303.079 303.079 303.061 300.018 300 300 300 300 300 300 300 300 300 300 300 300 300 300 300 300 300 300 300 300 300 300 300 300 300 300 300 300 300 300 300 300 300 300 300 300 300 299.982 296.939 296.92 296.92 296.92 296.92 296.92 296.92 296.92 296.92 296.92 296.92 296.92 296.92 296.92 296.92 296.92 296.92 296.92 296.92 296.92 296.92 296.92 296.92 296.92 296.92 296.92 296.92 296.92 296.92 296.92 
303.087 303.087 303.087 303.087 303.087 303.087 303.087 303.087 303.087 303.087 303.087 303.087 303.087 303.087 303.087 303.087 303.087 303.087 303.087 303.087 303.087 303.087 303.087 303.087 303.087 303.087 303.087 303.087 303.087 303.087 303.069 300.018 300 300 300 300 300 300 300 300 300 300 300 300 300 300 300 300 300 300 300 300 300 300 300 300 300 300 300 300 300 300 300 300 300 300 300 300 300 299.982 296.93 296.912 296.912 296.912 296.912 296.912 296.912 296.912 296.912 296.912 296.912 296.912 296.912 296.912 296.912 296.912 296.912 296.912 296.912 296.912 296.912 296.912 296.912 296.912 296.912 296.912 296.912 296.912 296.912 296.912 
303.095 303.095 303.095 303.095 303.095 303.095 303.095 303.095 303.095 303.095 303.095 303.095 303.095 303.095 303.095 303.095 303.095 303.095 303.095 303.095 303.095 303.095 303.095 303.095 303.095 303.095 303.095 303.095 303.095 303.095 303.077 300.018 300 300 300 300 300 300 300 300 300 300 300 300 300 300 300 300 300 300 300 300 300 300 300 300 300 300 300 300 300 300 300 300 300 300 300 300 300 299.982 296.922 296.904 296.904 296.904 296.904 296.904 296.904 296.904 296.904 296.904 296.904 296.904 296.904 296.904 296.904 296.904 296.904 296.904 296.904 296.904 296.904 296.904 296.904 296.904 296.904 296.904 296.904 296.904 296.904 296.904 
303.104 303.104 303.104 303.104 303.104 303.104 303.104 303.104 303.104 303.104 303.104 303.104 303.104 303.104 303.104 303.104 303.104 303.104 303.104 303.104 303.104 303.104 303.104 303.104 303.104 303.104 303.104 303.104 303.104 303.104 303.085 300.019 300 300 300 300 300 300 300 300 300 300 300 300 300 300 300 300 300 300 300 300 300 300 300 300 300 300 300 300 300 300 300 300 300 300 300 300 300 299.981 296.914 296.896 296.896 296.896 296.896 296.896 296.896 296.896 296.896 296.896 296.896 296.896 296.896 296.896 296.896 296.896 296.896 296.896 296.896 296.896 296.896 296.896 296.896 296.896 296.896 296.896 296.896 296.896 296.896 296.896 
303.112 303.112 303.112 303.112 303.112 303.112 303.112 303.112 303.112 303.112 303.112 303.112 303.112 303.112 303.112 303.112 303.112 303.112 303.112 303.112 303.112 303.112 303.112 303.112 303.112 303.112 303.112 303.112 303.112 303.112 303.093 300.019 300 300 300 300 300 300 300 300 300 300 300 300 300 300 300 300 300 300 300 300 300 300 300 300 300 300 300 300 300 300 300 300 300 300 300 300 300 299.981 296.906 296.887 296.887 296.887 296.887 296.887 296.887 296.887 296.887 296.887 296.887 296.887 296.887 296.887 296.887 296.887 296.887 296.887 296.887 296.887 296.887 296.887 296.887 296.887 296.887 296.887 296.887 296.887 296.887 296.887 
303.12 303.12 303.12 303.12 303.12 303.12 303.12 303.12 303.12 303.12 303.12 303.12 303.12 303.12 303.12 303.12 303.12 303.12 303.12 303.12 303.12 303.12 303.12 303.12 303.12 303.12 303.12 303.12 303.12 303.12 303.101 300.019 300 300 300 300 300 300 300 300 300 300 300 300 300 300 300 300 300 300 300 300 300 300 300 300 300 300 300 300 300 300 300 300 300 300 300 300 300 299.981 296.898 296.879 296.879 296.879 296.879 296.879 296.879 296.879 296.879 296.879 296.879 296.879 296.879 296.879 296.879 296.879 296.879 296.879 296.879 296.879 296.879 296.879 296.879 296.879 296.879 296.879 296.879 296.879 296.879 296.879 
303.128 303.128 303.128 303.128 303.128 303.128 303.128 303.128 303.128 303.128 303.128 303.128 303.128 303.128 303.128 303.128 303.128 303.128 303.128 303.128 303.128 303.128 303.128 303.128 303.128 303.128 303.128 303.128 303.128 303.128 303.11 300.019 300 300 300 300 300 300 300 300 300 300 300 300 300 300 300 300 300 300 300 300 300 300 300 300 300 300 300 300 300 300 300 300 300 300 300 300 300 299.981 296.89 296.871 296.871 296.871 296.871 296.871 296.871 296.871 296.871 296.871 296.871 296.871 296.871 296.871 296.871 296.871 296.871 296.871 296.871 296.871 296.871 296.871 296.871 296.871 296.871 296.871 296.871 296.871 296.871 296.871 
303.137 303.137 303.137 303.137 303.137 303.137 303.137 303.137 303.137 303.137 303.137 303.137 303.137 303.137 303.137 303.137 303.137 303.137 303.137 303.137 303.137 303.137 303.137 303.137 303.137 303.137 303.137 303.137 303.137 303.137 303.118 300.019 300 300 300 300 300 300 300 300 300 300 300 300 300 300 300 300 300 300 300 300 300 300 300 300 300 300 300 300 300 300 300 300 300 300 300 300 300 299.981 296.881 296.862 296.862 296.862 296.862 296.862 296.862 296.862 296.862 296.862 296.862 296.862 296.862 296.862 296.862 296.862 296.862 296.862 296.862 296.862 296.862 296.862 296.862 296.862 296.862 296.862 296.862 296.862 296.862 296.862 
303.145 303.145 303.145 303.145 303.145 303.145 303.145 303.145 303.145 303.145 303.145 303.145 303.145 303.145 303.145 303.145 303.145 303.145 303.145 303.145 303.145 303.145 303.145 303.145 303.145 303.145 303.145 303.145 303.145 303.145 303.126 300.019 300 300 300 300 300 300 300 300 300 300 300 300 300 300 300 300 300 300 300 300 300 300 300 300 300 300 300 300 300 300 300 300 300 300 300 300 300 299.981 296.873 296.854 296.854 296.854 296.854 296.854 296.854 296.854 296.854 296.854 296.854 296.854 296.854 296.854 296.854 296.854 296.854 296.854 296.854 296.854 296.854 296.854 296.854 296.854 296.854 296.854 296.854 296.854 296.854 296.854 
303.153 303.153 303.153 303.153 303.153 303.153 303.153 303.153 303.153 303.153 303.153 303.153 303.153 303.153 303.153 303.153 303.153 303.153 303.153 303.153 303.153 303.153 303.153 303.153 303.153 303.153 303.153 303.153 303.153 303.153 303.134 300.019 300 300 300 300 300 300 300 300 300 300 300 300 300 300 300 300 300 300 300 300 300 300 300 300 300 300 300 300 300 300 300 300 300 300 300 300 300 299.981 296.865 296.846 296.846 296.846 296.846 296.846 296.846 296.846 296.846 296.846 296.846 296.846 296.846 296.846 296.846 296.846 296.846 296.846 296.846 296.846 296.846 296.846 296.846 296.846 296.846 296.846 296.846 296.846 296.846 296.846 
303.162 303.162 303.162 303.162 303.162 303.162 303.162 303.162 303.162 303.162 303.162 303.162 303.162 303.162 303.162 303.162 303.162 303.162 303.162 303.162 303.162 303.162 303.162 303.162 303.162 303.162 303.162 303.162 303.162 303.161 303.142 300.019 300 300 300 300 300 300 300 300 300 300 300 300 300 300 300 300 300 300 300 300 300 300 300 300 300 300 300 300 300 300 300 300 300 300 300 300 300 299.981 296.857 296.838 296.838 296.838 296.838 296.838 296.838 296.838 296.838 296.838 296.838 296.838 296.838 296.838 296.838 296.838 296.838 296.838 296.838 296.838 296.838 296.838 296.838 296.838 296.838 296.838 296.838 296.838 296.838 296.838 
303.17 303.17 303.17 303.17 303.17 303.17 303.17 303.17 303.17 303.17 303.17 303.17 303.17 303.17 303.17 303.17 303.17 303.17 303.17 303.17 303.17 303.17 303.17 303.17 303.17 303.17 303.17 303.17 303.17 303.17 303.15 300.019 300 300 300 300 300 300 300 300 300 300 300 300 300 300 300 300 300 300 300 300 300 300 300 300 300 300 300 300 300 300 300 300 300 300 300 300 300 299.981 296.849 296.829 296.829 296.829 296.829 296.829 296.829 296.829 296.829 296.829 296.829 296.829 296.829 296.829 296.829 296.829 296.829 296.829 296.829 296.829 296.829 296.829 296.829 296.829 296.829 296.829 296.829 296.829 296.829 296.829 
303.178 303.178 303.178 303.178 303.178 303.178 303.178 303.178 303.178 303.178 303.178 303.178 303.178 303.178 303.178 303.178 303.178 303.178 303.178 303.178 303.178 303.178 303.178 303.178 303.178 303.178 303.178 303.178 303.178 303.178 303.159 300.019 300 300 300 300 300 300 300 300 300 300 300 300 300 300 300 300 300 300 300 300 300 300 300 300 300 300 300 300 300 300 300 300 300 300 300 300 300 299.981 296.84 296.821 296.821 296.821 296.821 296.821 296.821 296.821 296.821 296.821 296.821 296.821 296.821 296.821 296.821 296.821 296.821 296.821 296.821 296.821 296.821 296.821 296.821 296.821 296.821 296.821 296.821 296.821 296.821 296.821 
303.186 303.186 303.186 303.186 303.186 303.186 303.186 303.186 303.186 303.186 303.186 303.186 303.186 303.186 303.186 303.186 303.186 303.186 303.186 303.186 303.186 303.186 303.186 303.186 303.186 303.186 303.186 303.186 303.186 303.186 303.167 300.02 300 300 300 300 300 300 300 300 300 300 300 300 300 300 300 300 300 300 300 300 300 300 300 300 300 300 300 300 300 300 300 300 300 300 300 300 300 299.98 296.832 296.813 296.813 296.813 296.813 296.813 296.813 296.813 296.813 296.813 296.813 296.813 296.813 296.813 296.813 296.813 296.813 296.813 296.813 296.813 296.813 296.813 296.813 296.813 296.813 296.813 296.813 296.813 296.813 296.813 
303.195 303.195 303.195 303.195 303.195 303.195 303.195 303.195 303.195 303.195 303.195 303.195 303.195 303.195 303.195 303.195 303.195 303.195 303.195 303.195 303.195 303.195 303.195 303.195 303.195 303.195 303.195 303.195 303.195 303.195 303.175 300.02 300 300 300 300 300 300 300 300 300 300 300 300 300 300 300 300 300 300 300 300 300 300 300 300 300 300 300 300 300 300 300 300 300 300 300 300 300 299.98 296.824 296.805 296.804 296.804 296.804 296.804 296.804 296.804 296.804 296.804 296.804 296.804 296.804 296.804 296.804 296.804 296.804 296.804 296.804 296.804 296.804 296.804 296.804 296.804 296.804 296.804 296.804 296.804 296.804 296.804 
303.203 303.203 303.203 303.203 303.203 303.203 303.203 303.203 303.203 303.203 303.203 303.203 303.203 303.203 303.203 303.203 303.203 303.203 303.203 303.203 303.203 303.203 303.203 303.203 303.203 303.203 303.203 303.203 303.203 303.203 303.183 300.02 300 300 300 300 300 300 300 300 300 300 300 300 300 300 300 300 300 300 300 300 300 300 300 300 300 300 300 300 300 300 300 300 300 300 300 300 300 299.98 296.816 296.796 296.796 296.796 296.796 296.796 296.796 296.796 296.796 296.796 296.796 296.796 296.796 296.796 296.796 296.796 296.796 296.796 296.796 296.796 296.796 296.796 296.796 296.796 296.796 296.796 296.796 296.796 296.796 296.796 
303.211 303.211 303.211 303.211 303.211 303.211 303.211 303.211 303.211 303.211 303.211 303.211 303.211 303.211 303.211 303.211 303.211 303.211 303.211 303.211 303.211 303.211 303.211 303.211 303.211 303.211 303.211 303.211 303.211 303.211 303.191 300.02 300 300 300 300 300 300 300 300 300 300 300 300 300 300 300 300 300 300 300 300 300 300 300 300 300 300 300 300 300 300 300 300 300 300 300 300 300 299.98 296.808 296.788 296.788 296.788 296.788 296.788 296.788 296.788 296.788 296.788 296.788 296.788 296.788 296.788 296.788 296.788 296.788 296.788 296.788 296.788 296.788 296.788 296.788 296.788 296.788 296.788 296.788 296.788 296.788 296.788 
303.219 303.219 303.219 303.219 303.219 303.219 303.219 303.219 303.219 303.219 303.219 303.219 303.219 303.219 303.219 303.219 303.219 303.219 303.219 303.219 303.219 303.219 303.219 303.219 303.219 303.219 303.219 303.219 303.219 303.219 303.199 300.02 300 300 300 300 300 300 300 300 300 300 300 300 300 300 300 300 300 300 300 300 300 300 300 300 300 300 300 300 300 300 300 300 300 300 300 300 300 299.98 296.8 296.78 296.78 296.78 296.78 296.78 296.78 296.78 296.78 296.78 296.78 296.78 296.78 296.78 296.78 296.78 296.78 296.78 296.78 296.78 296.78 296.78 296.78 296.78 296.78 296.78 296.78 296.78 296.78 296.78 
303.228 303.228 303.228 303.228 303.228 303.228 303.228 303.228 303.228 303.228 303.228 303.228 303.228 303.228 303.228 303.228 303.228 303.228 303.228 303.228 303.228 303.228 303.228 303.228 303.228 303.228 303.228 303.228 303.228 303.228 303.208 300.02 300 300 300 300 300 300 300 300 300 300 300 300 300 300 300 300 300 300 300 300 300 300 300 300 300 300 300 300 300 300 300 300 300 300 300 300 300 299.98 296.791 296.771 296.771 296.771 296.771 296.771 296.771 296.771 296.771 296.771 296.771 296.771 296.771 296.771 296.771 296.771 296.771 296.771 296.771 296.771 296.771 296.771 296.771 296.771 296.771 296.771 296.771 296.771 296.771 296.771 
303.236 303.236 303.236 303.236 303.236 303.236 303.236 303.236 303.236 303.236 303.236 303.236 303.236 303.236 303.236 303.236 303.236 303.236 303.236 303.236 303.236 303.236 303.236 303.236 303.236 303.236 303.236 303.236 303.236 303.236 303.216 300.02 300 300 300 300 300 300 300 300 300 300 300 300 300 300 300 300 300 300 300 300 300 300 300 300 300 300 300 300 300 300 300 300 300 300 300 300 300 299.98 296.783 296.763 296.763 296.763 296.763 296.763 296.763 296.763 296.763 296.763 296.763 296.763 296.763 296.763 296.763 296.763 296.763 296.763 296.763 296.763 296.763 296.763 296.763 296.763 296.763 296.763 296.763 296.763 296.763 296.763 
303.244 303.244 303.244 303.244 303.244 303.244 303.244 303.244 303.244 303.244 303.244 303.244 303.244 303.244 303.244 303.244 303.244 303.244 303.244 303.244 303.244 303.244 303.244 303.244 303.244 303.244 303.244 303.244 303.244 303.244 303.224 300.02 300 300 300 300 300 300 300 300 300 300 300 300 300 300 300 300 300 300 300 300 300 300 300 300 300 300 300 300 300 300 300 300 300 300 300 300 300 299.98 296.775 296.755 296.755 296.755 296.755 296.755 296.755 296.755 296.755 296.755 296.755 296.755 296.755 296.755 296.755 296.755 296.755 296.755 296.755 296.755 296.755 296.755 296.755 296.755 296.755 296.755 296.755 296.755 296.755 296.755 
303.253 303.253 303.253 303.253 303.253 303.253 303.253 303.253 303.253 303.253 303.253 303.253 303.253 303.253 303.253 303.253 303.253 303.253 303.253 303.253 303.253 303.253 303.253 303.253 303.253 303.253 303.253 303.253 303.253 303.252 303.232 300.02 300 300 300 300 300 300 300 300 300 300 300 300 300 300 300 300 300 300 300 300 300 300 300 300 300 300 300 300 300 300 300 300 300 300 300 300 300 299.98 296.767 296.747 296.747 296.747 296.747 296.747 296.747 296.747 296.747 296.747 296.747 296.747 296.747 296.747 296.747 296.747 296.747 296.747 296.747 296.747 296.747 296.747 296.747 296.747 296.747 296.747 296.747 296.747 296.747 296.747 
303.261 303.261 303.261 303.261 303.261 303.261 303.261 303.261 303.261 303.261 303.261 303.261 303.261 303.261 303.261 303.261 303.261 303.261 303.261 303.261 303.261 303.261 303.261 303.261 303.261 303.261 303.261 303.261 303.261 303.261 303.24 300.021 300 300 300 300 300 300 300 300 300 300 300 300 300 300 300 300 300 300 300 300 300 300 300 300 300 300 300 300 300 300 300 300 300 300 300 300 300 299.98 296.759 296.738 296.738 296.738 296.738 296.738 296.738 296.738 296.738 296.738 296.738 296.738 296.738 296.738 296.738 296.738 296.738 296.738 296.738 296.738 296.738 296.738 296.738 296.738 296.738 296.738 296.738 296.738 296.738 296.738 
303.269 303.269 303.269 303.269 303.269 303.269 303.269 303.269 303.269 303.269 303.269 303.269 303.269 303.269 303.269 303.269 303.269 303.269 303.269 303.269 303.269 303.269 303.269 303.269 303.269 303.269 303.269 303.269 303.269 303.269 303.248 300.021 300 300 300 300 300 300 300 300 300 300 300 300 300 300 300 300 300 300 300 300 300 300 300 300 300 300 300 300 300 300 300 300 300 300 300 300 300 299.979 296.751 296.73 296.73 296.73 296.73 296.73 296.73 296.73 296.73 296.73 296.73 296.73 296.73 296.73 296.73 296.73 296.73 296.73 296.73 296.73 296.73 296.73 296.73 296.73 296.73 296.73 296.73 296.73 296.73 296.73 
303.277 303.277 303.277 303.277 303.277 303.277 303.277 303.277 303.277 303.277 303.277 303.277 303.277 303.277 303.277 303.277 303.277 303.277 303.277 303.277 303.277 303.277 303.277 303.277 303.277 303.277 303.277 303.277 303.277 303.277 303.257 300.021 300 300 300 300 300 300 300 300 300 300 300 300 300 300 300 300 300 300 300 300 300 300 300 300 300 300 300 300 300 300 300 300 300 300 300 300 300 299.979 296.742 296.722 296.722 296.722 296.722 296.722 296.722 296.722 296.722 296.722 296.722 296.722 296.722 296.722 296.722 296.722 296.722 296.722 296.722 296.722 296.722 296.722 296.722 296.722 296.722 296.722 296.722 296.722 296.722 296.722 
303.286 303.286 303.286 303.286 303.286 303.286 303.286 303.286 303.286 303.286 303.286 303.286 303.286 303.286 303.286 303.286 303.286 303.286 303.286 303.286 303.286 303.286 303.286 303.286 303.286 303.286 303.286 303.286 303.286 303.286 303.265 300.021 300 300 300 300 300 300 300 300 300 300 300 300 300 300 300 300 300 300 300 300 300 300 300 300 300 300 300 300 300 300 300 300 300 300 300 300 300 299.979 296.734 296.713 296.713 296.713 296.713 296.713 296.713 296.713 296.713 296.713 296.713 296.713 296.713 296.713 296.713 296.713 296.713 296.713 296.713 296.713 296.713 296.713 296.713 296.713 296.713 296.713 296.713 296.713 296.713 296.713 
303.294 303.294 303.294 303.294 303.294 303.294 303.294 303.294 303.294 303.294 303.294 303.294 303.294 303.294 303.294 303.294 303.294 303.294 303.294 303.294 303.294 303.294 303.294 303.294 303.294 303.294 303.294 303.294 303.294 303.294 303.273 300.021 300 300 300 300 300 300 300 300 300 300 300 300 300 300 300 300 300 300 300 300 300 300 300 300 300 300 300 300 300 300 300 300 300 300 300 300 300 299.979 296.726 296.705 296.705 296.705 296.705 296.705 296.705 296.705 296.705 296.705 296.705 296.705 296.705 296.705 296.705 296.705 296.705 296.705 296.705 296.705 296.705 296.705 296.705 296.705 296.705 296.705 296.705 296.705 296.705 296.705 
303.302 303.302 303.302 303.302 303.302 303.302 303.302 303.302 303.302 303.302 303.302 303.302 303.302 303.302 303.302 303.302 303.302 303.302 303.302 303.302 303.302 303.302 303.302 303.302 303.302 303.302 303.302 303.302 303.302 303.302 303.281 300.021 300 300 300 300 300 300 300 300 300 300 300 300 300 300 300 300 300 300 300 300 300 300 300 300 300 300 300 300 300 300 300 300 300 300 300 300 300 299.979 296.718 296.697 296.697 296.697 296.697 296.697 296.697 296.697 296.697 296.697 296.697 296.697 296.697 296.697 296.697 296.697 296.697 296.697 296.697 296.697 296.697 296.697 296.697 296.697 296.697 296.697 296.697 296.697 296.697 296.697 
303.31 303.31 303.31 303.31 303.31 303.31 303.31 303.31 303.31 303.31 303.31 303.31 303.31 303.31 303.31 303.31 303.31 303.31 303.31 303.31 303.31 303.31 303.31 303.31 303.31 303.31 303.31 303.31 303.31 303.31 303.289 300.021 300 300 300 300 300 300 300 300 300 300 300 300 300 300 300 300 300 300 300 300 300 300 300 300 300 300 300 300 300 300 300 300 300 300 300 300 300 299.979 296.71 296.689 296.689 296.689 296.689 296.689 296.689 296.689 296.689 296.689 296.689 296.689 296.689 296.689 296.689 296.689 296.689 296.689 296.689 296.689 296.689 296.689 296.689 296.689 296.689 296.689 296.689 296.689 296.689 296.689 
303.319 303.319 303.319 303.319 303.319 303.319 303.319 303.319 303.319 303.319 303.319 303.319 303.319 303.319 303.319 303.319 303.319 303.319 303.319 303.319 303.319 303.319 303.319 303.319 303.319 303.319 303.319 303.319 303.319 303.319 303.298 300.021 300 300 300 300 300 300 300 300 300 300 300 300 300 300 300 300 300 300 300 300 300 300 300 300 300 300 300 300 300 300 300 300 300 300 300 300 300 299.979 296.701 296.68 296.68 296.68 296.68 296.68 296.68 296.68 296.68 296.68 296.68 296.68 296.68 296.68 296.68 296.68 296.68 296.68 296.68 296.68 296.68 296.68 296.68 296.68 296.68 296.68 296.68 296.68 296.68 296.68 
303.327 303.327 303.327 303.327 303.327 303.327 303.327 303.327 303.327 303.327 303.327 303.327 303.327 303.327 303.327 303.327 303.327 303.327 303.327 303.327 303.327 303.327 303.327 303.327 303.327 303.327 303.327 303.327 303.327 303.327 303.306 300.021 300 300 300 300 300 300 300 300 300 300 300 300 300 300 300 300 300 300 300 300 300 300 300 300 300 300 300 300 300 300 300 300 300 300 300 300 300 299.979 296.693 296.672 296.672 296.672 296.672 296.672 296.672 296.672 296.672 296.672 296.672 296.672 296.672 296.672 296.672 296.672 296.672 296.672 296.672 296.672 296.672 296.672 296.672 296.672 296.672 296.672 296.672 296.672 296.672 296.672 
303.335 303.335 303.335 303.335 303.335 303.335 303.335 303.335 303.335 303.335 303.335 303.335 303.335 303.335 303.335 303.335 303.335 303.335 303.335 303.335 303.335 303.335 303.335 303.335 303.335 303.335 303.335 303.335 303.335 303.335 303.314 300.021 300 300 300 300 300 300 300 300 300 300 300 300 300 300 300 300 300 300 300 300 300 300 300 300 300 300 300 300 300 300 300 300 300 300 300 300 300 299.979 296.685 296.664 296.664 296.664 296.664 296.664 296.664 296.664 296.664 296.664 296.664 296.664 296.664 296.664 296.664 296.664 296.664 296.664 296.664 296.664 296.664 296.664 296.664 296.664 296.664 296.664 296.664 296.664 296.664 296.664 
303.344 303.344 303.344 303.344 303.344 303.344 303.344 303.344 303.344 303.344 303.344 303.344 303.344 303.344 303.344 303.344 303.344 303.344 303.344 303.344 303.344 303.344 303.344 303.344 303.344 303.344 303.344 303.344 303.344 303.343 303.322 300.022 300 300 300 300 300 300 300 300 300 300 300 300 300 300 300 300 300 300 300 300 300 300 300 300 300 300 300 300 300 300 300 300 300 300 300 300 300 299.978 296.677 296.656 296.655 296.655 296.655 296.655 296.655 296.655 296.655 296.655 296.655 296.655 296.655 296.655 296.655 296.655 296.655 296.655 296.655 296.655 296.655 296.655 296.655 296.655 296.655 296.655 296.655 296.655 296.655 296.655 
303.352 303.352 303.352 303.352 303.352 303.352 303.352 303.352 303.352 303.352 303.352 303.352 303.352 303.352 303.352 303.352 303.352 303.352 303.352 303.352 303.352 303.352 303.352 303.352 303.352 303.352 303.352 303.352 303.352 303.352 303.33 300.022 300 300 300 300 300 300 300 300 300 300 300 300 300 300 300 300 300 300 300 300 300 300 300 300 300 300 300 300 300 300 300 300 300 300 300 300 300 299.978 296.669 296.647 296.647 296.647 296.647 296.647 296.647 296.647 296.647 296.647 296.647 296.647 296.647 296.647 296.647 296.647 296.647 296.647 296.647 296.647 296.647 296.647 296.647 296.647 296.647 296.647 296.647 296.647 296.647 296.647 
303.36 303.36 303.36 303.36 303.36 303.36 303.36 303.36 303.36 303.36 303.36 303.36 303.36 303.36 303.36 303.36 303.36 303.36 303.36 303.36 303.36 303.36 303.36 303.36 303.36 303.36 303.36 303.36 303.36 303.36 303.338 300.022 300 300 300 300 300 300 300 300 300 300 300 300 300 300 300 300 300 300 300 300 300 300 300 300 300 300 300 300 300 300 300 300 300 300 300 300 300 299.978 296.661 296.639 296.639 296.639 296.639 296.639 296.639 296.639 296.639 296.639 296.639 296.639 296.639 296.639 296.639 296.639 296.639 296.639 296.639 296.639 296.639 296.639 296.639 296.639 296.639 296.639 296.639 296.639 296.639 296.639 
303.368 303.368 303.368 303.368 303.368 303.368 303.368 303.368 303.368 303.368 303.368 303.368 303.368 303.368 303.368 303.368 303.368 303.368 303.368 303.368 303.368 303.368 303.368 303.368 303.368 303.368 303.368 303.368 303.368 303.368 303.347 300.022 300 300 300 300 300 300 300 300 300 300 300 300 300 300 300 300 300 300 300 300 300 300 300 300 300 300 300 300 300 300 300 300 300 300 300 300 300 299.978 296.652 296.631 296.631 296.631 296.631 296.631 296.631 296.631 296.631 296.631 296.631 296.631 296.631 296.631 296.631 296.631 296.631 296.631 296.631 296.631 296.631 296.631 296.631 296.631 296.631 296.631 296.631 296.631 296.631 296.631 
303.377 303.377 303.377 303.377 303.377 303.377 303.377 303.377 303.377 303.377 303.377 303.377 303.377 303.377 303.377 303.377 303.377 303.377 303.377 303.377 303.377 303.377 303.377 303.377 303.377 303.377 303.377 303.377 303.377 303.377 303.355 300.022 300 300 300 300 300 300 300 300 300 300 300 300 300 300 300 300 300 300 300 300 300 300 300 300 300 300 300 300 300 300 300 300 300 300 300 300 300 299.978 296.644 296.622 296.622 296.622 296.622 296.622 296.622 296.622 296.622 296.622 296.622 296.622 296.622 296.622 296.622 296.622 296.622 296.622 296.622 296.622 296.622 296.622 296.622 296.622 296.622 296.622 296.622 296.622 296.622 296.622 
303.385 303.385 303.385 303.385 303.385 303.385 303.385 303.385 303.385 303.385 303.385 303.385 303.385 303.385 303.385 303.385 303.385 303.385 303.385 303.385 303.385 303.385 303.385 303.385 303.385 303.385 303.385 303.385 303.385 303.385 303.363 300.022 300 300 300 300 300 300 300 300 300 300 300 300 300 300 300 300 300 300 300 300 300 300 300 300 300 300 300 300 300 300 300 300 300 300 300 300 300 299.978 296.636 296.614 296.614 296.614 296.614 296.614 296.614 296.614 296.614 296.614 296.614 296.614 296.614 296.614 296.614 296.614 296.614 296.614 296.614 296.614 296.614 296.614 296.614 296.614 296.614 296.614 296.614 296.614 296.614 296.614 
303.393 303.393 303.393 303.393 303.393 303.393 303.393 303.393 303.393 303.393 303.393 303.393 303.393 303.393 303.393 303.393 303.393 303.393 303.393 303.393 303.393 303.393 303.393 303.393 303.393 303.393 303.393 303.393 303.393 303.393 303.371 300.022 300 300 300 300 300 300 300 300 300 300 300 300 300 300 300 300 300 300 300 300 300 300 300 300 300 300 300 300 300 300 300 300 300 300 300 300 300 299.978 296.628 296.606 296.606 296.606 296.606 296.606 296.606 296.606 296.606 296.606 296.606 296.606 296.606 296.606 296.606 296.606 296.606 296.606 296.606 296.606 296.606 296.606 296.606 296.606 296.606 296.606 296.606 296.606 296.606 296.606 
303.401 303.401 303.401 303.401 303.401 303.401 303.401 303.401 303.401 303.401 303.401 303.401 303.401 303.401 303.401 303.401 303.401 303.401 303.401 303.401 303.401 303.401 303.401 303.401 303.401 303.401 303.401 303.401 303.401 303.401 303.379 300.022 300 300 300 300 300 300 300 300 300 300 300 300 300 300 300 300 300 300 300 300 300 300 300 300 300 300 300 300 300 300 300 300 300 300 300 300 300 299.978 296.62 296.598 296.598 296.598 296.598 296.598 296.598 296.598 296.598 296.598 296.598 296.598 296.598 296.598 296.598 296.598 296.598 296.598 296.598 296.598 296.598 296.598 296.598 296.598 296.598 296.598 296.598 296.598 296.598 296.598 
303.41 303.41 303.41 303.41 303.41 303.41 303.41 303.41 303.41 303.41 303.41 303.41 303.41 303.41 303.41 303.41 303.41 303.41 303.41 303.41 303.41 303.41 303.41 303.41 303.41 303.41 303.41 303.41 303.41 303.41 303.387 300.022 300 300 300 300 300 300 300 300 300 300 300 300 300 300 300 300 300 300 300 300 300 300 300 300 300 300 300 300 300 300 300 300 300 300 300 300 300 299.978 296.612 296.589 296.589 296.589 296.589 296.589 296.589 296.589 296.589 296.589 296.589 296.589 296.589 296.589 296.589 296.589 296.589 296.589 296.589 296.589 296.589 296.589 296.589 296.589 296.589 296.589 296.589 296.589 296.589 296.589 
303.418 303.418 303.418 303.418 303.418 303.418 303.418 303.418 303.418 303.418 303.418 303.418 303.418 303.418 303.418 303.418 303.418 303.418 303.418 303.418 303.418 303.418 303.418 303.418 303.418 303.418 303.418 303.418 303.418 303.418 303.396 300.023 300 300 300 300 300 300 300 300 300 300 300 300 300 300 300 300 300 300 300 300 300 300 300 300 300 300 300 300 300 300 300 300 300 300 300 300 300 299.978 296.603 296.581 296.581 296.581 296.581 296.581 296.581 296.581 296.581 296.581 296.581 296.581 296.581 296.581 296.581 296.581 296.581 296.581 296.581 296.581 296.581 296.581 296.581 296.581 296.581 296.581 296.581 296.581 296.581 296.581 
303.426 303.426 303.426 303.426 303.426 303.426 303.426 303.426 303.426 303.426 303.426 303.426 303.426 303.426 303.426 303.426 303.426 303.426 303.426 303.426 303.426 303.426 303.426 303.426 303.426 303.426 303.426 303.426 303.426 303.426 303.404 300.023 300 300 300 300 300 300 300 300 300 300 300 300 300 300 300 300 300 300 300 300 300 300 300 300 300 300 300 300 300 300 300 300 300 300 300 300 300 299.977 296.595 296.573 296.573 296.573 296.573 296.573 296.573 296.573 296.573 296.573 296.573 296.573 296.573 296.573 296.573 296.573 296.573 296.573 296.573 296.573 296.573 296.573 296.573 296.573 296.573 296.573 296.573 296.573 296.573 296.573 
303.435 303.435 303.435 303.435 303.435 303.435 303.435 303.435 303.435 303.435 303.435 303.435 303.435 303.435 303.435 303.435 303.435 303.435 303.435 303.435 303.435 303.435 303.435 303.435 303.435 303.435 303.435 303.435 303.435 303.434 303.412 300.023 300 300 300 300 300 300 300 300 300 300 300 300 300 300 300 300 300 300 300 300 300 300 300 300 300 300 300 300 300 300 300 300 300 300 300 300 300 299.977 296.587 296.564 296.564 296.564 296.564 296.564 296.564 296.564 296.564 296.564 296.564 296.564 296.564 296.564 296.564 296.564 296.564 296.564 296.564 296.564 296.564 296.564 296.564 296.564 296.564 296.564 296.564 296.564 296.564 296.564 
303.443 303.443 303.443 303.443 303.443 303.443 303.443 303.443 303.443 303.443 303.443 303.443 303.443 303.443 303.443 303.443 303.443 303.443 303.443 303.443 303.443 303.443 303.443 303.443 303.443 303.443 303.443 303.443 303.443 303.443 303.42 300.023 300 300 300 300 300 300 300 300 300 300 300 300 300 300 300 300 300 300 300 300 300 300 300 300 300 300 300 300 300 300 300 300 300 300 300 300 300 299.977 296.579 296.556 296.556 296.556 296.556 296.556 296.556 296.556 296.556 296.556 296.556 296.556 296.556 296.556 296.556 296.556 296.556 296.556 296.556 296.556 296.556 296.556 296.556 296.556 296.556 296.556 296.556 296.556 296.556 296.556 
303.451 303.451 303.451 303.451 303.451 303.451 303.451 303.451 303.451 303.451 303.451 303.451 303.451 303.451 303.451 303.451 303.451 303.451 303.451 303.451 303.451 303.451 303.451 303.451 303.451 303.451 303.451 303.451 303.451 303.451 303.428 300.023 300 300 300 300 300 300 300 300 300 300 300 300 300 300 300 300 300 300 300 300 300 300 300 300 300 300 300 300 300 300 300 300 300 300 300 300 300 299.977 296.571 296.548 296.548 296.548 296.548 296.548 296.548 296.548 296.548 296.548 296.548 296.548 296.548 296.548 296.548 296.548 296.548 296.548 296.548 296.548 296.548 296.548 296.548 296.548 296.548 296.548 296.548 296.548 296.548 296.548 
303.459 303.459 303.459 303.459 303.459 303.459 303.459 303.459 303.459 303.459 303.459 303.459 303.459 303.459 303.459 303.459 303.459 303.459 303.459 303.459 303.459 303.459 303.459 303.459 303.459 303.459 303.459 303.459 303.459 303.459 303.436 300.023 300 300 300 300 300 300 300 300 300 300 300 300 300 300 300 300 300 300 300 300 300 300 300 300 300 300 300 300 300 300 300 300 300 300 300 300 300 299.977 296.563 296.54 296.54 296.54 296.54 296.54 296.54 296.54 296.54 296.54 296.54 296.54 296.54 296.54 296.54 296.54 296.54 296.54 296.54 296.54 296.54 296.54 296.54 296.54 296.54 296.54 296.54 296.54 296.54 296.54 
303.468 303.468 303.468 303.468 303.468 303.468 303.468 303.468 303.468 303.468 303.468 303.468 303.468 303.468 303.468 303.468 303.468 303.468 303.468 303.468 303.468 303.468 303.468 303.468 303.468 303.468 303.468 303.468 303.468 303.468 303.444 300.023 300 300 300 300 300 300 300 300 300 300 300 300 300 300 300 300 300 300 300 300 300 300 300 300 300 300 300 300 300 300 300 300 300 300 300 300 300 299.977 296.554 296.531 296.531 296.531 296.531 296.531 296.531 296.531 296.531 296.531 296.531 296.531 296.531 296.531 296.531 296.531 296.531 296.531 296.531 296.531 296.531 296.531 296.531 296.531 296.531 296.531 296.531 296.531 296.531 296.531 
303.476 303.476 303.476 303.476 303.476 303.476 303.476 303.476 303.476 303.476 303.476 303.476 303.476 303.476 303.476 303.476 303.476 303.476 303.476 303.476 303.476 303.476 303.476 303.476 303.476 303.476 303.476 303.476 303.476 303.476 303.453 300.023 300 300 300 300 300 300 300 300 300 300 300 300 300 300 300 300 300 300 300 300 300 300 300 300 300 300 300 300 300 300 300 300 300 300 300 300 300 299.977 296.546 296.523 296.523 296.523 296.523 296.523 296.523 296.523 296.523 296.523 296.523 296.523 296.523 296.523 296.523 296.523 296.523 296.523 296.523 296.523 296.523 296.523 296.523 296.523 296.523 296.523 296.523 296.523 296.523 296.523 
303.484 303.484 303.484 303.484 303.484 303.484 303.484 303.484 303.484 303.484 303.484 303.484 303.484 303.484 303.484 303.484 303.484 303.484 303.484 303.484 303.484 303.484 303.484 303.484 303.484 303.484 303.484 303.484 303.484 303.484 303.461 300.023 300 300 300 300 300 300 300 300 300 300 300 300 300 300 300 300 300 300 300 300 300 300 300 300 300 300 300 300 300 300 300 300 300 300 300 300 300 299.977 296.538 296.515 296.515 296.515 296.515 296.515 296.515 296.515 296.515 296.515 296.515 296.515 296.515 296.515 296.515 296.515 296.515 296.515 296.515 296.515 296.515 296.515 296.515 296.515 296.515 296.515 296.515 296.515 296.515 296.515 
303.492 303.492 303.492 303.492 303.492 303.492 303.492 303.492 303.492 303.492 303.492 303.492 303.492 303.492 303.492 303.492 303.492 303.492 303.492 303.492 303.492 303.492 303.492 303.492 303.492 303.492 303.492 303.492 303.492 303.492 303.469 300.024 300 300 300 300 300 300 300 300 300 300 300 300 300 300 300 300 300 300 300 300 300 300 300 300 300 300 300 300 300 300 300 300 300 300 300 300 300 299.977 296.53 296.507 296.506 296.506 296.506 296.506 296.506 296.506 296.506 296.506 296.506 296.506 296.506 296.506 296.506 296.506 296.506 296.506 296.506 296.506 296.506 296.506 296.506 296.506 296.506 296.506 296.506 296.506 296.506 296.506 
303.501 303.501 303.501 303.501 303.501 303.501 303.501 303.501 303.501 303.501 303.501 303.501 303.501 303.501 303.501 303.501 303.501 303.501 303.501 303.501 303.501 303.501 303.501 303.501 303.501 303.501 303.501 303.501 303.501 303.501 303.477 300.024 300 300 300 300 300 300 300 300 300 300 300 300 300 300 300 300 300 300 300 300 300 300 300 300 300 300 300 300 300 300 300 300 300 300 300 300 300 299.976 296.522 296.498 296.498 296.498 296.498 296.498 296.498 296.498 296.498 296.498 296.498 296.498 296.498 296.498 296.498 296.498 296.498 296.498 296.498 296.498 296.498 296.498 296.498 296.498 296.498 296.498 296.498 296.498 296.498 296.498 
303.509 303.509 303.509 303.509 303.509 303.509 303.509 303.509 303.509 303.509 303.509 303.509 303.509 303.509 303.509 303.509 303.509 303.509 303.509 303.509 303.509 303.509 303.509 303.509 303.509 303.509 303.509 303.509 303.509 303.509 303.485 300.024 300 300 300 300 300 300 300 300 300 300 300 300 300 300 300 300 300 300 300 300 300 300 300 300 300 300 300 300 300 300 300 300 300 300 300 300 300 299.976 296.514 296.49 296.49 296.49 296.49 296.49 296.49 296.49 296.49 296.49 296.49 296.49 296.49 296.49 296.49 296.49 296.49 296.49 296.49 296.49 296.49 296.49 296.49 296.49 296.49 296.49 296.49 296.49 296.49 296.49 
303.517 303.517 303.517 303.517 303.517 303.517 303.517 303.517 303.517 303.517 303.517 303.517 303.517 303.517 303.517 303.517 303.517 303.517 303.517 303.517 303.517 303.517 303.517 303.517 303.517 303.517 303.517 303.517 303.517 303.517 303.493 300.024 300 300 300 300 300 300 300 300 300 300 300 300 300 300 300 300 300 300 300 300 300 300 300 300 300 300 300 300 300 300 300 300 300 300 300 300 300 299.976 296.505 296.482 296.482 296.482 296.482 296.482 296.482 296.482 296.482 296.482 296.482 296.482 296.482 296.482 296.482 296.482 296.482 296.482 296.482 296.482 296.482 296.482 296.482 296.482 296.482 296.482 296.482 296.482 296.482 296.482 
303.526 303.526 303.526 303.526 303.526 303.526 303.526 303.526 303.526 303.526 303.526 303.526 303.526 303.526 303.526 303.526 303.526 303.526 303.526 303.526 303.526 303.526 303.526 303.526 303.526 303.526 303.526 303.526 303.526 303.525 303.502 300.024 300 300 300 300 300 300 300 300 300 300 300 300 300 300 300 300 300 300 300 300 300 300 300 300 300 300 300 300 300 300 300 300 300 300 300 300 300 299.976 296.497 296.473 296.473 296.473 296.473 296.473 296.473 296.473 296.473 296.473 296.473 296.473 296.473 296.473 296.473 296.473 296.473 296.473 296.473 296.473 296.473 296.473 296.473 296.473 296.473 296.473 296.473 296.473 296.473 296.473 
303.534 303.534 303.534 303.534 303.534 303.534 303.534 303.534 303.534 303.534 303.534 303.534 303.534 303.534 303.534 303.534 303.534 303.534 303.534 303.534 303.534 303.534 303.534 303.534 303.534 303.534 303.534 303.534 303.534 303.534 303.51 300.024 300 300 300 300 300 300 300 300 300 300 300 300 300 300 300 300 300 300 300 300 300 300 300 300 300 300 300 300 300 300 300 300 300 300 300 300 300 299.976 296.489 296.465 296.465 296.465 296.465 296.465 296.465 296.465 296.465 296.465 296.465 296.465 296.465 296.465 296.465 296.465 296.465 296.465 296.465 296.465 296.465 296.465 296.465 296.465 296.465 296.465 296.465 296.465 296.465 296.465 
303.542 303.542 303.542 303.542 303.542 303.542 303.542 303.542 303.542 303.542 303.542 303.542 303.542 303.542 303.542 303.542 303.542 303.542 303.542 303.542 303.542 303.542 303.542 303.542 303.542 303.542 303.542 303.542 303.542 303.542 303.518 300.024 300 300 300 300 300 300 300 300 300 300 300 300 300 300 300 300 300 300 300 300 300 300 300 300 300 300 300 300 300 300 300 300 300 300 300 300 300 299.976 296.481 296.457 296.457 296.457 296.457 296.457 296.457 296.457 296.457 296.457 296.457 296.457 296.457 296.457 296.457 296.457 296.457 296.457 296.457 296.457 296.457 296.457 296.457 296.457 296.457 296.457 296.457 296.457 296.457 296.457 
303.55 303.55 303.55 303.55 303.55 303.55 303.55 303.55 303.55 303.55 303.55 303.55 303.55 303.55 303.55 303.55 303.55 303.55 303.55 303.55 303.55 303.55 303.55 303.55 303.55 303.55 303.55 303.55 303.55 303.55 303.526 300.024 300 300 300 300 300 300 300 300 300 300 300 300 300 300 300 300 300 300 300 300 300 300 300 300 300 300 300 300 300 300 300 300 300 300 300 300 300 299.976 296.473 296.449 296.449 296.449 296.449 296.449 296.449 296.449 296.449 296.449 296.449 296.449 296.449 296.449 296.449 296.449 296.449 296.449 296.449 296.449 296.449 296.449 296.449 296.449 296.449 296.449 296.449 296.449 296.449 296.449 
303.559 303.559 303.559 303.559 303.559 303.559 303.559 303.559 303.559 303.559 303.559 303.559 303.559 303.559 303.559 303.559 303.559 303.559 303.559 303.559 303.559 303.559 303.559 303.559 303.559 303.559 303.559 303.559 303.559 303.559 303.534 300.024 300 300 300 300 300 300 300 300 300 300 300 300 300 300 300 300 300 300 300 300 300 300 300 300 300 300 300 300 300 300 300 300 300 300 300 300 300 299.976 296.465 296.44 296.44 296.44 296.44 296.44 296.44 296.44 296.44 296.44 296.44 296.44 296.44 296.44 296.44 296.44 296.44 296.44 296.44 296.44 296.44 296.44 296.44 296.44 296.44 296.44 296.44 296.44 296.44 296.44 
303.567 303.567 303.567 303.567 303.567 303.567 303.567 303.567 303.567 303.567 303.567 303.567 303.567 303.567 303.567 303.567 303.567 303.567 303.567 303.567 303.567 303.567 303.567 303.567 303.567 303.567 303.567 303.567 303.567 303.567 303.542 300.025 300 300 300 300 300 300 300 300 300 300 300 300 300 300 300 300 300 300 300 300 300 300 300 300 300 300 300 300 300 300 300 300 300 300 300 300 300 299.976 296.456 296.432 296.432 296.432 296.432 296.432 296.432 296.432 296.432 296.432 296.432 296.432 296.432 296.432 296.432 296.432 296.432 296.432 296.432 296.432 296.432 296.432 296.432 296.432 296.432 296.432 296.432 296.432 296.432 296.432 
303.575 303.575 303.575 303.575 303.575 303.575 303.575 303.575 303.575 303.575 303.575 303.575 303.575 303.575 303.575 303.575 303.575 303.575 303.575 303.575 303.575 303.575 303.575 303.575 303.575 303.575 303.575 303.575 303.575 303.575 303.551 300.025 300 300 300 300 300 300 300 300 300 300 300 300 300 300 300 300 300 300 300 300 300 300 300 300 300 300 300 300 300 300 300 300 300 300 300 300 300 299.975 296.448 296.424 296.424 296.424 296.424 296.424 296.424 296.424 296.424 296.424 296.424 296.424 296.424 296.424 296.424 296.424 296.424 296.424 296.424 296.424 296.424 296.424 296.424 296.424 296.424 296.424 296.424 296.424 296.424 296.424 
303.583 303.583 303.583 303.583 303.583 303.583 303.583 303.583 303.583 303.583 303.583 303.583 303.583 303.583 303.583 303.583 303.583 303.583 303.583 303.583 303.583 303.583 303.583 303.583 303.583 303.583 303.583 303.583 303.583 303.583 303.559 300.025 300 300 300 300 300 300 300 300 300 300 300 300 300 300 300 300 300 300 300 300 300 300 300 300 300 300 300 300 300 300 300 300 300 300 300 300 300 299.975 296.44 296.416 296.415 296.415 296.415 296.415 296.415 296.415 296.415 296.415 296.415 296.415 296.415 296.415 296.415 296.415 296.415 296.415 296.415 296.415 296.415 296.415 296.415 296.415 296.415 296.415 296.415 296.415 296.415 296.415 
303.592 303.592 303.592 303.592 303.592 303.592 303.592 303.592 303.592 303.592 303.592 303.592 303.592 303.592 303.592 303.592 303.592 303.592 303.592 303.592 303.592 303.592 303.592 303.592 303.592 303.592 303.592 303.592 303.592 303.592 303.567 300.025 300 300 300 300 300 300 300 300 300 300 300 300 300 300 300 300 300 300 300 300 300 300 300 300 300 300 300 300 300 300 300 300 300 300 300 300 300 299.975 296.432 296.407 296.407 296.407 296.407 296.407 296.407 296.407 296.407 296.407 296.407 296.407 296.407 296.407 296.407 296.407 296.407 296.407 296.407 296.407 296.407 296.407 296.407 296.407 296.407 296.407 296.407 296.407 296.407 296.407 
303.6 303.6 303.6 303.6 303.6 303.6 303.6 303.6 303.6 303.6 303.6 303.6 303.6 303.6 303.6 303.6 303.6 303.6 303.6 303.6 303.6 303.6 303.6 303.6 303.6 303.6 303.6 303.6 303.6 303.6 303.575 300.025 300 300 300 300 300 300 300 300 300 300 300 300 300 300 300 300 300 300 300 300 300 300 300 300 300 300 300 300 300 300 300 300 300 300 300 300 300 299.975 296.424 296.399 296.399 296.399 296.399 296.399 296.399 296.399 296.399 296.399 296.399 296.399 296.399 296.399 296.399 296.399 296.399 296.399 296.399 296.399 296.399 296.399 296.399 296.399 296.399 296.399 296.399 296.399 296.399 296.399 
303.608 303.608 303.608 303.608 303.608 303.608 303.608 303.608 303.608 303.608 303.608 303.608 303.608 303.608 303.608 303.608 303.608 303.608 303.608 303.608 303.608 303.608 303.608 303.608 303.608 303.608 303.608 303.608 303.608 303.608 303.583 300.025 300 300 300 300 300 300 300 300 300 300 300 300 300 300 300 300 300 300 300 300 300 300 300 300 300 300 300 300 300 300 300 300 300 300 300 300 300 299.975 296.416 296.391 296.391 296.391 296.391 296.391 296.391 296.391 296.391 296.391 296.391 296.391 296.391 296.391 296.391 296.391 296.391 296.391 296.391 296.391 296.391 296.391 296.391 296.391 296.391 296.391 296.391 296.391 296.391 296.391 
303.617 303.617 303.617 303.617 303.617 303.617 303.617 303.617 303.617 303.617 303.617 303.617 303.617 303.617 303.617 303.617 303.617 303.617 303.617 303.617 303.617 303.617 303.617 303.617 303.617 303.617 303.617 303.617 303.617 303.616 303.591 300.025 300 300 300 300 300 300 300 300 300 300 300 300 300 300 300 300 300 300 300 300 300 300 300 300 300 300 300 300 300 300 300 300 300 300 300 300 300 299.975 296.407 296.382 296.382 296.382 296.382 296.382 296.382 296.382 296.382 296.382 296.382 296.382 296.382 296.382 296.382 296.382 296.382 296.382 296.382 296.382 296.382 296.382 296.382 296.382 296.382 296.382 296.382 296.382 296.382 296.382 
303.625 303.625 303.625 303.625 303.625 303.625 303.625 303.625 303.625 303.625 303.625 303.625 303.625 303.625 303.625 303.625 303.625 303.625 303.625 303.625 303.625 303.625 303.625 303.625 303.625 303.625 303.625 303.625 303.625 303.625 303.6 300.025 300 300 300 300 300 300 300 300 300 300 300 300 300 300 300 300 300 300 300 300 300 300 300 300 300 300 300 300 300 300 300 300 300 300 300 300 300 299.975 296.399 296.374 296.374 296.374 296.374 296.374 296.374 296.374 296.374 296.374 296.374 296.374 296.374 296.374 296.374 296.374 296.374 296.374 296.374 296.374 296.374 296.374 296.374 296.374 296.374 296.374 296.374 296.374 296.374 296.374 
303.633 303.633 303.633 303.633 303.633 303.633 303.633 303.633 303.633 303.633 303.633 303.633 303.633 303.633 303.633 303.633 303.633 303.633 303.633 303.633 303.633 303.633 303.633 303.633 303.633 303.633 303.633 303.633 303.633 303.633 303.608 300.025 300 300 300 300 300 300 300 300 300 300 300 300 300 300 300 300 300 300 300 300 300 300 300 300 300 300 300 300 300 300 300 300 300 300 300 300 300 299.975 296.391 296.366 296.366 296.366 296.366 296.366 296.366 296.366 296.366 296.366 296.366 296.366 296.366 296.366 296.366 296.366 296.366 296.366 296.366 296.366 296.366 296.366 296.366 296.366 296.366 296.366 296.366 296.366 296.366 296.366 
303.641 303.641 303.641 303.641 303.641 303.641 303.641 303.641 303.641 303.641 303.641 303.641 303.641 303.641 303.641 303.641 303.641 303.641 303.641 303.641 303.641 303.641 303.641 303.641 303.641 303.641 303.641 303.641 303.641 303.641 303.616 300.026 300 300 300 300 300 300 300 300 300 300 300 300 300 300 300 300 300 300 300 300 300 300 300 300 300 300 300 300 300 300 300 300 300 300 300 300 300 299.975 296.383 296.358 296.357 296.357 296.357 296.357 296.357 296.357 296.357 296.357 296.357 296.357 296.357 296.357 296.357 296.357 296.357 296.357 296.357 296.357 296.357 296.357 296.357 296.357 296.357 296.357 296.357 296.357 296.357 296.357 
303.65 303.65 303.65 303.65 303.65 303.65 303.65 303.65 303.65 303.65 303.65 303.65 303.65 303.65 303.65 303.65 303.65 303.65 303.65 303.65 303.65 303.65 303.65 303.65 303.65 303.65 303.65 303.65 303.65 303.65 303.624 300.026 300 300 300 300 300 300 300 300 300 300 300 300 300 300 300 300 300 300 300 300 300 300 300 300 300 300 300 300 300 300 300 300 300 300 300 300 300 299.974 296.375 296.349 296.349 296.349 296.349 296.349 296.349 296.349 296.349 296.349 296.349 296.349 296.349 296.349 296.349 296.349 296.349 296.349 296.349 296.349 296.349 296.349 296.349 296.349 296.349 296.349 296.349 296.349 296.349 296.349 
303.658 303.658 303.658 303.658 303.658 303.658 303.658 303.658 303.658 303.658 303.658 303.658 303.658 303.658 303.658 303.658 303.658 303.658 303.658 303.658 303.658 303.658 303.658 303.658 303.658 303.658 303.658 303.658 303.658 303.658 303.632 300.026 300 300 300 300 300 300 300 300 300 300 300 300 300 300 300 300 300 300 300 300 300 300 300 300 300 300 300 300 300 300 300 300 300 300 300 300 300 299.974 296.367 296.341 296.341 296.341 296.341 296.341 296.341 296.341 296.341 296.341 296.341 296.341 296.341 296.341 296.341 296.341 296.341 296.341 296.341 296.341 296.341 296.341 296.341 296.341 296.341 296.341 296.341 296.341 296.341 296.341 
303.666 303.666 303.666 303.666 303.666 303.666 303.666 303.666 303.666 303.666 303.666 303.666 303.666 303.666 303.666 303.666 303.666 303.666 303.666 303.666 303.666 303.666 303.666 303.666 303.666 303.666 303.666 303.666 303.666 303.666 303.64 300.026 300 300 300 300 300 300 300 300 300 300 300 300 300 300 300 300 300 300 300 300 300 300 300 300 300 300 300 300 300 300 300 300 300 300 300 300 300 299.974 296.358 296.333 296.333 296.333 296.333 296.333 296.333 296.333 296.333 296.333 296.333 296.333 296.333 296.333 296.333 296.333 296.333 296.333 296.333 296.333 296.333 296.333 296.333 296.333 296.333 296.333 296.333 296.333 296.333 296.333 
303.674 303.674 303.674 303.674 303.674 303.674 303.674 303.674 303.674 303.674 303.674 303.674 303.674 303.674 303.674 303.674 303.674 303.674 303.674 303.674 303.674 303.674 303.674 303.674 303.674 303.674 303.674 303.674 303.674 303.674 303.648 300.026 300 300 300 300 300 300 300 300 300 300 300 300 300 300 300 300 300 300 300 300 300 300 300 300 300 300 300 300 300 300 300 300 300 300 300 300 300 299.974 296.35 296.324 296.324 296.324 296.324 296.324 296.324 296.324 296.324 296.324 296.324 296.324 296.324 296.324 296.324 296.324 296.324 296.324 296.324 296.324 296.324 296.324 296.324 296.324 296.324 296.324 296.324 296.324 296.324 296.324 
303.683 303.683 303.683 303.683 303.683 303.683 303.683 303.683 303.683 303.683 303.683 303.683 303.683 303.683 303.683 303.683 303.683 303.683 303.683 303.683 303.683 303.683 303.683 303.683 303.683 303.683 303.683 303.683 303.683 303.683 303.657 300.026 300 300 300 300 300 300 300 300 300 300 300 300 300 300 300 300 300 300 300 300 300 300 300 300 300 300 300 300 300 300 300 300 300 300 300 300 300 299.974 296.342 296.316 296.316 296.316 296.316 296.316 296.316 296.316 296.316 296.316 296.316 296.316 296.316 296.316 296.316 296.316 296.316 296.316 296.316 296.316 296.316 296.316 296.316 296.316 296.316 296.316 296.316 296.316 296.316 296.316 
303.691 303.691 303.691 303.691 303.691 303.691 303.691 303.691 303.691 303.691 303.691 303.691 303.691 303.691 303.691 303.691 303.691 303.691 303.691 303.691 303.691 303.691 303.691 303.691 303.691 303.691 303.691 303.691 303.691 303.691 303.665 300.026 300 300 300 300 300 300 300 300 300 300 300 300 300 300 300 300 300 300 300 300 300 300 300 300 300 300 300 300 300 300 300 300 300 300 300 300 300 299.974 296.334 296.308 296.308 296.308 296.308 296.308 296.308 296.308 296.308 296.308 296.308 296.308 296.308 296.308 296.308 296.308 296.308 296.308 296.308 296.308 296.308 296.308 296.308 296.308 296.308 296.308 296.308 296.308 296.308 296.308 
303.699 303.699 303.699 303.699 303.699 303.699 303.699 303.699 303.699 303.699 303.699 303.699 303.699 303.699 303.699 303.699 303.699 303.699 303.699 303.699 303.699 303.699 303.699 303.699 303.699 303.699 303.699 303.699 303.699 303.699 303.673 300.026 300 300 300 300 300 300 300 300 300 300 300 300 300 300 300 300 300 300 300 300 300 300 300 300 300 300 300 300 300 300 300 300 300 300 300 300 300 299.974 296.326 296.3 296.3 296.3 296.3 296.3 296.3 296.3 296.3 296.3 296.3 296.3 296.3 296.3 296.3 296.3 296.3 296.3 296.3 296.3 296.3 296.3 296.3 296.3 296.3 296.3 296.3 296.3 296.3 296.3 
303.708 303.708 303.708 303.708 303.708 303.708 303.708 303.708 303.708 303.708 303.708 303.708 303.708 303.708 303.708 303.708 303.708 303.708 303.708 303.708 303.708 303.708 303.708 303.708 303.708 303.708 303.708 303.708 303.708 303.707 303.681 300.026 300 300 300 300 300 300 300 300 300 300 300 300 300 300 300 300 300 300 300 300 300 300 300 300 300 300 300 300 300 300 300 300 300 300 300 300 300 299.974 296.318 296.291 296.291 296.291 296.291 296.291 296.291 296.291 296.291 296.291 296.291 296.291 296.291 296.291 296.291 296.291 296.291 296.291 296.291 296.291 296.291 296.291 296.291 296.291 296.291 296.291 296.291 296.291 296.291 296.291 
303.716 303.716 303.716 303.716 303.716 303.716 303.716 303.716 303.716 303.716 303.716 303.716 303.716 303.716 303.716 303.716 303.716 303.716 303.716 303.716 303.716 303.716 303.716 303.716 303.716 303.716 303.716 303.716 303.716 303.716 303.689 300.027 300 300 300 300 300 300 300 300 300 300 300 300 300 300 300 300 300 300 300 300 300 300 300 300 300 300 300 300 300 300 300 300 300 300 300 300 300 299.973 296.309 296.283 296.283 296.283 296.283 296.283 296.283 296.283 296.283 296.283 296.283 296.283 296.283 296.283 296.283 296.283 296.283 296.283 296.283 296.283 296.283 296.283 296.283 296.283 296.283 296.283 296.283 296.283 296.283 296.283 
303.724 303.724 303.724 303.724 303.724 303.724 303.724 303.724 303.724 303.724 303.724 303.724 303.724 303.724 303.724 303.724 303.724 303.724 303.724 303.724 303.724 303.724 303.724 303.724 303.724 303.724 303.724 303.724 303.724 303.724 303.697 300.027 300 300 300 300 300 300 300 300 300 300 300 300 300 300 300 300 300 300 300 300 300 300 300 300 300 300 300 300 300 300 300 300 300 300 300 300 300 299.973 296.301 296.275 296.275 296.275 296.275 296.275 296.275 296.275 296.275 296.275 296.275 296.275 296.275 296.275 296.275 296.275 296.275 296.275 296.275 296.275 296.275 296.275 296.275 296.275 296.275 296.275 296.275 296.275 296.275 296.275 
303.732 303.732 303.732 303.732 303.732 303.732 303.732 303.732 303.732 303.732 303.732 303.732 303.732 303.732 303.732 303.732 303.732 303.732 303.732 303.732 303.732 303.732 303.732 303.732 303.732 303.732 303.732 303.732 303.732 303.732 303.706 300.027 300 300 300 300 300 300 300 300 300 300 300 300 300 300 300 300 300 300 300 300 300 300 300 300 300 300 300 300 300 300 300 300 300 300 300 300 300 299.973 296.293 296.267 296.266 296.266 296.266 296.266 296.266 296.266 296.266 296.266 296.266 296.266 296.266 296.266 296.266 296.266 296.266 296.266 296.266 296.266 296.266 296.266 296.266 296.266 296.266 296.266 296.266 296.266 296.266 296.266 
303.741 303.741 303.741 303.741 303.741 303.741 303.741 303.741 303.741 303.741 303.741 303.741 303.741 303.741 303.741 303.741 303.741 303.741 303.741 303.741 303.741 303.741 303.741 303.741 303.741 303.741 303.741 303.741 303.741 303.741 303.714 300.027 300 300 300 300 300 300 300 300 300 300 300 300 300 300 300 300 300 300 300 300 300 300 300 300 300 300 300 300 300 300 300 300 300 300 300 300 300 299.973 296.285 296.258 296.258 296.258 296.258 296.258 296.258 296.258 296.258 296.258 296.258 296.258 296.258 296.258 296.258 296.258 296.258 296.258 296.258 296.258 296.258 296.258 296.258 296.258 296.258 296.258 296.258 296.258 296.258 296.258 
303.749 303.749 303.749 303.749 303.749 303.749 303.749 303.749 303.749 303.749 303.749 303.749 303.749 303.749 303.749 303.749 303.749 303.749 303.749 303.749 303.749 303.749 303.749 303.749 303.749 303.749 303.749 303.749 303.749 303.749 303.722 300.027 300 300 300 300 300 300 300 300 300 300 300 300 300 300 300 300 300 300 300 300 300 300 300 300 300 300 300 300 300 300 300 300 300 300 300 300 300 299.973 296.277 296.25 296.25 296.25 296.25 296.25 296.25 296.25 296.25 296.25 296.25 296.25 296.25 296.25 296.25 296.25 296.25 296.25 296.25 296.25 296.25 296.25 296.25 296.25 296.25 296.25 296.25 296.25 296.25 296.25 
303.757 303.757 303.757 303.757 303.757 303.757 303.757 303.757 303.757 303.757 303.757 303.757 303.757 303.757 303.757 303.757 303.757 303.757 303.757 303.757 303.757 303.757 303.757 303.757 303.757 303.757 303.757 303.757 303.757 303.757 303.73 300.027 300 300 300 300 300 300 300 300 300 300 300 300 300 300 300 300 300 300 300 300 300 300 300 300 300 300 300 300 300 300 300 300 300 300 300 300 300 299.973 296.269 296.242 296.242 296.242 296.242 296.242 296.242 296.242 296.242 296.242 296.242 296.242 296.242 296.242 296.242 296.242 296.242 296.242 296.242 296.242 296.242 296.242 296.242 296.242 296.242 296.242 296.242 296.242 296.242 296.242 
303.765 303.765 303.765 303.765 303.765 303.765 303.765 303.765 303.765 303.765 303.765 303.765 303.765 303.765 303.765 303.765 303.765 303.765 303.765 303.765 303.765 303.765 303.765 303.765 303.765 303.765 303.765 303.765 303.765 303.765 303.738 300.027 300 300 300 300 300 300 300 300 300 300 300 300 300 300 300 300 300 300 300 300 300 300 300 300 300 300 300 300 300 300 300 300 300 300 300 300 300 299.973 296.26 296.233 296.233 296.233 296.233 296.233 296.233 296.233 296.233 296.233 296.233 296.233 296.233 296.233 296.233 296.233 296.233 296.233 296.233 296.233 296.233 296.233 296.233 296.233 296.233 296.233 296.233 296.233 296.233 296.233 
303.774 303.774 303.774 303.774 303.774 303.774 303.774 303.774 303.774 303.774 303.774 303.774 303.774 303.774 303.774 303.774 303.774 303.774 303.774 303.774 303.774 303.774 303.774 303.774 303.774 303.774 303.774 303.774 303.774 303.774 303.746 300.027 300 300 300 300 300 300 300 300 300 300 300 300 300 300 300 300 300 300 300 300 300 300 300 300 300 300 300 300 300 300 300 300 300 300 300 300 300 299.973 296.252 296.225 296.225 296.225 296.225 296.225 296.225 296.225 296.225 296.225 296.225 296.225 296.225 296.225 296.225 296.225 296.225 296.225 296.225 296.225 296.225 296.225 296.225 296.225 296.225 296.225 296.225 296.225 296.225 296.225 
303.782 303.782 303.782 303.782 303.782 303.782 303.782 303.782 303.782 303.782 303.782 303.782 303.782 303.782 303.782 303.782 303.782 303.782 303.782 303.782 303.782 303.782 303.782 303.782 303.782 303.782 303.782 303.782 303.782 303.782 303.754 300.028 300 300 300 300 300 300 300 300 300 300 300 300 300 300 300 300 300 300 300 300 300 300 300 300 300 300 300 300 300 300 300 300 300 300 300 300 300 299.973 296.244 296.217 296.217 296.217 296.217 296.217 296.217 296.217 296.217 296.217 296.217 296.217 296.217 296.217 296.217 296.217 296.217 296.217 296.217 296.217 296.217 296.217 296.217 296.217 296.217 296.217 296.217 296.217 296.217 296.217 
303.79 303.79 303.79 303.79 303.79 303.79 303.79 303.79 303.79 303.79 303.79 303.79 303.79 303.79 303.79 303.79 303.79 303.79 303.79 303.79 303.79 303.79 303.79 303.79 303.79 303.79 303.79 303.79 303.79 303.79 303.763 300.028 300 300 300 300 300 300 300 300 300 300 300 300 300 300 300 300 300 300 300 300 300 300 300 300 300 300 300 300 300 300 300 300 300 300 300 300 300 299.972 296.236 296.209 296.208 296.208 296.208 296.208 296.208 296.208 296.208 296.208 296.208 296.208 296.208 296.208 296.208 296.208 296.208 296.208 296.208 296.208 296.208 296.208 296.208 296.208 296.208 296.208 296.208 296.208 296.208 296.208 
303.799 303.799 303.799 303.799 303.799 303.799 303.799 303.799 303.799 303.799 303.799 303.799 303.799 303.799 303.799 303.799 303.799 303.799 303.799 303.799 303.799 303.799 303.799 303.799 303.799 303.799 303.799 303.799 303.799 303.798 303.771 300.028 300 300 300 300 300 300 300 300 300 300 300 300 300 300 300 300 300 300 300 300 300 300 300 300 300 300 300 300 300 300 300 300 300 300 300 300 300 299.972 296.228 296.2 296.2 296.2 296.2 296.2 296.2 296.2 296.2 296.2 296.2 296.2 296.2 296.2 296.2 296.2 296.2 296.2 296.2 296.2 296.2 296.2 296.2 296.2 296.2 296.2 296.2 296.2 296.2 296.2 
303.807 303.807 303.807 303.807 303.807 303.807 303.807 303.807 303.807 303.807 303.807 303.807 303.807 303.807 303.807 303.807 303.807 303.807 303.807 303.807 303.807 303.807 303.807 303.807 303.807 303.807 303.807 303.807 303.807 303.807 303.779 300.028 300 300 300 300 300 300 300 300 300 300 300 300 300 300 300 300 300 300 300 300 300 300 300 300 300 300 300 300 300 300 300 300 300 300 300 300 300 299.972 296.22 296.192 296.192 296.192 296.192 296.192 296.192 296.192 296.192 296.192 296.192 296.192 296.192 296.192 296.192 296.192 296.192 296.192 296.192 296.192 296.192 296.192 296.192 296.192 296.192 296.192 296.192 296.192 296.192 296.192 
303.815 303.815 303.815 303.815 303.815 303.815 303.815 303.815 303.815 303.815 303.815 303.815 303.815 303.815 303.815 303.815 303.815 303.815 303.815 303.815 303.815 303.815 303.815 303.815 303.815 303.815 303.815 303.815 303.815 303.815 303.787 300.028 300 300 300 300 300 300 300 300 300 300 300 300 300 300 300 300 300 300 300 300 300 300 300 300 300 300 300 300 300 300 300 300 300 300 300 300 300 299.972 296.212 296.184 296.184 296.184 296.184 296.184 296.184 296.184 296.184 296.184 296.184 296.184 296.184 296.184 296.184 296.184 296.184 296.184 296.184 296.184 296.184 296.184 296.184 296.184 296.184 296.184 296.184 296.184 296.184 296.184 
303.823 303.823 303.823 303.823 303.823 303.823 303.823 303.823 303.823 303.823 303.823 303.823 303.823 303.823 303.823 303.823 303.823 303.823 303.823 303.823 303.823 303.823 303.823 303.823 303.823 303.823 303.823 303.823 303.823 303.823 303.795 300.028 300 300 300 300 300 300 300 300 300 300 300 300 300 300 300 300 300 300 300 300 300 300 300 300 300 300 300 300 300 300 300 300 300 300 300 300 300 299.972 296.203 296.175 296.175 296.175 296.175 296.175 296.175 296.175 296.175 296.175 296.175 296.175 296.175 296.175 296.175 296.175 296.175 296.175 296.175 296.175 296.175 296.175 296.175 296.175 296.175 296.175 296.175 296.175 296.175 296.175 
303.832 303.832 303.832 303.832 303.832 303.832 303.832 303.832 303.832 303.832 303.832 303.832 303.832 303.832 303.832 303.832 303.832 303.832 303.832 303.832 303.832 303.832 303.832 303.832 303.832 303.832 303.832 303.832 303.832 303.831 303.803 300.028 300 300 300 300 300 300 300 300 300 300 300 300 300 300 300 300 300 300 300 300 300 300 300 300 300 300 300 300 300 300 300 300 300 300 300 300 300 299.972 296.195 296.167 296.167 296.167 296.167 296.167 296.167 296.167 296.167 296.167 296.167 296.167 296.167 296.167 296.167 296.167 296.167 296.167 296.167 296.167 296.167 296.167 296.167 296.167 296.167 296.167 296.167 296.167 296.167 296.167 
303.84 303.84 303.84 303.84 303.84 303.84 303.84 303.84 303.84 303.84 303.84 303.84 303.84 303.84 303.84 303.84 303.84 303.84 303.84 303.84 303.84 303.84 303.84 303.84 303.84 303.84 303.84 303.84 303.84 303.84 303.812 300.028 300 300 300 300 300 300 300 300 300 300 300 300 300 300 300 300 300 300 300 300 300 300 300 300 300 300 300 300 300 300 300 300 300 300 300 300 300 299.972 296.187 296.159 296.159 296.159 296.159 296.159 296.159 296.159 296.159 296.159 296.159 296.159 296.159 296.159 296.159 296.159 296.159 296.159 296.159 296.159 296.159 296.159 296.159 296.159 296.159 296.159 296.159 296.159 296.159 296.159 
303.848 303.848 303.848 303.848 303.848 303.848 303.848 303.848 303.848 303.848 303.848 303.848 303.848 303.848 303.848 303.848 303.848 303.848 303.848 303.848 303.848 303.848 303.848 303.848 303.848 303.848 303.848 303.848 303.848 303.848 303.82 300.029 300 300 300 300 300 300 300 300 300 300 300 300 300 300 300 300 300 300 300 300 300 300 300 300 300 300 300 300 300 300 300 300 300 300 300 300 300 299.972 296.179 296.151 296.151 296.151 296.151 296.151 296.151 296.151 296.151 296.151 296.151 296.151 296.151 296.151 296.151 296.151 296.151 296.151 296.151 296.151 296.151 296.151 296.151 296.151 296.151 296.151 296.151 296.151 296.151 296.151 
303.856 303.856 303.856 303.856 303.856 303.856 303.856 303.856 303.856 303.856 303.856 303.856 303.856 303.856 303.856 303.856 303.856 303.856 303.856 303.856 303.856 303.856 303.856 303.856 303.856 303.856 303.856 303.856 303.856 303.856 303.828 300.029 300 300 300 300 300 300 300 300 300 300 300 300 300 300 300 300 300 300 300 300 300 300 300 300 300 300 300 300 300 300 300 300 300 300 300 300 300 299.971 296.171 296.142 296.142 296.142 296.142 296.142 296.142 296.142 296.142 296.142 296.142 296.142 296.142 296.142 296.142 296.142 296.142 296.142 296.142 296.142 296.142 296.142 296.142 296.142 296.142 296.142 296.142 296.142 296.142 296.142 
303.865 303.865 303.865 303.865 303.865 303.865 303.865 303.865 303.865 303.865 303.865 303.865 303.865 303.865 303.865 303.865 303.865 303.865 303.865 303.865 303.865 303.865 303.865 303.865 303.865 303.865 303.865 303.865 303.865 303.865 303.836 300.029 300 300 300 300 300 300 300 300 300 300 300 300 300 300 300 300 300 300 300 300 300 300 300 300 300 300 300 300 300 300 300 300 300 300 300 300 300 299.971 296.163 296.134 296.134 296.134 296.134 296.134 296.134 296.134 296.134 296.134 296.134 296.134 296.134 296.134 296.134 296.134 296.134 296.134 296.134 296.134 296.134 296.134 296.134 296.134 296.134 296.134 296.134 296.134 296.134 296.134 
303.873 303.873 303.873 303.873 303.873 303.873 303.873 303.873 303.873 303.873 303.873 303.873 303.873 303.873 303.873 303.873 303.873 303.873 303.873 303.873 303.873 303.873 303.873 303.873 303.873 303.873 303.873 303.873 303.873 303.873 303.844 300.029 300 300 300 300 300 300 300 300 300 300 300 300 300 300 300 300 300 300 300 300 300 300 300 300 300 300 300 300 300 300 300 300 300 300 300 300 300 299.971 296.154 296.126 296.126 296.126 296.126 296.126 296.126 296.126 296.126 296.126 296.126 296.126 296.126 296.126 296.126 296.126 296.126 296.126 296.126 296.126 296.126 296.126 296.126 296.126 296.126 296.126 296.126 296.126 296.126 296.126 
303.881 303.881 303.881 303.881 303.881 303.881 303.881 303.881 303.881 303.881 303.881 303.881 303.881 303.881 303.881 303.881 303.881 303.881 303.881 303.881 303.881 303.881 303.881 303.881 303.881 303.881 303.881 303.881 303.881 303.881 303.852 300.029 300 300 300 300 300 300 300 300 300 300 300 300 300 300 300 300 300 300 300 300 300 300 300 300 300 300 300 300 300 300 300 300 300 300 300 300 300 299.971 296.146 296.118 296.117 296.117 296.117 296.117 296.117 296.117 296.117 296.117 296.117 296.117 296.117 296.117 296.117 296.117 296.117 296.117 296.117 296.117 296.117 296.117 296.117 296.117 296.117 296.117 296.117 296.117 296.117 296.117 
303.89 303.89 303.89 303.89 303.89 303.89 303.89 303.89 303.89 303.89 303.89 303.89 303.89 303.89 303.89 303.89 303.89 303.89 303.89 303.89 303.89 303.89 303.89 303.89 303.89 303.89 303.89 303.89 303.89 303.889 303.86 300.029 300 300 300 300 300 300 300 300 300 300 300 300 300 300 300 300 300 300 300 300 300 300 300 300 300 300 300 300 300 300 300 300 300 300 300 300 300 299.971 296.138 296.109 296.109 296.109 296.109 296.109 296.109 296.109 296.109 296.109 296.109 296.109 296.109 296.109 296.109 296.109 296.109 296.109 296.109 296.109 296.109 296.109 296.109 296.109 296.109 296.109 296.109 296.109 296.109 296.109 
303.898 303.898 303.898 303.898 303.898 303.898 303.898 303.898 303.898 303.898 303.898 303.898 303.898 303.898 303.898 303.898 303.898 303.898 303.898 303.898 303.898 303.898 303.898 303.898 303.898 303.898 303.898 303.898 303.898 303.898 303.869 300.029 300 300 300 300 300 300 300 300 300 300 300 300 300 300 300 300 300 300 300 300 300 300 300 300 300 300 300 300 300 300 300 300 300 300 300 300 300 299.971 296.13 296.101 296.101 296.101 296.101 296.101 296.101 296.101 296.101 296.101 296.101 296.101 296.101 296.101 296.101 296.101 296.101 296.101 296.101 296.101 296.101 296.101 296.101 296.101 296.101 296.101 296.101 296.101 296.101 296.101 
303.906 303.906 303.906 303.906 303.906 303.906 303.906 303.906 303.906 303.906 303.906 303.906 303.906 303.906 303.906 303.906 303.906 303.906 303.906 303.906 303.906 303.906 303.906 303.906 303.906 303.906 303.906 303.906 303.906 303.906 303.877 300.029 300 300 300 300 300 300 300 300 300 300 300 300 300 300 300 300 300 300 300 300 300 300 300 300 300 300 300 300 300 300 300 300 300 300 300 300 300 299.971 296.122 296.093 296.093 296.093 296.093 296.093 296.093 296.093 296.093 296.093 296.093 296.093 296.093 296.093 296.093 296.093 296.093 296.093 296.093 296.093 296.093 296.093 296.093 296.093 296.093 296.093 296.093 296.093 296.093 296.093 
303.914 303.914 303.914 303.914 303.914 303.914 303.914 303.914 303.914 303.914 303.914 303.914 303.914 303.914 303.914 303.914 303.914 303.914 303.914 303.914 303.914 303.914 303.914 303.914 303.914 303.914 303.914 303.914 303.914 303.914 303.885 300.029 300 300 300 300 300 300 300 300 300 300 300 300 300 300 300 300 300 300 300 300 300 300 300 300 300 300 300 300 300 300 300 300 300 300 300 300 300 299.971 296.114 296.084 296.084 296.084 296.084 296.084 296.084 296.084 296.084 296.084 296.084 296.084 296.084 296.084 296.084 296.084 296.084 296.084 296.084 296.084 296.084 296.084 296.084 296.084 296.084 296.084 296.084 296.084 296.084 296.084 
303.923 303.923 303.923 303.923 303.923 303.923 303.923 303.923 303.923 303.923 303.923 303.923 303.923 303.923 303.923 303.923 303.923 303.923 303.923 303.923 303.923 303.923 303.923 303.923 303.923 303.923 303.923 303.923 303.923 303.922 303.893 300.03 300 300 300 300 300 300 300 300 300 300 300 300 300 300 300 300 300 300 300 300 300 300 300 300 300 300 300 300 300 300 300 300 300 300 300 300 300 299.97 296.106 296.076 296.076 296.076 296.076 296.076 296.076 296.076 296.076 296.076 296.076 296.076 296.076 296.076 296.076 296.076 296.076 296.076 296.076 296.076 296.076 296.076 296.076 296.076 296.076 296.076 296.076 296.076 296.076 296.076 
303.931 303.931 303.931 303.931 303.931 303.931 303.931 303.931 303.931 303.931 303.931 303.931 303.931 303.931 303.931 303.931 303.931 303.931 303.931 303.931 303.931 303.931 303.931 303.931 303.931 303.931 303.931 303.931 303.931 303.931 303.901 300.03 300 300 300 300 300 300 300 300 300 300 300 300 300 300 300 300 300 300 300 300 300 300 300 300 300 300 300 300 300 300 300 300 300 300 300 300 300 299.97 296.097 296.068 296.068 296.068 296.068 296.068 296.068 296.068 296.068 296.068 296.068 296.068 296.068 296.068 296.068 296.068 296.068 296.068 296.068 296.068 296.068 296.068 296.068 296.068 296.068 296.068 296.068 296.068 296.068 296.068 
303.939 303.939 303.939 303.939 303.939 303.939 303.939 303.939 303.939 303.939 303.939 303.939 303.939 303.939 303.939 303.939 303.939 303.939 303.939 303.939 303.939 303.939 303.939 303.939 303.939 303.939 303.939 303.939 303.939 303.939 303.909 300.03 300 300 300 300 300 300 300 300 300 300 300 300 300 300 300 300 300 300 300 300 300 300 300 300 300 300 300 300 300 300 300 300 300 300 300 300 300 299.97 296.089 296.06 296.059 296.059 296.059 296.059 296.059 296.059 296.059 296.059 296.059 296.059 296.059 296.059 296.059 296.059 296.059 296.059 296.059 296.059 296.059 296.059 296.059 296.059 296.059 296.059 296.059 296.059 296.059 296.059 
303.947 303.947 303.947 303.947 303.947 303.947 303.947 303.947 303.947 303.947 303.947 303.947 303.947 303.947 303.947 303.947 303.947 303.947 303.947 303.947 303.947 303.947 303.947 303.947 303.947 303.947 303.947 303.947 303.947 303.947 303.917 300.03 300 300 300 300 300 300 300 300 300 300 300 300 300 300 300 300 300 300 300 300 300 300 300 300 300 300 300 300 300 300 300 300 300 300 300 300 300 299.97 296.081 296.051 296.051 296.051 296.051 296.051 296.051 296.051 296.051 296.051 296.051 296.051 296.051 296.051 296.051 296.051 296.051 296.051 296.051 296.051 296.051 296.051 296.051 296.051 296.051 296.051 296.051 296.051 296.051 296.051 
303.956 303.956 303.956 303.956 303.956 303.956 303.956 303.956 303.956 303.956 303.956 303.956 303.956 303.956 303.956 303.956 303.956 303.956 303.956 303.956 303.956 303.956 303.956 303.956 303.956 303.956 303.956 303.956 303.956 303.956 303.926 300.03 300 300 300 300 300 300 300 300 300 300 300 300 300 300 300 300 300 300 300 300 300 300 300 300 300 300 300 300 300 300 300 300 300 300 300 300 300 299.97 296.073 296.043 296.043 296.043 296.043 296.043 296.043 296.043 296.043 296.043 296.043 296.043 296.043 296.043 296.043 296.043 296.043 296.043 296.043 296.043 296.043 296.043 296.043 296.043 296.043 296.043 296.043 296.043 296.043 296.043 
303.964 303.964 303.964 303.964 303.964 303.964 303.964 303.964 303.964 303.964 303.964 303.964 303.964 303.964 303.964 303.964 303.964 303.964 303.964 303.964 303.964 303.964 303.964 303.964 303.964 303.964 303.964 303.964 303.964 303.964 303.934 300.03 300 300 300 300 300 300 300 300 300 300 300 300 300 300 300 300 300 300 300 300 300 300 300 300 300 300 300 300 300 300 300 300 300 300 300 300 300 299.97 296.065 296.035 296.035 296.035 296.035 296.035 296.035 296.035 296.035 296.035 296.035 296.035 296.035 296.035 296.035 296.035 296.035 296.035 296.035 296.035 296.035 296.035 296.035 296.035 296.035 296.035 296.035 296.035 296.035 296.035 
303.972 303.972 303.972 303.972 303.972 303.972 303.972 303.972 303.972 303.972 303.972 303.972 303.972 303.972 303.972 303.972 303.972 303.972 303.972 303.972 303.972 303.972 303.972 303.972 303.972 303.972 303.972 303.972 303.972 303.972 303.942 300.03 300 300 300 300 300 300 300 300 300 300 300 300 300 300 300 300 300 300 300 300 300 300 300 300 300 300 300 300 300 300 300 300 300 300 300 300 300 299.97 296.057 296.026 296.026 296.026 296.026 296.026 296.026 296.026 296.026 296.026 296.026 296.026 296.026 296.026 296.026 296.026 296.026 296.026 296.026 296.026 296.026 296.026 296.026 296.026 296.026 296.026 296.026 296.026 296.026 296.026 
303.981 303.981 303.981 303.981 303.981 303.981 303.981 303.981 303.981 303.981 303.981 303.981 303.981 303.981 303.981 303.981 303.981 303.981 303.981 303.981 303.981 303.981 303.981 303.981 303.981 303.981 303.981 303.981 303.981 303.98 303.95 300.03 300 300 300 300 300 300 300 300 300 300 300 300 300 300 300 300 300 300 300 300 300 300 300 300 300 300 300 300 300 300 300 300 300 300 300 300 300 299.97 296.048 296.018 296.018 296.018 296.018 296.018 296.018 296.018 296.018 296.018 296.018 296.018 296.018 296.018 296.018 296.018 296.018 296.018 296.018 296.018 296.018 296.018 296.018 296.018 296.018 296.018 296.018 296.018 296.018 296.018 
303.989 303.989 303.989 303.989 303.989 303.989 303.989 303.989 303.989 303.989 303.989 303.989 303.989 303.989 303.989 303.989 303.989 303.989 303.989 303.989 303.989 303.989 303.989 303.989 303.989 303.989 303.989 303.989 303.989 303.989 303.958 300.031 300 300 300 300 300 300 300 300 300 300 300 300 300 300 300 300 300 300 300 300 300 300 300 300 300 300 300 300 300 300 300 300 300 300 300 300 300 299.969 296.04 296.01 296.01 296.01 296.01 296.01 296.01 296.01 296.01 296.01 296.01 296.01 296.01 296.01 296.01 296.01 296.01 296.01 296.01 296.01 296.01 296.01 296.01 296.01 296.01 296.01 296.01 296.01 296.01 296.01 
303.997 303.997 303.997 303.997 303.997 303.997 303.997 303.997 303.997 303.997 303.997 303.997 303.997 303.997 303.997 303.997 303.997 303.997 303.997 303.997 303.997 303.997 303.997 303.997 303.997 303.997 303.997 303.997 303.997 303.997 303.966 300.031 300 300 300 300 300 300 300 300 300 300 300 300 300 300 300 300 300 300 300 300 300 300 300 300 300 300 300 300 300 300 300 300 300 300 300 300 300 299.969 296.032 296.002 296.002 296.002 296.002 296.002 296.002 296.002 296.002 296.002 296.002 296.002 296.002 296.002 296.002 296.002 296.002 296.002 296.002 296.002 296.002 296.002 296.002 296.002 296.002 296.002 296.002 296.002 296.002 296.002 
304.005 304.005 304.005 304.005 304.005 304.005 304.005 304.005 304.005 304.005 304.005 304.005 304.005 304.005 304.005 304.005 304.005 304.005 304.005 304.005 304.005 304.005 304.005 304.005 304.005 304.005 304.005 304.005 304.005 304.005 303.975 300.031 300 300 300 300 300 300 300 300 300 300 300 300 300 300 300 300 300 300 300 300 300 300 300 300 300 300 300 300 300 300 300 300 300 300 300 300 300 299.969 296.024 295.993 295.993 295.993 295.993 295.993 295.993 295.993 295.993 295.993 295.993 295.993 295.993 295.993 295.993 295.993 295.993 295.993 295.993 295.993 295.993 295.993 295.993 295.993 295.993 295.993 295.993 295.993 295.993 295.993 
304.014 304.014 304.014 304.014 304.014 304.014 304.014 304.014 304.014 304.014 304.014 304.014 304.014 304.014 304.014 304.014 304.014 304.014 304.014 304.014 304.014 304.014 304.014 304.014 304.014 304.014 304.014 304.014 304.014 304.013 303.983 300.031 300 300 300 300 300 300 300 300 300 300 300 300 300 300 300 300 300 300 300 300 300 300 300 300 300 300 300 300 300 300 300 300 300 300 300 300 300 299.969 296.016 295.985 295.985 295.985 295.985 295.985 295.985 295.985 295.985 295.985 295.985 295.985 295.985 295.985 295.985 295.985 295.985 295.985 295.985 295.985 295.985 295.985 295.985 295.985 295.985 295.985 295.985 295.985 295.985 295.985 
304.022 304.022 304.022 304.022 304.022 304.022 304.022 304.022 304.022 304.022 304.022 304.022 304.022 304.022 304.022 304.022 304.022 304.022 304.022 304.022 304.022 304.022 304.022 304.022 304.022 304.022 304.022 304.022 304.022 304.022 303.991 300.031 300 300 300 300 300 300 300 300 300 300 300 300 300 300 300 300 300 300 300 300 300 300 300 300 300 300 300 300 300 300 300 300 300 300 300 300 300 299.969 296.008 295.977 295.977 295.977 295.977 295.977 295.977 295.977 295.977 295.977 295.977 295.977 295.977 295.977 295.977 295.977 295.977 295.977 295.977 295.977 295.977 295.977 295.977 295.977 295.977 295.977 295.977 295.977 295.977 295.977 
304.03 304.03 304.03 304.03 304.03 304.03 304.03 304.03 304.03 304.03 304.03 304.03 304.03 304.03 304.03 304.03 304.03 304.03 304.03 304.03 304.03 304.03 304.03 304.03 304.03 304.03 304.03 304.03 304.03 304.03 303.999 300.031 300 300 300 300 300 300 300 300 300 300 300 300 300 300 300 300 300 300 300 300 300 300 300 300 300 300 300 300 300 300 300 300 300 300 300 300 300 299.969 296 295.969 295.968 295.968 295.968 295.968 295.968 295.968 295.968 295.968 295.968 295.968 295.968 295.968 295.968 295.968 295.968 295.968 295.968 295.968 295.968 295.968 295.968 295.968 295.968 295.968 295.968 295.968 295.968 295.968 
304.038 304.038 304.038 304.038 304.038 304.038 304.038 304.038 304.038 304.038 304.038 304.038 304.038 304.038 304.038 304.038 304.038 304.038 304.038 304.038 304.038 304.038 304.038 304.038 304.038 304.038 304.038 304.038 304.038 304.038 304.007 300.031 300 300 300 300 300 300 300 300 300 300 300 300 300 300 300 300 300 300 300 300 300 300 300 300 300 300 300 300 300 300 300 300 300 300 300 300 300 299.969 295.991 295.96 295.96 295.96 295.96 295.96 295.96 295.96 295.96 295.96 295.96 295.96 295.96 295.96 295.96 295.96 295.96 295.96 295.96 295.96 295.96 295.96 295.96 295.96 295.96 295.96 295.96 295.96 295.96 295.96 
304.047 304.047 304.047 304.047 304.047 304.047 304.047 304.047 304.047 304.047 304.047 304.047 304.047 304.047 304.047 304.047 304.047 304.047 304.047 304.047 304.047 304.047 304.047 304.047 304.047 304.047 304.047 304.047 304.047 304.047 304.015 300.031 300 300 300 300 300 300 300 300 300 300 300 300 300 300 300 300 300 300 300 300 300 300 300 300 300 300 300 300 300 300 300 300 300 300 300 300 300 299.969 295.983 295.952 295.952 295.952 295.952 295.952 295.952 295.952 295.952 295.952 295.952 295.952 295.952 295.952 295.952 295.952 295.952 295.952 295.952 295.952 295.952 295.952 295.952 295.952 295.952 295.952 295.952 295.952 295.952 295.952 
304.055 304.055 304.055 304.055 304.055 304.055 304.055 304.055 304.055 304.055 304.055 304.055 304.055 304.055 304.055 304.055 304.055 304.055 304.055 304.055 304.055 304.055 304.055 304.055 304.055 304.055 304.055 304.055 304.055 304.055 304.023 300.032 300 300 300 300 300 300 300 300 300 300 300 300 300 300 300 300 300 300 300 300 300 300 300 300 300 300 300 300 300 300 300 300 300 300 300 300 300 299.968 295.975 295.944 295.944 295.944 295.944 295.944 295.944 295.944 295.944 295.944 295.944 295.944 295.944 295.944 295.944 295.944 295.944 295.944 295.944 295.944 295.944 295.944 295.944 295.944 295.944 295.944 295.944 295.944 295.944 295.944 
304.063 304.063 304.063 304.063 304.063 304.063 304.063 304.063 304.063 304.063 304.063 304.063 304.063 304.063 304.063 304.063 304.063 304.063 304.063 304.063 304.063 304.063 304.063 304.063 304.063 304.063 304.063 304.063 304.063 304.063 304.032 300.032 300 300 300 300 300 300 300 300 300 300 300 300 300 300 300 300 300 300 300 300 300 300 300 300 300 300 300 300 300 300 300 300 300 300 300 300 300 299.968 295.967 295.935 295.935 295.935 295.935 295.935 295.935 295.935 295.935 295.935 295.935 295.935 295.935 295.935 295.935 295.935 295.935 295.935 295.935 295.935 295.935 295.935 295.935 295.935 295.935 295.935 295.935 295.935 295.935 295.935 
304.072 304.072 304.072 304.072 304.072 304.072 304.072 304.072 304.072 304.072 304.072 304.072 304.072 304.072 304.072 304.072 304.072 304.072 304.072 304.072 304.072 304.072 304.072 304.072 304.072 304.072 304.072 304.072 304.072 304.071 304.04 300.032 300 300 300 300 300 300 300 300 300 300 300 300 300 300 300 300 300 300 300 300 300 300 300 300 300 300 300 300 300 300 300 300 300 300 300 300 300 299.968 295.959 295.927 295.927 295.927 295.927 295.927 295.927 295.927 295.927 295.927 295.927 295.927 295.927 295.927 295.927 295.927 295.927 295.927 295.927 295.927 295.927 295.927 295.927 295.927 295.927 295.927 295.927 295.927 295.927 295.927 
304.08 304.08 304.08 304.08 304.08 304.08 304.08 304.08 304.08 304.08 304.08 304.08 304.08 304.08 304.08 304.08 304.08 304.08 304.08 304.08 304.08 304.08 304.08 304.08 304.08 304.08 304.08 304.08 304.08 304.08 304.048 300.032 300 300 300 300 300 300 300 300 300 300 300 300 300 300 300 300 300 300 300 300 300 300 300 300 300 300 300 300 300 300 300 300 300 300 300 300 300 299.968 295.951 295.919 295.919 295.919 295.919 295.919 295.919 295.919 295.919 295.919 295.919 295.919 295.919 295.919 295.919 295.919 295.919 295.919 295.919 295.919 295.919 295.919 295.919 295.919 295.919 295.919 295.919 295.919 295.919 295.919 
304.088 304.088 304.088 304.088 304.088 304.088 304.088 304.088 304.088 304.088 304.088 304.088 304.088 304.088 304.088 304.088 304.088 304.088 304.088 304.088 304.088 304.088 304.088 304.088 304.088 304.088 304.088 304.088 304.088 304.088 304.056 300.032 300 300 300 300 300 300 300 300 300 300 300 300 300 300 300 300 300 300 300 300 300 300 300 300 300 300 300 300 300 300 300 300 300 300 300 300 300 299.968 295.942 295.911 295.91 295.91 295.91 295.91 295.91 295.91 295.91 295.91 295.91 295.91 295.91 295.91 295.91 295.91 295.91 295.91 295.91 295.91 295.91 295.91 295.91 295.91 295.91 295.91 295.91 295.91 295.91 295.91 
304.096 304.096 304.096 304.096 304.096 304.096 304.096 304.096 304.096 304.096 304.096 304.096 304.096 304.096 304.096 304.096 304.096 304.096 304.096 304.096 304.096 304.096 304.096 304.096 304.096 304.096 304.096 304.096 304.096 304.096 304.064 300.032 300 300 300 300 300 300 300 300 300 300 300 300 300 300 300 300 300 300 300 300 300 300 300 300 300 300 300 300 300 300 300 300 300 300 300 300 300 299.968 295.934 295.902 295.902 295.902 295.902 295.902 295.902 295.902 295.902 295.902 295.902 295.902 295.902 295.902 295.902 295.902 295.902 295.902 295.902 295.902 295.902 295.902 295.902 295.902 295.902 295.902 295.902 295.902 295.902 295.902 
304.105 304.105 304.105 304.105 304.105 304.105 304.105 304.105 304.105 304.105 304.105 304.105 304.105 304.105 304.105 304.105 304.105 304.105 304.105 304.105 304.105 304.105 304.105 304.105 304.105 304.105 304.105 304.105 304.105 304.104 304.072 300.032 300 300 300 300 300 300 300 300 300 300 300 300 300 300 300 300 300 300 300 300 300 300 300 300 300 300 300 300 300 300 300 300 300 300 300 300 300 299.968 295.926 295.894 295.894 295.894 295.894 295.894 295.894 295.894 295.894 295.894 295.894 295.894 295.894 295.894 295.894 295.894 295.894 295.894 295.894 295.894 295.894 295.894 295.894 295.894 295.894 295.894 295.894 295.894 295.894 295.894 
304.113 304.113 304.113 304.113 304.113 304.113 304.113 304.113 304.113 304.113 304.113 304.113 304.113 304.113 304.113 304.113 304.113 304.113 304.113 304.113 304.113 304.113 304.113 304.113 304.113 304.113 304.113 304.113 304.113 304.113 304.08 300.033 300 300 300 300 300 300 300 300 300 300 300 300 300 300 300 300 300 300 300 300 300 300 300 300 300 300 300 300 300 300 300 300 300 300 300 300 300 299.968 295.918 295.886 295.886 295.886 295.886 295.886 295.886 295.886 295.886 295.886 295.886 295.886 295.886 295.886 295.886 295.886 295.886 295.886 295.886 295.886 295.886 295.886 295.886 295.886 295.886 295.886 295.886 295.886 295.886 295.886 
304.121 304.121 304.121 304.121 304.121 304.121 304.121 304.121 304.121 304.121 304.121 304.121 304.121 304.121 304.121 304.121 304.121 304.121 304.121 304.121 304.121 304.121 304.121 304.121 304.121 304.121 304.121 304.121 304.121 304.121 304.089 300.033 300 300 300 300 300 300 300 300 300 300 300 300 300 300 300 300 300 300 300 300 300 300 300 300 300 300 300 300 300 300 300 300 300 300 300 300 300 299.967 295.91 295.878 295.877 295.877 295.877 295.877 295.877 295.877 295.877 295.877 295.877 295.877 295.877 295.877 295.877 295.877 295.877 295.877 295.877 295.877 295.877 295.877 295.877 295.877 295.877 295.877 295.877 295.877 295.877 295.877 
304.129 304.129 304.129 304.129 304.129 304.129 304.129 304.129 304.129 304.129 304.129 304.129 304.129 304.129 304.129 304.129 304.129 304.129 304.129 304.129 304.129 304.129 304.129 304.129 304.129 304.129 304.129 304.129 304.129 304.129 304.097 300.033 300 300 300 300 300 300 300 300 300 300 300 300 300 300 300 300 300 300 300 300 300 300 300 300 300 300 300 300 300 300 300 300 300 300 300 300 300 299.967 295.902 295.869 295.869 295.869 295.869 295.869 295.869 295.869 295.869 295.869 295.869 295.869 295.869 295.869 295.869 295.869 295.869 295.869 295.869 295.869 295.869 295.869 295.869 295.869 295.869 295.869 295.869 295.869 295.869 295.869 
304.138 304.138 304.138 304.138 304.138 304.138 304.138 304.138 304.138 304.138 304.138 304.138 304.138 304.138 304.138 304.138 304.138 304.138 304.138 304.138 304.138 304.138 304.138 304.138 304.138 304.138 304.138 304.138 304.138 304.138 304.105 300.033 300 300 300 300 300 300 300 300 300 300 300 300 300 300 300 300 300 300 300 300 300 300 300 300 300 300 300 300 300 300 300 300 300 300 300 300 300 299.967 295.894 295.861 295.861 295.861 295.861 295.861 295.861 295.861 295.861 295.861 295.861 295.861 295.861 295.861 295.861 295.861 295.861 295.861 295.861 295.861 295.861 295.861 295.861 295.861 295.861 295.861 295.861 295.861 295.861 295.861 
304.146 304.146 304.146 304.146 304.146 304.146 304.146 304.146 304.146 304.146 304.146 304.146 304.146 304.146 304.146 304.146 304.146 304.146 304.146 304.146 304.146 304.146 304.146 304.146 304.146 304.146 304.146 304.146 304.146 304.146 304.113 300.033 300 300 300 300 300 300 300 300 300 300 300 300 300 300 300 300 300 300 300 300 300 300 300 300 300 300 300 300 300 300 300 300 300 300 300 300 300 299.967 295.885 295.853 295.853 295.853 295.853 295.853 295.853 295.853 295.853 295.853 295.853 295.853 295.853 295.853 295.853 295.853 295.853 295.853 295.853 295.853 295.853 295.853 295.853 295.853 295.853 295.853 295.853 295.853 295.853 295.853 
304.154 304.154 304.154 304.154 304.154 304.154 304.154 304.154 304.154 304.154 304.154 304.154 304.154 304.154 304.154 304.154 304.154 304.154 304.154 304.154 304.154 304.154 304.154 304.154 304.154 304.154 304.154 304.154 304.154 304.154 304.121 300.033 300 300 300 300 300 300 300 300 300 300 300 300 300 300 300 300 300 300 300 300 300 300 300 300 300 300 300 300 300 300 300 300 300 300 300 300 300 299.967 295.877 295.844 295.844 295.844 295.844 295.844 295.844 295.844 295.844 295.844 295.844 295.844 295.844 295.844 295.844 295.844 295.844 295.844 295.844 295.844 295.844 295.844 295.844 295.844 295.844 295.844 295.844 295.844 295.844 295.844 
304.163 304.163 304.163 304.163 304.163 304.163 304.163 304.163 304.163 304.163 304.163 304.163 304.163 304.163 304.163 304.163 304.163 304.163 304.163 304.163 304.163 304.163 304.163 304.163 304.163 304.163 304.163 304.163 304.163 304.162 304.129 300.033 300 300 300 300 300 300 300 300 300 300 300 300 300 300 300 300 300 300 300 300 300 300 300 300 300 300 300 300 300 300 300 300 300 300 300 300 300 299.967 295.869 295.836 295.836 295.836 295.836 295.836 295.836 295.836 295.836 295.836 295.836 295.836 295.836 295.836 295.836 295.836 295.836 295.836 295.836 295.836 295.836 295.836 295.836 295.836 295.836 295.836 295.836 295.836 295.836 295.836 
304.171 304.171 304.171 304.171 304.171 304.171 304.171 304.171 304.171 304.171 304.171 304.171 304.171 304.171 304.171 304.171 304.171 304.171 304.171 304.171 304.171 304.171 304.171 304.171 304.171 304.171 304.171 304.171 304.171 304.171 304.137 300.033 300 300 300 300 300 300 300 300 300 300 300 300 300 300 300 300 300 300 300 300 300 300 300 300 300 300 300 300 300 300 300 300 300 300 300 300 300 299.967 295.861 295.828 295.828 295.828 295.828 295.828 295.828 295.828 295.828 295.828 295.828 295.828 295.828 295.828 295.828 295.828 295.828 295.828 295.828 295.828 295.828 295.828 295.828 295.828 295.828 295.828 295.828 295.828 295.828 295.828 
304.179 304.179 304.179 304.179 304.179 304.179 304.179 304.179 304.179 304.179 304.179 304.179 304.179 304.179 304.179 304.179 304.179 304.179 304.179 304.179 304.179 304.179 304.179 304.179 304.179 304.179 304.179 304.179 304.179 304.179 304.146 300.034 300 300 300 300 300 300 300 300 300 300 300 300 300 300 300 300 300 300 300 300 300 300 300 300 300 300 300 300 300 300 300 300 300 300 300 300 300 299.967 295.853 295.82 295.819 295.819 295.819 295.819 295.819 295.819 295.819 295.819 295.819 295.819 295.819 295.819 295.819 295.819 295.819 295.819 295.819 295.819 295.819 295.819 295.819 295.819 295.819 295.819 295.819 295.819 295.819 295.819 
304.187 304.187 304.187 304.187 304.187 304.187 304.187 304.187 304.187 304.187 304.187 304.187 304.187 304.187 304.187 304.187 304.187 304.187 304.187 304.187 304.187 304.187 304.187 304.187 304.187 304.187 304.187 304.187 304.187 304.187 304.154 300.034 300 300 300 300 300 300 300 300 300 300 300 300 300 300 300 300 300 300 300 300 300 300 300 300 300 300 300 300 300 300 300 300 300 300 300 300 300 299.966 295.845 295.811 295.811 295.811 295.811 295.811 295.811 295.811 295.811 295.811 295.811 295.811 295.811 295.811 295.811 295.811 295.811 295.811 295.811 295.811 295.811 295.811 295.811 295.811 295.811 295.811 295.811 295.811 295.811 295.811 
304.196 304.196 304.196 304.196 304.196 304.196 304.196 304.196 304.196 304.196 304.196 304.196 304.196 304.196 304.196 304.196 304.196 304.196 304.196 304.196 304.196 304.196 304.196 304.196 304.196 304.196 304.196 304.196 304.196 304.195 304.162 300.034 300 300 300 300 300 300 300 300 300 300 300 300 300 300 300 300 300 300 300 300 300 300 300 300 300 300 300 300 300 300 300 300 300 300 300 300 300 299.966 295.837 295.803 295.803 295.803 295.803 295.803 295.803 295.803 295.803 295.803 295.803 295.803 295.803 295.803 295.803 295.803 295.803 295.803 295.803 295.803 295.803 295.803 295.803 295.803 295.803 295.803 295.803 295.803 295.803 295.803 
304.204 304.204 304.204 304.204 304.204 304.204 304.204 304.204 304.204 304.204 304.204 304.204 304.204 304.204 304.204 304.204 304.204 304.204 304.204 304.204 304.204 304.204 304.204 304.204 304.204 304.204 304.204 304.204 304.204 304.204 304.17 300.034 300 300 300 300 300 300 300 300 300 300 300 300 300 300 300 300 300 300 300 300 300 300 300 300 300 300 300 300 300 300 300 300 300 300 300 300 300 299.966 295.828 295.795 295.795 295.795 295.795 295.795 295.795 295.795 295.795 295.795 295.795 295.795 295.795 295.795 295.795 295.795 295.795 295.795 295.795 295.795 295.795 295.795 295.795 295.795 295.795 295.795 295.795 295.795 295.795 295.795 
304.212 304.212 304.212 304.212 304.212 304.212 304.212 304.212 304.212 304.212 304.212 304.212 304.212 304.212 304.212 304.212 304.212 304.212 304.212 304.212 304.212 304.212 304.212 304.212 304.212 304.212 304.212 304.212 304.212 304.212 304.178 300.034 300 300 300 300 300 300 300 300 300 300 300 300 300 300 300 300 300 300 300 300 300 300 300 300 300 300 300 300 300 300 300 300 300 300 300 300 300 299.966 295.82 295.786 295.786 295.786 295.786 295.786 295.786 295.786 295.786 295.786 295.786 295.786 295.786 295.786 295.786 295.786 295.786 295.786 295.786 295.786 295.786 295.786 295.786 295.786 295.786 295.786 295.786 295.786 295.786 295.786 
304.22 304.22 304.22 304.22 304.22 304.22 304.22 304.22 304.22 304.22 304.22 304.22 304.22 304.22 304.22 304.22 304.22 304.22 304.22 304.22 304.22 304.22 304.22 304.22 304.22 304.22 304.22 304.22 304.22 304.22 304.186 300.034 300 300 300 300 300 300 300 300 300 300 300 300 300 300 300 300 300 300 300 300 300 300 300 300 300 300 300 300 300 300 300 300 300 300 300 300 300 299.966 295.812 295.778 295.778 295.778 295.778 295.778 295.778 295.778 295.778 295.778 295.778 295.778 295.778 295.778 295.778 295.778 295.778 295.778 295.778 295.778 295.778 295.778 295.778 295.778 295.778 295.778 295.778 295.778 295.778 295.778 
304.229 304.229 304.229 304.229 304.229 304.229 304.229 304.229 304.229 304.229 304.229 304.229 304.229 304.229 304.229 304.229 304.229 304.229 304.229 304.229 304.229 304.229 304.229 304.229 304.229 304.229 304.229 304.229 304.229 304.228 304.194 300.034 300 300 300 300 300 300 300 300 300 300 300 300 300 300 300 300 300 300 300 300 300 300 300 300 300 300 300 300 300 300 300 300 300 300 300 300 300 299.966 295.804 295.77 295.77 295.77 295.77 295.77 295.77 295.77 295.77 295.77 295.77 295.77 295.77 295.77 295.77 295.77 295.77 295.77 295.77 295.77 295.77 295.77 295.77 295.77 295.77 295.77 295.77 295.77 295.77 295.77 
304.237 304.237 304.237 304.237 304.237 304.237 304.237 304.237 304.237 304.237 304.237 304.237 304.237 304.237 304.237 304.237 304.237 304.237 304.237 304.237 304.237 304.237 304.237 304.237 304.237 304.237 304.237 304.237 304.237 304.237 304.202 300.035 300 300 300 300 300 300 300 300 300 300 300 300 300 300 300 300 300 300 300 300 300 300 300 300 300 300 300 300 300 300 300 300 300 300 300 300 300 299.966 295.796 295.762 295.761 295.761 295.761 295.761 295.761 295.761 295.761 295.761 295.761 295.761 295.761 295.761 295.761 295.761 295.761 295.761 295.761 295.761 295.761 295.761 295.761 295.761 295.761 295.761 295.761 295.761 295.761 295.761 
304.245 304.245 304.245 304.245 304.245 304.245 304.245 304.245 304.245 304.245 304.245 304.245 304.245 304.245 304.245 304.245 304.245 304.245 304.245 304.245 304.245 304.245 304.245 304.245 304.245 304.245 304.245 304.245 304.245 304.245 304.211 300.035 300 300 300 300 300 300 300 300 300 300 300 300 300 300 300 300 300 300 300 300 300 300 300 300 300 300 300 300 300 300 300 300 300 300 300 300 300 299.965 295.788 295.753 295.753 295.753 295.753 295.753 295.753 295.753 295.753 295.753 295.753 295.753 295.753 295.753 295.753 295.753 295.753 295.753 295.753 295.753 295.753 295.753 295.753 295.753 295.753 295.753 295.753 295.753 295.753 295.753 
304.254 304.254 304.254 304.254 304.254 304.254 304.254 304.254 304.254 304.254 304.254 304.254 304.254 304.254 304.254 304.254 304.254 304.254 304.254 304.254 304.254 304.254 304.254 304.254 304.254 304.254 304.254 304.254 304.254 304.253 304.219 300.035 300 300 300 300 300 300 300 300 300 300 300 300 300 300 300 300 300 300 300 300 300 300 300 300 300 300 300 300 300 300 300 300 300 300 300 300 300 299.965 295.78 295.745 295.745 295.745 295.745 295.745 295.745 295.745 295.745 295.745 295.745 295.745 295.745 295.745 295.745 295.745 295.745 295.745 295.745 295.745 295.745 295.745 295.745 295.745 295.745 295.745 295.745 295.745 295.745 295.745 
304.262 304.262 304.262 304.262 304.262 304.262 304.262 304.262 304.262 304.262 304.262 304.262 304.262 304.262 304.262 304.262 304.262 304.262 304.262 304.262 304.262 304.262 304.262 304.262 304.262 304.262 304.262 304.262 304.262 304.262 304.227 300.035 300 300 300 300 300 300 300 300 300 300 300 300 300 300 300 300 300 300 300 300 300 300 300 300 300 300 300 300 300 300 300 300 300 300 300 300 300 299.965 295.771 295.737 295.737 295.737 295.737 295.737 295.737 295.737 295.737 295.737 295.737 295.737 295.737 295.737 295.737 295.737 295.737 295.737 295.737 295.737 295.737 295.737 295.737 295.737 295.737 295.737 295.737 295.737 295.737 295.737 
304.27 304.27 304.27 304.27 304.27 304.27 304.27 304.27 304.27 304.27 304.27 304.27 304.27 304.27 304.27 304.27 304.27 304.27 304.27 304.27 304.27 304.27 304.27 304.27 304.27 304.27 304.27 304.27 304.27 304.27 304.235 300.035 300 300 300 300 300 300 300 300 300 300 300 300 300 300 300 300 300 300 300 300 300 300 300 300 300 300 300 300 300 300 300 300 300 300 300 300 300 299.965 295.763 295.729 295.728 295.728 295.728 295.728 295.728 295.728 295.728 295.728 295.728 295.728 295.728 295.728 295.728 295.728 295.728 295.728 295.728 295.728 295.728 295.728 295.728 295.728 295.728 295.728 295.728 295.728 295.728 295.728 
304.278 304.278 304.278 304.278 304.278 304.278 304.278 304.278 304.278 304.278 304.278 304.278 304.278 304.278 304.278 304.278 304.278 304.278 304.278 304.278 304.278 304.278 304.278 304.278 304.278 304.278 304.278 304.278 304.278 304.278 304.243 300.035 300 300 300 300 300 300 300 300 300 300 300 300 300 300 300 300 300 300 300 300 300 300 300 300 300 300 300 300 300 300 300 300 300 300 300 300 300 299.965 295.755 295.72 295.72 295.72 295.72 295.72 295.72 295.72 295.72 295.72 295.72 295.72 295.72 295.72 295.72 295.72 295.72 295.72 295.72 295.72 295.72 295.72 295.72 295.72 295.72 295.72 295.72 295.72 295.72 295.72 
304.287 304.287 304.287 304.287 304.287 304.287 304.287 304.287 304.287 304.287 304.287 304.287 304.287 304.287 304.287 304.287 304.287 304.287 304.287 304.287 304.287 304.287 304.287 304.287 304.287 304.287 304.287 304.287 304.287 304.286 304.251 300.035 300 300 300 300 300 300 300 300 300 300 300 300 300 300 300 300 300 300 300 300 300 300 300 300 300 300 300 300 300 300 300 300 300 300 300 300 300 299.965 295.747 295.712 295.712 295.712 295.712 295.712 295.712 295.712 295.712 295.712 295.712 295.712 295.712 295.712 295.712 295.712 295.712 295.712 295.712 295.712 295.712 295.712 295.712 295.712 295.712 295.712 295.712 295.712 295.712 295.712 
304.295 304.295 304.295 304.295 304.295 304.295 304.295 304.295 304.295 304.295 304.295 304.295 304.295 304.295 304.295 304.295 304.295 304.295 304.295 304.295 304.295 304.295 304.295 304.295 304.295 304.295 304.295 304.295 304.295 304.295 304.259 300.035 300 300 300 300 300 300 300 300 300 300 300 300 300 300 300 300 300 300 300 300 300 300 300 300 300 300 300 300 300 300 300 300 300 300 300 300 300 299.965 295.739 295.704 295.704 295.704 295.704 295.704 295.704 295.704 295.704 295.704 295.704 295.704 295.704 295.704 295.704 295.704 295.704 295.704 295.704 295.704 295.704 295.704 295.704 295.704 295.704 295.704 295.704 295.704 295.704 295.704 
304.303 304.303 304.303 304.303 304.303 304.303 304.303 304.303 304.303 304.303 304.303 304.303 304.303 304.303 304.303 304.303 304.303 304.303 304.303 304.303 304.303 304.303 304.303 304.303 304.303 304.303 304.303 304.303 304.303 304.303 304.268 300.036 300 300 300 300 300 300 300 300 300 300 300 300 300 300 300 300 300 300 300 300 300 300 300 300 300 300 300 300 300 300 300 300 300 300 300 300 300 299.965 295.731 295.695 295.695 295.695 295.695 295.695 295.695 295.695 295.695 295.695 295.695 295.695 295.695 295.695 295.695 295.695 295.695 295.695 295.695 295.695 295.695 295.695 295.695 295.695 295.695 295.695 295.695 295.695 295.695 295.695 
304.311 304.311 304.311 304.311 304.311 304.311 304.311 304.311 304.311 304.311 304.311 304.311 304.311 304.311 304.311 304.311 304.311 304.311 304.311 304.311 304.311 304.311 304.311 304.311 304.311 304.311 304.311 304.311 304.311 304.311 304.276 300.036 300 300 300 300 300 300 300 300 300 300 300 300 300 300 300 300 300 300 300 300 300 300 300 300 300 300 300 300 300 300 300 300 300 300 300 300 300 299.964 295.723 295.687 295.687 295.687 295.687 295.687 295.687 295.687 295.687 295.687 295.687 295.687 295.687 295.687 295.687 295.687 295.687 295.687 295.687 295.687 295.687 295.687 295.687 295.687 295.687 295.687 295.687 295.687 295.687 295.687 
304.32 304.32 304.32 304.32 304.32 304.32 304.32 304.32 304.32 304.32 304.32 304.32 304.32 304.32 304.32 304.32 304.32 304.32 304.32 304.32 304.32 304.32 304.32 304.32 304.32 304.32 304.32 304.32 304.32 304.319 304.284 300.036 300 300 300 300 300 300 300 300 300 300 300 300 300 300 300 300 300 300 300 300 300 300 300 300 300 300 300 300 300 300 300 300 300 300 300 300 300 299.964 295.714 295.679 295.679 295.679 295.679 295.679 295.679 295.679 295.679 295.679 295.679 295.679 295.679 295.679 295.679 295.679 295.679 295.679 295.679 295.679 295.679 295.679 295.679 295.679 295.679 295.679 295.679 295.679 295.679 295.679 
304.328 304.328 304.328 304.328 304.328 304.328 304.328 304.328 304.328 304.328 304.328 304.328 304.328 304.328 304.328 304.328 304.328 304.328 304.328 304.328 304.328 304.328 304.328 304.328 304.328 304.328 304.328 304.328 304.328 304.328 304.292 300.036 300 300 300 300 300 300 300 300 300 300 300 300 300 300 300 300 300 300 300 300 300 300 300 300 300 300 300 300 300 300 300 300 300 300 300 300 300 299.964 295.706 295.671 295.67 295.67 295.67 295.67 295.67 295.67 295.67 295.67 295.67 295.67 295.67 295.67 295.67 295.67 295.67 295.67 295.67 295.67 295.67 295.67 295.67 295.67 295.67 295.67 295.67 295.67 295.67 295.67 
304.336 304.336 304.336 304.336 304.336 304.336 304.336 304.336 304.336 304.336 304.336 304.336 304.336 304.336 304.336 304.336 304.336 304.336 304.336 304.336 304.336 304.336 304.336 304.336 304.336 304.336 304.336 304.336 304.336 304.336 304.3 300.036 300 300 300 300 300 300 300 300 300 300 300 300 300 300 300 300 300 300 300 300 300 300 300 300 300 300 300 300 300 300 300 300 300 300 300 300 300 299.964 295.698 295.662 295.662 295.662 295.662 295.662 295.662 295.662 295.662 295.662 295.662 295.662 295.662 295.662 295.662 295.662 295.662 295.662 295.662 295.662 295.662 295.662 295.662 295.662 295.662 295.662 295.662 295.662 295.662 295.662 
304.344 304.344 304.344 304.344 304.344 304.344 304.344 304.344 304.344 304.344 304.344 304.344 304.344 304.344 304.344 304.344 304.344 304.344 304.344 304.344 304.344 304.344 304.344 304.344 304.344 304.344 304.344 304.344 304.344 304.344 304.308 300.036 300 300 300 300 300 300 300 300 300 300 300 300 300 300 300 300 300 300 300 300 300 300 300 300 300 300 300 300 300 300 300 300 300 300 300 300 300 299.964 295.69 295.654 295.654 295.654 295.654 295.654 295.654 295.654 295.654 295.654 295.654 295.654 295.654 295.654 295.654 295.654 295.654 295.654 295.654 295.654 295.654 295.654 295.654 295.654 295.654 295.654 295.654 295.654 295.654 295.654 
304.353 304.353 304.353 304.353 304.353 304.353 304.353 304.353 304.353 304.353 304.353 304.353 304.353 304.353 304.353 304.353 304.353 304.353 304.353 304.353 304.353 304.353 304.353 304.353 304.353 304.353 304.353 304.353 304.353 304.353 304.316 300.036 300 300 300 300 300 300 300 300 300 300 300 300 300 300 300 300 300 300 300 300 300 300 300 300 300 300 300 300 300 300 300 300 300 300 300 300 300 299.964 295.682 295.646 295.646 295.646 295.646 295.646 295.646 295.646 295.646 295.646 295.646 295.646 295.646 295.646 295.646 295.646 295.646 295.646 295.646 295.646 295.646 295.646 295.646 295.646 295.646 295.646 295.646 295.646 295.646 295.646 
304.361 304.361 304.361 304.361 304.361 304.361 304.361 304.361 304.361 304.361 304.361 304.361 304.361 304.361 304.361 304.361 304.361 304.361 304.361 304.361 304.361 304.361 304.361 304.361 304.361 304.361 304.361 304.361 304.361 304.361 304.325 300.037 300 300 300 300 300 300 300 300 300 300 300 300 300 300 300 300 300 300 300 300 300 300 300 300 300 300 300 300 300 300 300 300 300 300 300 300 300 299.964 295.674 295.637 295.637 295.637 295.637 295.637 295.637 295.637 295.637 295.637 295.637 295.637 295.637 295.637 295.637 295.637 295.637 295.637 295.637 295.637 295.637 295.637 295.637 295.637 295.637 295.637 295.637 295.637 295.637 295.637 
304.369 304.369 304.369 304.369 304.369 304.369 304.369 304.369 304.369 304.369 304.369 304.369 304.369 304.369 304.369 304.369 304.369 304.369 304.369 304.369 304.369 304.369 304.369 304.369 304.369 304.369 304.369 304.369 304.369 304.369 304.333 300.037 300 300 300 300 300 300 300 300 300 300 300 300 300 300 300 300 300 300 300 300 300 300 300 300 300 300 300 300 300 300 300 300 300 300 300 300 300 299.963 295.666 295.629 295.629 295.629 295.629 295.629 295.629 295.629 295.629 295.629 295.629 295.629 295.629 295.629 295.629 295.629 295.629 295.629 295.629 295.629 295.629 295.629 295.629 295.629 295.629 295.629 295.629 295.629 295.629 295.629 
304.378 304.378 304.378 304.378 304.378 304.378 304.378 304.378 304.378 304.378 304.378 304.378 304.378 304.378 304.378 304.378 304.378 304.378 304.378 304.378 304.378 304.378 304.378 304.378 304.378 304.378 304.378 304.378 304.378 304.377 304.341 300.037 300 300 300 300 300 300 300 300 300 300 300 300 300 300 300 300 300 300 300 300 300 300 300 300 300 300 300 300 300 300 300 300 300 300 300 300 300 299.963 295.657 295.621 295.621 295.621 295.621 295.621 295.621 295.621 295.621 295.621 295.621 295.621 295.621 295.621 295.621 295.621 295.621 295.621 295.621 295.621 295.621 295.621 295.621 295.621 295.621 295.621 295.621 295.621 295.621 295.621 
304.386 304.386 304.386 304.386 304.386 304.386 304.386 304.386 304.386 304.386 304.386 304.386 304.386 304.386 304.386 304.386 304.386 304.386 304.386 304.386 304.386 304.386 304.386 304.386 304.386 304.386 304.386 304.386 304.386 304.386 304.349 300.037 300 300 300 300 300 300 300 300 300 300 300 300 300 300 300 300 300 300 300 300 300 300 300 300 300 300 300 300 300 300 300 300 300 300 300 300 300 299.963 295.649 295.613 295.612 295.612 295.612 295.612 295.612 295.612 295.612 295.612 295.612 295.612 295.612 295.612 295.612 295.612 295.612 295.612 295.612 295.612 295.612 295.612 295.612 295.612 295.612 295.612 295.612 295.612 295.612 295.612 
304.394 304.394 304.394 304.394 304.394 304.394 304.394 304.394 304.394 304.394 304.394 304.394 304.394 304.394 304.394 304.394 304.394 304.394 304.394 304.394 304.394 304.394 304.394 304.394 304.394 304.394 304.394 304.394 304.394 304.394 304.357 300.037 300 300 300 300 300 300 300 300 300 300 300 300 300 300 300 300 300 300 300 300 300 300 300 300 300 300 300 300 300 300 300 300 300 300 300 300 300 299.963 295.641 295.604 295.604 295.604 295.604 295.604 295.604 295.604 295.604 295.604 295.604 295.604 295.604 295.604 295.604 295.604 295.604 295.604 295.604 295.604 295.604 295.604 295.604 295.604 295.604 295.604 295.604 295.604 295.604 295.604 
304.402 304.402 304.402 304.402 304.402 304.402 304.402 304.402 304.402 304.402 304.402 304.402 304.402 304.402 304.402 304.402 304.402 304.402 304.402 304.402 304.402 304.402 304.402 304.402 304.402 304.402 304.402 304.402 304.402 304.402 304.365 300.037 300 300 300 300 300 300 300 300 300 300 300 300 300 300 300 300 300 300 300 300 300 300 300 300 300 300 300 300 300 300 300 300 300 300 300 300 300 299.963 295.633 295.596 295.596 295.596 295.596 295.596 295.596 295.596 295.596 295.596 295.596 295.596 295.596 295.596 295.596 295.596 295.596 295.596 295.596 295.596 295.596 295.596 295.596 295.596 295.596 295.596 295.596 295.596 295.596 295.596 
304.411 304.411 304.411 304.411 304.411 304.411 304.411 304.411 304.411 304.411 304.411 304.411 304.411 304.411 304.411 304.411 304.411 304.411 304.411 304.411 304.411 304.411 304.411 304.411 304.411 304.411 304.411 304.411 304.411 304.41 304.373 300.037 300 300 300 300 300 300 300 300 300 300 300 300 300 300 300 300 300 300 300 300 300 300 300 300 300 300 300 300 300 300 300 300 300 300 300 300 300 299.963 295.625 295.588 295.588 295.588 295.588 295.588 295.588 295.588 295.588 295.588 295.588 295.588 295.588 295.588 295.588 295.588 295.588 295.588 295.588 295.588 295.588 295.588 295.588 295.588 295.588 295.588 295.588 295.588 295.588 295.588 
304.419 304.419 304.419 304.419 304.419 304.419 304.419 304.419 304.419 304.419 304.419 304.419 304.419 304.419 304.419 304.419 304.419 304.419 304.419 304.419 304.419 304.419 304.419 304.419 304.419 304.419 304.419 304.419 304.419 304.419 304.381 300.038 300 300 300 300 300 300 300 300 300 300 300 300 300 300 300 300 300 300 300 300 300 300 300 300 300 300 300 300 300 300 300 300 300 300 300 300 300 299.963 295.617 295.58 295.579 295.579 295.579 295.579 295.579 295.579 295.579 295.579 295.579 295.579 295.579 295.579 295.579 295.579 295.579 295.579 295.579 295.579 295.579 295.579 295.579 295.579 295.579 295.579 295.579 295.579 295.579 295.579 
304.427 304.427 304.427 304.427 304.427 304.427 304.427 304.427 304.427 304.427 304.427 304.427 304.427 304.427 304.427 304.427 304.427 304.427 304.427 304.427 304.427 304.427 304.427 304.427 304.427 304.427 304.427 304.427 304.427 304.427 304.39 300.038 300 300 300 300 300 300 300 300 300 300 300 300 300 300 300 300 300 300 300 300 300 300 300 300 300 300 300 300 300 300 300 300 300 300 300 300 300 299.962 295.609 295.571 295.571 295.571 295.571 295.571 295.571 295.571 295.571 295.571 295.571 295.571 295.571 295.571 295.571 295.571 295.571 295.571 295.571 295.571 295.571 295.571 295.571 295.571 295.571 295.571 295.571 295.571 295.571 295.571 
304.435 304.435 304.435 304.435 304.435 304.435 304.435 304.435 304.435 304.435 304.435 304.435 304.435 304.435 304.435 304.435 304.435 304.435 304.435 304.435 304.435 304.435 304.435 304.435 304.435 304.435 304.435 304.435 304.435 304.435 304.398 300.038 300 300 300 300 300 300 300 300 300 300 300 300 300 300 300 300 300 300 300 300 300 300 300 300 300 300 300 300 300 300 300 300 300 300 300 300 300 299.962 295.6 295.563 295.563 295.563 295.563 295.563 295.563 295.563 295.563 295.563 295.563 295.563 295.563 295.563 295.563 295.563 295.563 295.563 295.563 295.563 295.563 295.563 295.563 295.563 295.563 295.563 295.563 295.563 295.563 295.563 
304.444 304.444 304.444 304.444 304.444 304.444 304.444 304.444 304.444 304.444 304.444 304.444 304.444 304.444 304.444 304.444 304.444 304.444 304.444 304.444 304.444 304.444 304.444 304.444 304.444 304.444 304.444 304.444 304.444 304.444 304.406 300.038 300 300 300 300 300 300 300 300 300 300 300 300 300 300 300 300 300 300 300 300 300 300 300 300 300 300 300 300 300 300 300 300 300 300 300 300 300 299.962 295.592 295.555 295.555 295.555 295.555 295.555 295.555 295.555 295.555 295.555 295.555 295.555 295.555 295.555 295.555 295.555 295.555 295.555 295.555 295.555 295.555 295.555 295.555 295.555 295.555 295.555 295.555 295.555 295.555 295.555 
304.452 304.452 304.452 304.452 304.452 304.452 304.452 304.452 304.452 304.452 304.452 304.452 304.452 304.452 304.452 304.452 304.452 304.452 304.452 304.452 304.452 304.452 304.452 304.452 304.452 304.452 304.452 304.452 304.452 304.452 304.414 300.038 300 300 300 300 300 300 300 300 300 300 300 300 300 300 300 300 300 300 300 300 300 300 300 300 300 300 300 300 300 300 300 300 300 300 300 300 300 299.962 295.584 295.546 295.546 295.546 295.546 295.546 295.546 295.546 295.546 295.546 295.546 295.546 295.546 295.546 295.546 295.546 295.546 295.546 295.546 295.546 295.546 295.546 295.546 295.546 295.546 295.546 295.546 295.546 295.546 295.546 
304.46 304.46 304.46 304.46 304.46 304.46 304.46 304.46 304.46 304.46 304.46 304.46 304.46 304.46 304.46 304.46 304.46 304.46 304.46 304.46 304.46 304.46 304.46 304.46 304.46 304.46 304.46 304.46 304.46 304.46 304.422 300.038 300 300 300 300 300 300 300 300 300 300 300 300 300 300 300 300 300 300 300 300 300 300 300 300 300 300 300 300 300 300 300 300 300 300 300 300 300 299.962 295.576 295.538 295.538 295.538 295.538 295.538 295.538 295.538 295.538 295.538 295.538 295.538 295.538 295.538 295.538 295.538 295.538 295.538 295.538 295.538 295.538 295.538 295.538 295.538 295.538 295.538 295.538 295.538 295.538 295.538 
304.469 304.469 304.469 304.469 304.469 304.469 304.469 304.469 304.469 304.469 304.469 304.469 304.469 304.469 304.469 304.469 304.469 304.469 304.469 304.469 304.469 304.469 304.469 304.469 304.469 304.469 304.469 304.469 304.469 304.468 304.43 300.038 300 300 300 300 300 300 300 300 300 300 300 300 300 300 300 300 300 300 300 300 300 300 300 300 300 300 300 300 300 300 300 300 300 300 300 300 300 299.962 295.568 295.53 295.53 295.53 295.53 295.53 295.53 295.53 295.53 295.53 295.53 295.53 295.53 295.53 295.53 295.53 295.53 295.53 295.53 295.53 295.53 295.53 295.53 295.53 295.53 295.53 295.53 295.53 295.53 295.53 
304.477 304.477 304.477 304.477 304.477 304.477 304.477 304.477 304.477 304.477 304.477 304.477 304.477 304.477 304.477 304.477 304.477 304.477 304.477 304.477 304.477 304.477 304.477 304.477 304.477 304.477 304.477 304.477 304.477 304.477 304.438 300.038 300 300 300 300 300 300 300 300 300 300 300 300 300 300 300 300 300 300 300 300 300 300 300 300 300 300 300 300 300 300 300 300 300 300 300 300 300 299.962 295.56 295.522 295.521 295.521 295.521 295.521 295.521 295.521 295.521 295.521 295.521 295.521 295.521 295.521 295.521 295.521 295.521 295.521 295.521 295.521 295.521 295.521 295.521 295.521 295.521 295.521 295.521 295.521 295.521 295.521 
304.485 304.485 304.485 304.485 304.485 304.485 304.485 304.485 304.485 304.485 304.485 304.485 304.485 304.485 304.485 304.485 304.485 304.485 304.485 304.485 304.485 304.485 304.485 304.485 304.485 304.485 304.485 304.485 304.485 304.485 304.447 300.039 300 300 300 300 300 300 300 300 300 300 300 300 300 300 300 300 300 300 300 300 300 300 300 300 300 300 300 300 300 300 300 300 300 300 300 300 300 299.962 295.552 295.513 295.513 295.513 295.513 295.513 295.513 295.513 295.513 295.513 295.513 295.513 295.513 295.513 295.513 295.513 295.513 295.513 295.513 295.513 295.513 295.513 295.513 295.513 295.513 295.513 295.513 295.513 295.513 295.513 
304.493 304.493 304.493 304.493 304.493 304.493 304.493 304.493 304.493 304.493 304.493 304.493 304.493 304.493 304.493 304.493 304.493 304.493 304.493 304.493 304.493 304.493 304.493 304.493 304.493 304.493 304.493 304.493 304.493 304.493 304.455 300.039 300 300 300 300 300 300 300 300 300 300 300 300 300 300 300 300 300 300 300 300 300 300 300 300 300 300 300 300 300 300 300 300 300 300 300 300 300 299.961 295.543 295.505 295.505 295.505 295.505 295.505 295.505 295.505 295.505 295.505 295.505 295.505 295.505 295.505 295.505 295.505 295.505 295.505 295.505 295.505 295.505 295.505 295.505 295.505 295.505 295.505 295.505 295.505 295.505 295.505 
304.502 304.502 304.502 304.502 304.502 304.502 304.502 304.502 304.502 304.502 304.502 304.502 304.502 304.502 304.502 304.502 304.502 304.502 304.502 304.502 304.502 304.502 304.502 304.502 304.502 304.502 304.502 304.502 304.502 304.501 304.463 300.039 300 300 300 300 300 300 300 300 300 300 300 300 300 300 300 300 300 300 300 300 300 300 300 300 300 300 300 300 300 300 300 300 300 300 300 300 300 299.961 295.535 295.497 295.497 295.497 295.497 295.497 295.497 295.497 295.497 295.497 295.497 295.497 295.497 295.497 295.497 295.497 295.497 295.497 295.497 295.497 295.497 295.497 295.497 295.497 295.497 295.497 295.497 295.497 295.497 295.497 
304.51 304.51 304.51 304.51 304.51 304.51 304.51 304.51 304.51 304.51 304.51 304.51 304.51 304.51 304.51 304.51 304.51 304.51 304.51 304.51 304.51 304.51 304.51 304.51 304.51 304.51 304.51 304.51 304.51 304.51 304.471 300.039 300 300 300 300 300 300 300 300 300 300 300 300 300 300 300 300 300 300 300 300 300 300 300 300 300 300 300 300 300 300 300 300 300 300 300 300 300 299.961 295.527 295.489 295.488 295.488 295.488 295.488 295.488 295.488 295.488 295.488 295.488 295.488 295.488 295.488 295.488 295.488 295.488 295.488 295.488 295.488 295.488 295.488 295.488 295.488 295.488 295.488 295.488 295.488 295.488 295.488 
304.518 304.518 304.518 304.518 304.518 304.518 304.518 304.518 304.518 304.518 304.518 304.518 304.518 304.518 304.518 304.518 304.518 304.518 304.518 304.518 304.518 304.518 304.518 304.518 304.518 304.518 304.518 304.518 304.518 304.518 304.479 300.039 300 300 300 300 300 300 300 300 300 300 300 300 300 300 300 300 300 300 300 300 300 300 300 300 300 300 300 300 300 300 300 300 300 300 300 300 300 299.961 295.519 295.48 295.48 295.48 295.48 295.48 295.48 295.48 295.48 295.48 295.48 295.48 295.48 295.48 295.48 295.48 295.48 295.48 295.48 295.48 295.48 295.48 295.48 295.48 295.48 295.48 295.48 295.48 295.48 295.48 
304.526 304.526 304.526 304.526 304.526 304.526 304.526 304.526 304.526 304.526 304.526 304.526 304.526 304.526 304.526 304.526 304.526 304.526 304.526 304.526 304.526 304.526 304.526 304.526 304.526 304.526 304.526 304.526 304.526 304.526 304.487 300.039 300 300 300 300 300 300 300 300 300 300 300 300 300 300 300 300 300 300 300 300 300 300 300 300 300 300 300 300 300 300 300 300 300 300 300 300 300 299.961 295.511 295.472 295.472 295.472 295.472 295.472 295.472 295.472 295.472 295.472 295.472 295.472 295.472 295.472 295.472 295.472 295.472 295.472 295.472 295.472 295.472 295.472 295.472 295.472 295.472 295.472 295.472 295.472 295.472 295.472 
304.535 304.535 304.535 304.535 304.535 304.535 304.535 304.535 304.535 304.535 304.535 304.535 304.535 304.535 304.535 304.535 304.535 304.535 304.535 304.535 304.535 304.535 304.535 304.535 304.535 304.535 304.535 304.535 304.535 304.534 304.495 300.039 300 300 300 300 300 300 300 300 300 300 300 300 300 300 300 300 300 300 300 300 300 300 300 300 300 300 300 300 300 300 300 300 300 300 300 300 300 299.961 295.503 295.464 295.463 295.463 295.463 295.463 295.463 295.463 295.463 295.463 295.463 295.463 295.463 295.463 295.463 295.463 295.463 295.463 295.463 295.463 295.463 295.463 295.463 295.463 295.463 295.463 295.463 295.463 295.463 295.463 
304.543 304.543 304.543 304.543 304.543 304.543 304.543 304.543 304.543 304.543 304.543 304.543 304.543 304.543 304.543 304.543 304.543 304.543 304.543 304.543 304.543 304.543 304.543 304.543 304.543 304.543 304.543 304.543 304.543 304.543 304.503 300.04 300 300 300 300 300 300 300 300 300 300 300 300 300 300 300 300 300 300 300 300 300 300 300 300 300 300 300 300 300 300 300 300 300 300 300 300 300 299.961 295.495 295.455 295.455 295.455 295.455 295.455 295.455 295.455 295.455 295.455 295.455 295.455 295.455 295.455 295.455 295.455 295.455 295.455 295.455 295.455 295.455 295.455 295.455 295.455 295.455 295.455 295.455 295.455 295.455 295.455 
304.551 304.551 304.551 304.551 304.551 304.551 304.551 304.551 304.551 304.551 304.551 304.551 304.551 304.551 304.551 304.551 304.551 304.551 304.551 304.551 304.551 304.551 304.551 304.551 304.551 304.551 304.551 304.551 304.551 304.551 304.512 300.04 300 300 300 300 300 300 300 300 300 300 300 300 300 300 300 300 300 300 300 300 300 300 300 300 300 300 300 300 300 300 300 300 300 300 300 300 300 299.96 295.487 295.447 295.447 295.447 295.447 295.447 295.447 295.447 295.447 295.447 295.447 295.447 295.447 295.447 295.447 295.447 295.447 295.447 295.447 295.447 295.447 295.447 295.447 295.447 295.447 295.447 295.447 295.447 295.447 295.447 
304.56 304.56 304.56 304.56 304.56 304.56 304.56 304.56 304.56 304.56 304.56 304.56 304.56 304.56 304.56 304.56 304.56 304.56 304.56 304.56 304.56 304.56 304.56 304.56 304.56 304.56 304.56 304.56 304.56 304.559 304.52 300.04 300 300 300 300 300 300 300 300 300 300 300 300 300 300 300 300 300 300 300 300 300 300 300 300 300 300 300 300 300 300 300 300 300 300 300 300 300 299.96 295.478 295.439 295.439 295.439 295.439 295.439 295.439 295.439 295.439 295.439 295.439 295.439 295.439 295.439 295.439 295.439 295.439 295.439 295.439 295.439 295.439 295.439 295.439 295.439 295.439 295.439 295.439 295.439 295.439 295.439 
304.568 304.568 304.568 304.568 304.568 304.568 304.568 304.568 304.568 304.568 304.568 304.568 304.568 304.568 304.568 304.568 304.568 304.568 304.568 304.568 304.568 304.568 304.568 304.568 304.568 304.568 304.568 304.568 304.568 304.568 304.528 300.04 300 300 300 300 300 300 300 300 300 300 300 300 300 300 300 300 300 300 300 300 300 300 300 300 300 300 300 300 300 300 300 300 300 300 300 300 300 299.96 295.47 295.431 295.43 295.43 295.43 295.43 295.43 295.43 295.43 295.43 295.43 295.43 295.43 295.43 295.43 295.43 295.43 295.43 295.43 295.43 295.43 295.43 295.43 295.43 295.43 295.43 295.43 295.43 295.43 295.43 
304.576 304.576 304.576 304.576 304.576 304.576 304.576 304.576 304.576 304.576 304.576 304.576 304.576 304.576 304.576 304.576 304.576 304.576 304.576 304.576 304.576 304.576 304.576 304.576 304.576 304.576 304.576 304.576 304.576 304.576 304.536 300.04 300 300 300 300 300 300 300 300 300 300 300 300 300 300 300 300 300 300 300 300 300 300 300 300 300 300 300 300 300 300 300 300 300 300 300 300 300 299.96 295.462 295.422 295.422 295.422 295.422 295.422 295.422 295.422 295.422 295.422 295.422 295.422 295.422 295.422 295.422 295.422 295.422 295.422 295.422 295.422 295.422 295.422 295.422 295.422 295.422 295.422 295.422 295.422 295.422 295.422 
304.584 304.584 304.584 304.584 304.584 304.584 304.584 304.584 304.584 304.584 304.584 304.584 304.584 304.584 304.584 304.584 304.584 304.584 304.584 304.584 304.584 304.584 304.584 304.584 304.584 304.584 304.584 304.584 304.584 304.584 304.544 300.04 300 300 300 300 300 300 300 300 300 300 300 300 300 300 300 300 300 300 300 300 300 300 300 300 300 300 300 300 300 300 300 300 300 300 300 300 300 299.96 295.454 295.414 295.414 295.414 295.414 295.414 295.414 295.414 295.414 295.414 295.414 295.414 295.414 295.414 295.414 295.414 295.414 295.414 295.414 295.414 295.414 295.414 295.414 295.414 295.414 295.414 295.414 295.414 295.414 295.414 
304.593 304.593 304.593 304.593 304.593 304.593 304.593 304.593 304.593 304.593 304.593 304.593 304.593 304.593 304.593 304.593 304.593 304.593 304.593 304.593 304.593 304.593 304.593 304.593 304.593 304.593 304.593 304.593 304.593 304.592 304.552 300.04 300 300 300 300 300 300 300 300 300 300 300 300 300 300 300 300 300 300 300 300 300 300 300 300 300 300 300 300 300 300 300 300 300 300 300 300 300 299.96 295.446 295.406 295.406 295.406 295.406 295.406 295.406 295.406 295.406 295.406 295.406 295.406 295.406 295.406 295.406 295.406 295.406 295.406 295.406 295.406 295.406 295.406 295.406 295.406 295.406 295.406 295.406 295.406 295.406 295.406 
304.601 304.601 304.601 304.601 304.601 304.601 304.601 304.601 304.601 304.601 304.601 304.601 304.601 304.601 304.601 304.601 304.601 304.601 304.601 304.601 304.601 304.601 304.601 304.601 304.601 304.601 304.601 304.601 304.601 304.601 304.56 300.041 300 300 300 300 300 300 300 300 300 300 300 300 300 300 300 300 300 300 300 300 300 300 300 300 300 300 300 300 300 300 300 300 300 300 300 300 300 299.96 295.438 295.397 295.397 295.397 295.397 295.397 295.397 295.397 295.397 295.397 295.397 295.397 295.397 295.397 295.397 295.397 295.397 295.397 295.397 295.397 295.397 295.397 295.397 295.397 295.397 295.397 295.397 295.397 295.397 295.397 
304.609 304.609 304.609 304.609 304.609 304.609 304.609 304.609 304.609 304.609 304.609 304.609 304.609 304.609 304.609 304.609 304.609 304.609 304.609 304.609 304.609 304.609 304.609 304.609 304.609 304.609 304.609 304.609 304.609 304.609 304.568 300.041 300 300 300 300 300 300 300 300 300 300 300 300 300 300 300 300 300 300 300 300 300 300 300 300 300 300 300 300 300 300 300 300 300 300 300 300 300 299.959 295.43 295.389 295.389 295.389 295.389 295.389 295.389 295.389 295.389 295.389 295.389 295.389 295.389 295.389 295.389 295.389 295.389 295.389 295.389 295.389 295.389 295.389 295.389 295.389 295.389 295.389 295.389 295.389 295.389 295.389 
304.617 304.617 304.617 304.617 304.617 304.617 304.617 304.617 304.617 304.617 304.617 304.617 304.617 304.617 304.617 304.617 304.617 304.617 304.617 304.617 304.617 304.617 304.617 304.617 304.617 304.617 304.617 304.617 304.617 304.617 304.577 300.041 300 300 300 300 300 300 300 300 300 300 300 300 300 300 300 300 300 300 300 300 300 300 300 300 300 300 300 300 300 300 300 300 300 300 300 300 300 299.959 295.421 295.381 295.381 295.381 295.381 295.381 295.381 295.381 295.381 295.381 295.381 295.381 295.381 295.381 295.381 295.381 295.381 295.381 295.381 295.381 295.381 295.381 295.381 295.381 295.381 295.381 295.381 295.381 295.381 295.381 
304.626 304.626 304.626 304.626 304.626 304.626 304.626 304.626 304.626 304.626 304.626 304.626 304.626 304.626 304.626 304.626 304.626 304.626 304.626 304.626 304.626 304.626 304.626 304.626 304.626 304.626 304.626 304.626 304.626 304.625 304.585 300.041 300 300 300 300 300 300 300 300 300 300 300 300 300 300 300 300 300 300 300 300 300 300 300 300 300 300 300 300 300 300 300 300 300 300 300 300 300 299.959 295.413 295.373 295.372 295.372 295.372 295.372 295.372 295.372 295.372 295.372 295.372 295.372 295.372 295.372 295.372 295.372 295.372 295.372 295.372 295.372 295.372 295.372 295.372 295.372 295.372 295.372 295.372 295.372 295.372 295.372 
304.634 304.634 304.634 304.634 304.634 304.634 304.634 304.634 304.634 304.634 304.634 304.634 304.634 304.634 304.634 304.634 304.634 304.634 304.634 304.634 304.634 304.634 304.634 304.634 304.634 304.634 304.634 304.634 304.634 304.634 304.593 300.041 300 300 300 300 300 300 300 300 300 300 300 300 300 300 300 300 300 300 300 300 300 300 300 300 300 300 300 300 300 300 300 300 300 300 300 300 300 299.959 295.405 295.364 295.364 295.364 295.364 295.364 295.364 295.364 295.364 295.364 295.364 295.364 295.364 295.364 295.364 295.364 295.364 295.364 295.364 295.364 295.364 295.364 295.364 295.364 295.364 295.364 295.364 295.364 295.364 295.364 
304.642 304.642 304.642 304.642 304.642 304.642 304.642 304.642 304.642 304.642 304.642 304.642 304.642 304.642 304.642 304.642 304.642 304.642 304.642 304.642 304.642 304.642 304.642 304.642 304.642 304.642 304.642 304.642 304.642 304.642 304.601 300.041 300 300 300 300 300 300 300 300 300 300 300 300 300 300 300 300 300 300 300 300 300 300 300 300 300 300 300 300 300 300 300 300 300 300 300 300 300 299.959 295.397 295.356 295.356 295.356 295.356 295.356 295.356 295.356 295.356 295.356 295.356 295.356 295.356 295.356 295.356 295.356 295.356 295.356 295.356 295.356 295.356 295.356 295.356 295.356 295.356 295.356 295.356 295.356 295.356 295.356 
304.651 304.651 304.651 304.651 304.651 304.651 304.651 304.651 304.651 304.651 304.651 304.651 304.651 304.651 304.651 304.651 304.651 304.651 304.651 304.651 304.651 304.651 304.651 304.651 304.651 304.651 304.651 304.651 304.651 304.65 304.609 300.042 300 300 300 300 300 300 300 300 300 300 300 300 300 300 300 300 300 300 300 300 300 300 300 300 300 300 300 300 300 300 300 300 300 300 300 300 300 299.959 295.389 295.348 295.348 295.348 295.348 295.348 295.348 295.348 295.348 295.348 295.348 295.348 295.348 295.348 295.348 295.348 295.348 295.348 295.348 295.348 295.348 295.348 295.348 295.348 295.348 295.348 295.348 295.348 295.348 295.348 
304.659 304.659 304.659 304.659 304.659 304.659 304.659 304.659 304.659 304.659 304.659 304.659 304.659 304.659 304.659 304.659 304.659 304.659 304.659 304.659 304.659 304.659 304.659 304.659 304.659 304.659 304.659 304.659 304.659 304.659 304.617 300.042 300 300 300 300 300 300 300 300 300 300 300 300 300 300 300 300 300 300 300 300 300 300 300 300 300 300 300 300 300 300 300 300 300 300 300 300 300 299.958 295.381 295.34 295.339 295.339 295.339 295.339 295.339 295.339 295.339 295.339 295.339 295.339 295.339 295.339 295.339 295.339 295.339 295.339 295.339 295.339 295.339 295.339 295.339 295.339 295.339 295.339 295.339 295.339 295.339 295.339 
304.667 304.667 304.667 304.667 304.667 304.667 304.667 304.667 304.667 304.667 304.667 304.667 304.667 304.667 304.667 304.667 304.667 304.667 304.667 304.667 304.667 304.667 304.667 304.667 304.667 304.667 304.667 304.667 304.667 304.667 304.625 300.042 300 300 300 300 300 300 300 300 300 300 300 300 300 300 300 300 300 300 300 300 300 300 300 300 300 300 300 300 300 300 300 300 300 300 300 300 300 299.958 295.373 295.331 295.331 295.331 295.331 295.331 295.331 295.331 295.331 295.331 295.331 295.331 295.331 295.331 295.331 295.331 295.331 295.331 295.331 295.331 295.331 295.331 295.331 295.331 295.331 295.331 295.331 295.331 295.331 295.331 
304.675 304.675 304.675 304.675 304.675 304.675 304.675 304.675 304.675 304.675 304.675 304.675 304.675 304.675 304.675 304.675 304.675 304.675 304.675 304.675 304.675 304.675 304.675 304.675 304.675 304.675 304.675 304.675 304.675 304.675 304.633 300.042 300 300 300 300 300 300 300 300 300 300 300 300 300 300 300 300 300 300 300 300 300 300 300 300 300 300 300 300 300 300 300 300 300 300 300 300 300 299.958 295.365 295.323 295.323 295.323 295.323 295.323 295.323 295.323 295.323 295.323 295.323 295.323 295.323 295.323 295.323 295.323 295.323 295.323 295.323 295.323 295.323 295.323 295.323 295.323 295.323 295.323 295.323 295.323 295.323 295.323 
304.684 304.684 304.684 304.684 304.684 304.684 304.684 304.684 304.684 304.684 304.684 304.684 304.684 304.684 304.684 304.684 304.684 304.684 304.684 304.684 304.684 304.684 304.684 304.684 304.684 304.684 304.684 304.684 304.684 304.683 304.642 300.042 300 300 300 300 300 300 300 300 300 300 300 300 300 300 300 300 300 300 300 300 300 300 300 300 300 300 300 300 300 300 300 300 300 300 300 300 300 299.958 295.356 295.315 295.314 295.314 295.314 295.314 295.314 295.314 295.314 295.314 295.314 295.314 295.314 295.314 295.314 295.314 295.314 295.314 295.314 295.314 295.314 295.314 295.314 295.314 295.314 295.314 295.314 295.314 295.314 295.314 
304.692 304.692 304.692 304.692 304.692 304.692 304.692 304.692 304.692 304.692 304.692 304.692 304.692 304.692 304.692 304.692 304.692 304.692 304.692 304.692 304.692 304.692 304.692 304.692 304.692 304.692 304.692 304.692 304.692 304.692 304.65 300.042 300 300 300 300 300 300 300 300 300 300 300 300 300 300 300 300 300 300 300 300 300 300 300 300 300 300 300 300 300 300 300 300 300 300 300 300 300 299.958 295.348 295.306 295.306 295.306 295.306 295.306 295.306 295.306 295.306 295.306 295.306 295.306 295.306 295.306 295.306 295.306 295.306 295.306 295.306 295.306 295.306 295.306 295.306 295.306 295.306 295.306 295.306 295.306 295.306 295.306 
304.7 304.7 304.7 304.7 304.7 304.7 304.7 304.7 304.7 304.7 304.7 304.7 304.7 304.7 304.7 304.7 304.7 304.7 304.7 304.7 304.7 304.7 304.7 304.7 304.7 304.7 304.7 304.7 304.7 304.7 304.658 300.042 300 300 300 300 300 300 300 300 300 300 300 300 300 300 300 300 300 300 300 300 300 300 300 300 300 300 300 300 300 300 300 300 300 300 300 300 300 299.958 295.34 295.298 295.298 295.298 295.298 295.298 295.298 295.298 295.298 295.298 295.298 295.298 295.298 295.298 295.298 295.298 295.298 295.298 295.298 295.298 295.298 295.298 295.298 295.298 295.298 295.298 295.298 295.298 295.298 295.298 
304.708 304.708 304.708 304.708 304.708 304.708 304.708 304.708 304.708 304.708 304.708 304.708 304.708 304.708 304.708 304.708 304.708 304.708 304.708 304.708 304.708 304.708 304.708 304.708 304.708 304.708 304.708 304.708 304.708 304.708 304.666 300.043 300 300 300 300 300 300 300 300 300 300 300 300 300 300 300 300 300 300 300 300 300 300 300 300 300 300 300 300 300 300 300 300 300 300 300 300 300 299.958 295.332 295.29 295.29 295.29 295.29 295.29 295.29 295.29 295.29 295.29 295.29 295.29 295.29 295.29 295.29 295.29 295.29 295.29 295.29 295.29 295.29 295.29 295.29 295.29 295.29 295.29 295.29 295.29 295.29 295.29 
304.717 304.717 304.717 304.717 304.717 304.717 304.717 304.717 304.717 304.717 304.717 304.717 304.717 304.717 304.717 304.717 304.717 304.717 304.717 304.717 304.717 304.717 304.717 304.717 304.717 304.717 304.717 304.717 304.717 304.716 304.674 300.043 300 300 300 300 300 300 300 300 300 300 300 300 300 300 300 300 300 300 300 300 300 300 300 300 300 300 300 300 300 300 300 300 300 300 300 300 300 299.957 295.324 295.282 295.281 295.281 295.281 295.281 295.281 295.281 295.281 295.281 295.281 295.281 295.281 295.281 295.281 295.281 295.281 295.281 295.281 295.281 295.281 295.281 295.281 295.281 295.281 295.281 295.281 295.281 295.281 295.281 
304.725 304.725 304.725 304.725 304.725 304.725 304.725 304.725 304.725 304.725 304.725 304.725 304.725 304.725 304.725 304.725 304.725 304.725 304.725 304.725 304.725 304.725 304.725 304.725 304.725 304.725 304.725 304.725 304.725 304.725 304.682 300.043 300 300 300 300 300 300 300 300 300 300 300 300 300 300 300 300 300 300 300 300 300 300 300 300 300 300 300 300 300 300 300 300 300 300 300 300 300 299.957 295.316 295.273 295.273 295.273 295.273 295.273 295.273 295.273 295.273 295.273 295.273 295.273 295.273 295.273 295.273 295.273 295.273 295.273 295.273 295.273 295.273 295.273 295.273 295.273 295.273 295.273 295.273 295.273 295.273 295.273 
304.733 304.733 304.733 304.733 304.733 304.733 304.733 304.733 304.733 304.733 304.733 304.733 304.733 304.733 304.733 304.733 304.733 304.733 304.733 304.733 304.733 304.733 304.733 304.733 304.733 304.733 304.733 304.733 304.733 304.733 304.69 300.043 300 300 300 300 300 300 300 300 300 300 300 300 300 300 300 300 300 300 300 300 300 300 300 300 300 300 300 300 300 300 300 300 300 300 300 300 300 299.957 295.308 295.265 295.265 295.265 295.265 295.265 295.265 295.265 295.265 295.265 295.265 295.265 295.265 295.265 295.265 295.265 295.265 295.265 295.265 295.265 295.265 295.265 295.265 295.265 295.265 295.265 295.265 295.265 295.265 295.265 
304.741 304.741 304.741 304.741 304.741 304.741 304.741 304.741 304.741 304.741 304.741 304.741 304.741 304.741 304.741 304.741 304.741 304.741 304.741 304.741 304.741 304.741 304.741 304.741 304.741 304.741 304.741 304.741 304.741 304.741 304.698 300.043 300 300 300 300 300 300 300 300 300 300 300 300 300 300 300 300 300 300 300 300 300 300 300 300 300 300 300 300 300 300 300 300 300 300 300 300 300 299.957 295.299 295.257 295.257 295.257 295.257 295.257 295.257 295.257 295.257 295.257 295.257 295.257 295.257 295.257 295.257 295.257 295.257 295.257 295.257 295.257 295.257 295.257 295.257 295.257 295.257 295.257 295.257 295.257 295.257 295.257 
304.75 304.75 304.75 304.75 304.75 304.75 304.75 304.75 304.75 304.75 304.75 304.75 304.75 304.75 304.75 304.75 304.75 304.75 304.75 304.75 304.75 304.75 304.75 304.75 304.75 304.75 304.75 304.75 304.75 304.749 304.707 300.043 300 300 300 300 300 300 300 300 300 300 300 300 300 300 300 300 300 300 300 300 300 300 300 300 300 300 300 300 300 300 300 300 300 300 300 300 300 299.957 295.291 295.249 295.248 295.248 295.248 295.248 295.248 295.248 295.248 295.248 295.248 295.248 295.248 295.248 295.248 295.248 295.248 295.248 295.248 295.248 295.248 295.248 295.248 295.248 295.248 295.248 295.248 295.248 295.248 295.248 
304.758 304.758 304.758 304.758 304.758 304.758 304.758 304.758 304.758 304.758 304.758 304.758 304.758 304.758 304.758 304.758 304.758 304.758 304.758 304.758 304.758 304.758 304.758 304.758 304.758 304.758 304.758 304.758 304.758 304.758 304.715 300.043 300 300 300 300 300 300 300 300 300 300 300 300 300 300 300 300 300 300 300 300 300 300 300 300 300 300 300 300 300 300 300 300 300 300 300 300 300 299.957 295.283 295.24 295.24 295.24 295.24 295.24 295.24 295.24 295.24 295.24 295.24 295.24 295.24 295.24 295.24 295.24 295.24 295.24 295.24 295.24 295.24 295.24 295.24 295.24 295.24 295.24 295.24 295.24 295.24 295.24 
304.766 304.766 304.766 304.766 304.766 304.766 304.766 304.766 304.766 304.766 304.766 304.766 304.766 304.766 304.766 304.766 304.766 304.766 304.766 304.766 304.766 304.766 304.766 304.766 304.766 304.766 304.766 304.766 304.766 304.766 304.723 300.044 300 300 300 300 300 300 300 300 300 300 300 300 300 300 300 300 300 300 300 300 300 300 300 300 300 300 300 300 300 300 300 300 300 300 300 300 300 299.957 295.275 295.232 295.232 295.232 295.232 295.232 295.232 295.232 295.232 295.232 295.232 295.232 295.232 295.232 295.232 295.232 295.232 295.232 295.232 295.232 295.232 295.232 295.232 295.232 295.232 295.232 295.232 295.232 295.232 295.232 
304.775 304.775 304.775 304.775 304.775 304.775 304.775 304.775 304.775 304.775 304.775 304.775 304.775 304.775 304.775 304.775 304.775 304.775 304.775 304.775 304.775 304.775 304.775 304.775 304.775 304.775 304.775 304.775 304.775 304.774 304.731 300.044 300 300 300 300 300 300 300 300 300 300 300 300 300 300 300 300 300 300 300 300 300 300 300 300 300 300 300 300 300 300 300 300 300 300 300 300 300 299.956 295.267 295.224 295.223 295.223 295.223 295.223 295.223 295.223 295.223 295.223 295.223 295.223 295.223 295.223 295.223 295.223 295.223 295.223 295.223 295.223 295.223 295.223 295.223 295.223 295.223 295.223 295.223 295.223 295.223 295.223 
304.783 304.783 304.783 304.783 304.783 304.783 304.783 304.783 304.783 304.783 304.783 304.783 304.783 304.783 304.783 304.783 304.783 304.783 304.783 304.783 304.783 304.783 304.783 304.783 304.783 304.783 304.783 304.783 304.783 304.783 304.739 300.044 300 300 300 300 300 300 300 300 300 300 300 300 300 300 300 300 300 300 300 300 300 300 300 300 300 300 300 300 300 300 300 300 300 300 300 300 300 299.956 295.259 295.215 295.215 295.215 295.215 295.215 295.215 295.215 295.215 295.215 295.215 295.215 295.215 295.215 295.215 295.215 295.215 295.215 295.215 295.215 295.215 295.215 295.215 295.215 295.215 295.215 295.215 295.215 295.215 295.215 
304.791 304.791 304.791 304.791 304.791 304.791 304.791 304.791 304.791 304.791 304.791 304.791 304.791 304.791 304.791 304.791 304.791 304.791 304.791 304.791 304.791 304.791 304.791 304.791 304.791 304.791 304.791 304.791 304.791 304.791 304.747 300.044 300 300 300 300 300 300 300 300 300 300 300 300 300 300 300 300 300 300 300 300 300 300 300 300 300 300 300 300 300 300 300 300 300 300 300 300 300 299.956 295.251 295.207 295.207 295.207 295.207 295.207 295.207 295.207 295.207 295.207 295.207 295.207 295.207 295.207 295.207 295.207 295.207 295.207 295.207 295.207 295.207 295.207 295.207 295.207 295.207 295.207 295.207 295.207 295.207 295.207 
304.799 304.799 304.799 304.799 304.799 304.799 304.799 304.799 304.799 304.799 304.799 304.799 304.799 304.799 304.799 304.799 304.799 304.799 304.799 304.799 304.799 304.799 304.799 304.799 304.799 304.799 304.799 304.799 304.799 304.799 304.755 300.044 300 300 300 300 300 300 300 300 300 300 300 300 300 300 300 300 300 300 300 300 300 300 300 300 300 300 300 300 300 300 300 300 300 300 300 300 300 299.956 295.243 295.199 295.199 295.199 295.199 295.199 295.199 295.199 295.199 295.199 295.199 295.199 295.199 295.199 295.199 295.199 295.199 295.199 295.199 295.199 295.199 295.199 295.199 295.199 295.199 295.199 295.199 295.199 295.199 295.199 
304.808 304.808 304.808 304.808 304.808 304.808 304.808 304.808 304.808 304.808 304.808 304.808 304.808 304.808 304.808 304.808 304.808 304.808 304.808 304.808 304.808 304.808 304.808 304.808 304.808 304.808 304.808 304.808 304.808 304.807 304.763 300.044 300 300 300 300 300 300 300 300 300 300 300 300 300 300 300 300 300 300 300 300 300 300 300 300 300 300 300 300 300 300 300 300 300 300 300 300 300 299.956 295.234 295.191 295.19 295.19 295.19 295.19 295.19 295.19 295.19 295.19 295.19 295.19 295.19 295.19 295.19 295.19 295.19 295.19 295.19 295.19 295.19 295.19 295.19 295.19 295.19 295.19 295.19 295.19 295.19 295.19 
304.816 304.816 304.816 304.816 304.816 304.816 304.816 304.816 304.816 304.816 304.816 304.816 304.816 304.816 304.816 304.816 304.816 304.816 304.816 304.816 304.816 304.816 304.816 304.816 304.816 304.816 304.816 304.816 304.816 304.816 304.771 300.044 300 300 300 300 300 300 300 300 300 300 300 300 300 300 300 300 300 300 300 300 300 300 300 300 300 300 300 300 300 300 300 300 300 300 300 300 300 299.956 295.226 295.182 295.182 295.182 295.182 295.182 295.182 295.182 295.182 295.182 295.182 295.182 295.182 295.182 295.182 295.182 295.182 295.182 295.182 295.182 295.182 295.182 295.182 295.182 295.182 295.182 295.182 295.182 295.182 295.182 
304.824 304.824 304.824 304.824 304.824 304.824 304.824 304.824 304.824 304.824 304.824 304.824 304.824 304.824 304.824 304.824 304.824 304.824 304.824 304.824 304.824 304.824 304.824 304.824 304.824 304.824 304.824 304.824 304.824 304.824 304.78 300.045 300 300 300 300 300 300 300 300 300 300 300 300 300 300 300 300 300 300 300 300 300 300 300 300 300 300 300 300 300 300 300 300 300 300 300 300 300 299.956 295.218 295.174 295.174 295.174 295.174 295.174 295.174 295.174 295.174 295.174 295.174 295.174 295.174 295.174 295.174 295.174 295.174 295.174 295.174 295.174 295.174 295.174 295.174 295.174 295.174 295.174 295.174 295.174 295.174 295.174 
304.832 304.832 304.832 304.832 304.832 304.832 304.832 304.832 304.832 304.832 304.832 304.832 304.832 304.832 304.832 304.832 304.832 304.832 304.832 304.832 304.832 304.832 304.832 304.832 304.832 304.832 304.832 304.832 304.832 304.832 304.788 300.045 300 300 300 300 300 300 300 300 300 300 300 300 300 300 300 300 300 300 300 300 300 300 300 300 300 300 300 300 300 300 300 300 300 300 300 300 300 299.955 295.21 295.166 295.165 295.165 295.165 295.165 295.165 295.165 295.165 295.165 295.165 295.165 295.165 295.165 295.165 295.165 295.165 295.165 295.165 295.165 295.165 295.165 295.165 295.165 295.165 295.165 295.165 295.165 295.165 295.165 
304.841 304.841 304.841 304.841 304.841 304.841 304.841 304.841 304.841 304.841 304.841 304.841 304.841 304.841 304.841 304.841 304.841 304.841 304.841 304.841 304.841 304.841 304.841 304.841 304.841 304.841 304.841 304.841 304.841 304.84 304.796 300.045 300 300 300 300 300 300 300 300 300 300 300 300 300 300 300 300 300 300 300 300 300 300 300 300 300 300 300 300 300 300 300 300 300 300 300 300 300 299.955 295.202 295.157 295.157 295.157 295.157 295.157 295.157 295.157 295.157 295.157 295.157 295.157 295.157 295.157 295.157 295.157 295.157 295.157 295.157 295.157 295.157 295.157 295.157 295.157 295.157 295.157 295.157 295.157 295.157 295.157 
304.849 304.849 304.849 304.849 304.849 304.849 304.849 304.849 304.849 304.849 304.849 304.849 304.849 304.849 304.849 304.849 304.849 304.849 304.849 304.849 304.849 304.849 304.849 304.849 304.849 304.849 304.849 304.849 304.849 304.849 304.804 300.045 300 300 300 300 300 300 300 300 300 300 300 300 300 300 300 300 300 300 300 300 300 300 300 300 300 300 300 300 300 300 300 300 300 300 300 300 300 299.955 295.194 295.149 295.149 295.149 295.149 295.149 295.149 295.149 295.149 295.149 295.149 295.149 295.149 295.149 295.149 295.149 295.149 295.149 295.149 295.149 295.149 295.149 295.149 295.149 295.149 295.149 295.149 295.149 295.149 295.149 
304.857 304.857 304.857 304.857 304.857 304.857 304.857 304.857 304.857 304.857 304.857 304.857 304.857 304.857 304.857 304.857 304.857 304.857 304.857 304.857 304.857 304.857 304.857 304.857 304.857 304.857 304.857 304.857 304.857 304.857 304.812 300.045 300 300 300 300 300 300 300 300 300 300 300 300 300 300 300 300 300 300 300 300 300 300 300 300 300 300 300 300 300 300 300 300 300 300 300 300 300 299.955 295.186 295.141 295.141 295.141 295.141 295.141 295.141 295.141 295.141 295.141 295.141 295.141 295.141 295.141 295.141 295.141 295.141 295.141 295.141 295.141 295.141 295.141 295.141 295.141 295.141 295.141 295.141 295.141 295.141 295.141 
304.866 304.866 304.866 304.866 304.866 304.866 304.866 304.866 304.866 304.866 304.866 304.866 304.866 304.866 304.866 304.866 304.866 304.866 304.866 304.866 304.866 304.866 304.866 304.866 304.866 304.866 304.866 304.866 304.866 304.865 304.82 300.045 300 300 300 300 300 300 300 300 300 300 300 300 300 300 300 300 300 300 300 300 300 300 300 300 300 300 300 300 300 300 300 300 300 300 300 300 300 299.955 295.178 295.133 295.132 295.132 295.132 295.132 295.132 295.132 295.132 295.132 295.132 295.132 295.132 295.132 295.132 295.132 295.132 295.132 295.132 295.132 295.132 295.132 295.132 295.132 295.132 295.132 295.132 295.132 295.132 295.132 
304.874 304.874 304.874 304.874 304.874 304.874 304.874 304.874 304.874 304.874 304.874 304.874 304.874 304.874 304.874 304.874 304.874 304.874 304.874 304.874 304.874 304.874 304.874 304.874 304.874 304.874 304.874 304.874 304.874 304.874 304.828 300.046 300 300 300 300 300 300 300 300 300 300 300 300 300 300 300 300 300 300 300 300 300 300 300 300 300 300 300 300 300 300 300 300 300 300 300 300 300 299.955 295.169 295.124 295.124 295.124 295.124 295.124 295.124 295.124 295.124 295.124 295.124 295.124 295.124 295.124 295.124 295.124 295.124 295.124 295.124 295.124 295.124 295.124 295.124 295.124 295.124 295.124 295.124 295.124 295.124 295.124 
304.882 304.882 304.882 304.882 304.882 304.882 304.882 304.882 304.882 304.882 304.882 304.882 304.882 304.882 304.882 304.882 304.882 304.882 304.882 304.882 304.882 304.882 304.882 304.882 304.882 304.882 304.882 304.882 304.882 304.882 304.836 300.046 300 300 300 300 300 300 300 300 300 300 300 300 300 300 300 300 300 300 300 300 300 300 300 300 300 300 300 300 300 300 300 300 300 300 300 300 300 299.954 295.161 295.116 295.116 295.116 295.116 295.116 295.116 295.116 295.116 295.116 295.116 295.116 295.116 295.116 295.116 295.116 295.116 295.116 295.116 295.116 295.116 295.116 295.116 295.116 295.116 295.116 295.116 295.116 295.116 295.116 
304.89 304.89 304.89 304.89 304.89 304.89 304.89 304.89 304.89 304.89 304.89 304.89 304.89 304.89 304.89 304.89 304.89 304.89 304.89 304.89 304.89 304.89 304.89 304.89 304.89 304.89 304.89 304.89 304.89 304.89 304.845 300.046 300 300 300 300 300 300 300 300 300 300 300 300 300 300 300 300 300 300 300 300 300 300 300 300 300 300 300 300 300 300 300 300 300 300 300 300 300 299.954 295.153 295.108 295.108 295.108 295.108 295.108 295.108 295.108 295.108 295.108 295.108 295.108 295.108 295.108 295.108 295.108 295.108 295.108 295.108 295.108 295.108 295.108 295.108 295.108 295.108 295.108 295.108 295.108 295.108 295.108 
304.899 304.899 304.899 304.899 304.899 304.899 304.899 304.899 304.899 304.899 304.899 304.899 304.899 304.899 304.899 304.899 304.899 304.899 304.899 304.899 304.899 304.899 304.899 304.899 304.899 304.899 304.899 304.899 304.899 304.898 304.853 300.046 300 300 300 300 300 300 300 300 300 300 300 300 300 300 300 300 300 300 300 300 300 300 300 300 300 300 300 300 300 300 300 300 300 300 300 300 300 299.954 295.145 295.1 295.099 295.099 295.099 295.099 295.099 295.099 295.099 295.099 295.099 295.099 295.099 295.099 295.099 295.099 295.099 295.099 295.099 295.099 295.099 295.099 295.099 295.099 295.099 295.099 295.099 295.099 295.099 295.099 
304.907 304.907 304.907 304.907 304.907 304.907 304.907 304.907 304.907 304.907 304.907 304.907 304.907 304.907 304.907 304.907 304.907 304.907 304.907 304.907 304.907 304.907 304.907 304.907 304.907 304.907 304.907 304.907 304.907 304.907 304.861 300.046 300 300 300 300 300 300 300 300 300 300 300 300 300 300 300 300 300 300 300 300 300 300 300 300 300 300 300 300 300 300 300 300 300 300 300 300 300 299.954 295.137 295.091 295.091 295.091 295.091 295.091 295.091 295.091 295.091 295.091 295.091 295.091 295.091 295.091 295.091 295.091 295.091 295.091 295.091 295.091 295.091 295.091 295.091 295.091 295.091 295.091 295.091 295.091 295.091 295.091 
304.915 304.915 304.915 304.915 304.915 304.915 304.915 304.915 304.915 304.915 304.915 304.915 304.915 304.915 304.915 304.915 304.915 304.915 304.915 304.915 304.915 304.915 304.915 304.915 304.915 304.915 304.915 304.915 304.915 304.915 304.869 300.046 300 300 300 300 300 300 300 300 300 300 300 300 300 300 300 300 300 300 300 300 300 300 300 300 300 300 300 300 300 300 300 300 300 300 300 300 300 299.954 295.129 295.083 295.083 295.083 295.083 295.083 295.083 295.083 295.083 295.083 295.083 295.083 295.083 295.083 295.083 295.083 295.083 295.083 295.083 295.083 295.083 295.083 295.083 295.083 295.083 295.083 295.083 295.083 295.083 295.083 
304.923 304.923 304.923 304.923 304.923 304.923 304.923 304.923 304.923 304.923 304.923 304.923 304.923 304.923 304.923 304.923 304.923 304.923 304.923 304.923 304.923 304.923 304.923 304.923 304.923 304.923 304.923 304.923 304.923 304.923 304.877 300.046 300 300 300 300 300 300 300 300 300 300 300 300 300 300 300 300 300 300 300 300 300 300 300 300 300 300 300 300 300 300 300 300 300 300 300 300 300 299.954 295.121 295.075 295.074 295.074 295.074 295.074 295.074 295.074 295.074 295.074 295.074 295.074 295.074 295.074 295.074 295.074 295.074 295.074 295.074 295.074 295.074 295.074 295.074 295.074 295.074 295.074 295.074 295.074 295.074 295.074 
304.932 304.932 304.932 304.932 304.932 304.932 304.932 304.932 304.932 304.932 304.932 304.932 304.932 304.932 304.932 304.932 304.932 304.932 304.932 304.932 304.932 304.932 304.932 304.932 304.932 304.932 304.932 304.932 304.932 304.931 304.885 300.047 300 300 300 300 300 300 300 300 300 300 300 300 300 300 300 300 300 300 300 300 300 300 300 300 300 300 300 300 300 300 300 300 300 300 300 300 300 299.954 295.113 295.066 295.066 295.066 295.066 295.066 295.066 295.066 295.066 295.066 295.066 295.066 295.066 295.066 295.066 295.066 295.066 295.066 295.066 295.066 295.066 295.066 295.066 295.066 295.066 295.066 295.066 295.066 295.066 295.066 
304.94 304.94 304.94 304.94 304.94 304.94 304.94 304.94 304.94 304.94 304.94 304.94 304.94 304.94 304.94 304.94 304.94 304.94 304.94 304.94 304.94 304.94 304.94 304.94 304.94 304.94 304.94 304.94 304.94 304.94 304.893 300.047 300 300 300 300 300 300 300 300 300 300 300 300 300 300 300 300 300 300 300 300 300 300 300 300 300 300 300 300 300 300 300 300 300 300 300 300 300 299.953 295.104 295.058 295.058 295.058 295.058 295.058 295.058 295.058 295.058 295.058 295.058 295.058 295.058 295.058 295.058 295.058 295.058 295.058 295.058 295.058 295.058 295.058 295.058 295.058 295.058 295.058 295.058 295.058 295.058 295.058 
304.948 304.948 304.948 304.948 304.948 304.948 304.948 304.948 304.948 304.948 304.948 304.948 304.948 304.948 304.948 304.948 304.948 304.948 304.948 304.948 304.948 304.948 304.948 304.948 304.948 304.948 304.948 304.948 304.948 304.948 304.901 300.047 300 300 300 300 300 300 300 300 300 300 300 300 300 300 300 300 300 300 300 300 300 300 300 300 300 300 300 300 300 300 300 300 300 300 300 300 300 299.953 295.096 295.05 295.05 295.05 295.05 295.05 295.05 295.05 295.05 295.05 295.05 295.05 295.05 295.05 295.05 295.05 295.05 295.05 295.05 295.05 295.05 295.05 295.05 295.05 295.05 295.05 295.05 295.05 295.05 295.05 
304.957 304.957 304.957 304.957 304.957 304.957 304.957 304.957 304.957 304.957 304.957 304.957 304.957 304.957 304.957 304.957 304.957 304.957 304.957 304.957 304.957 304.957 304.957 304.957 304.957 304.957 304.957 304.957 304.957 304.956 304.909 300.047 300 300 300 300 300 300 300 300 300 300 300 300 300 300 300 300 300 300 300 300 300 300 300 300 300 300 300 300 300 300 300 300 300 300 300 300 300 299.953 295.088 295.042 295.041 295.041 295.041 295.041 295.041 295.041 295.041 295.041 295.041 295.041 295.041 295.041 295.041 295.041 295.041 295.041 295.041 295.041 295.041 295.041 295.041 295.041 295.041 295.041 295.041 295.041 295.041 295.041 
304.965 304.965 304.965 304.965 304.965 304.965 304.965 304.965 304.965 304.965 304.965 304.965 304.965 304.965 304.965 304.965 304.965 304.965 304.965 304.965 304.965 304.965 304.965 304.965 304.965 304.965 304.965 304.965 304.965 304.964 304.918 300.047 300 300 300 300 300 300 300 300 300 300 300 300 300 300 300 300 300 300 300 300 300 300 300 300 300 300 300 300 300 300 300 300 300 300 300 300 300 299.953 295.08 295.033 295.033 295.033 295.033 295.033 295.033 295.033 295.033 295.033 295.033 295.033 295.033 295.033 295.033 295.033 295.033 295.033 295.033 295.033 295.033 295.033 295.033 295.033 295.033 295.033 295.033 295.033 295.033 295.033 
304.973 304.973 304.973 304.973 304.973 304.973 304.973 304.973 304.973 304.973 304.973 304.973 304.973 304.973 304.973 304.973 304.973 304.973 304.973 304.973 304.973 304.973 304.973 304.973 304.973 304.973 304.973 304.973 304.973 304.973 304.926 300.047 300 300 300 300 300 300 300 300 300 300 300 300 300 300 300 300 300 300 300 300 300 300 300 300 300 300 300 300 300 300 300 300 300 300 300 300 300 299.953 295.072 295.025 295.025 295.025 295.025 295.025 295.025 295.025 295.025 295.025 295.025 295.025 295.025 295.025 295.025 295.025 295.025 295.025 295.025 295.025 295.025 295.025 295.025 295.025 295.025 295.025 295.025 295.025 295.025 295.025 
304.981 304.981 304.981 304.981 304.981 304.981 304.981 304.981 304.981 304.981 304.981 304.981 304.981 304.981 304.981 304.981 304.981 304.981 304.981 304.981 304.981 304.981 304.981 304.981 304.981 304.981 304.981 304.981 304.981 304.981 304.934 300.048 300 300 300 300 300 300 300 300 300 300 300 300 300 300 300 300 300 300 300 300 300 300 300 300 300 300 300 300 300 300 300 300 300 300 300 300 300 299.953 295.064 295.017 295.016 295.016 295.016 295.016 295.016 295.016 295.016 295.016 295.016 295.016 295.016 295.016 295.016 295.016 295.016 295.016 295.016 295.016 295.016 295.016 295.016 295.016 295.016 295.016 295.016 295.016 295.016 295.016 
304.99 304.99 304.99 304.99 304.99 304.99 304.99 304.99 304.99 304.99 304.99 304.99 304.99 304.99 304.99 304.99 304.99 304.99 304.99 304.99 304.99 304.99 304.99 304.99 304.99 304.99 304.99 304.99 304.99 304.989 304.942 300.048 300 300 300 300 300 300 300 300 300 300 300 300 300 300 300 300 300 300 300 300 300 300 300 300 300 300 300 300 300 300 300 300 300 300 300 300 300 299.952 295.056 295.008 295.008 295.008 295.008 295.008 295.008 295.008 295.008 295.008 295.008 295.008 295.008 295.008 295.008 295.008 295.008 295.008 295.008 295.008 295.008 295.008 295.008 295.008 295.008 295.008 295.008 295.008 295.008 295.008 
304.998 304.998 304.998 304.998 304.998 304.998 304.998 304.998 304.998 304.998 304.998 304.998 304.998 304.998 304.998 304.998 304.998 304.998 304.998 304.998 304.998 304.998 304.998 304.998 304.998 304.998 304.998 304.998 304.998 304.998 304.95 300.048 300 300 300 300 300 300 300 300 300 300 300 300 300 300 300 300 300 300 300 300 300 300 300 300 300 300 300 300 300 300 300 300 300 300 300 300 300 299.952 295.048 295 295 295 295 295 295 295 295 295 295 295 295 295 295 295 295 295 295 295 295 295 295 295 295 295 295 295 295 295 
305.006 305.006 305.006 305.006 305.006 305.006 305.006 305.006 305.006 305.006 305.006 305.006 305.006 305.006 305.006 305.006 305.006 305.006 305.006 305.006 305.006 305.006 305.006 305.006 305.006 305.006 305.006 305.006 305.006 305.006 304.958 300.048 300 300 300 300 300 300 300 300 300 300 300 300 300 300 300 300 300 300 300 300 300 300 300 300 300 300 300 300 300 300 300 300 300 300 300 300 300 299.952 295.039 294.992 294.992 294.992 294.992 294.992 294.992 294.992 294.992 294.992 294.992 294.992 294.992 294.992 294.992 294.992 294.992 294.992 294.992 294.992 294.992 294.992 294.992 294.992 294.992 294.992 294.992 294.992 294.992 294.992 
305.014 305.014 305.014 305.014 305.014 305.014 305.014 305.014 305.014 305.014 305.014 305.014 305.014 305.014 305.014 305.014 305.014 305.014 305.014 305.014 305.014 305.014 305.014 305.014 305.014 305.014 305.014 305.014 305.014 305.014 304.966 300.048 300 300 300 300 300 300 300 300 300 300 300 300 300 300 300 300 300 300 300 300 300 300 300 300 300 300 300 300 300 300 300 300 300 300 300 300 300 299.952 295.031 294.984 294.983 294.983 294.983 294.983 294.983 294.983 294.983 294.983 294.983 294.983 294.983 294.983 294.983 294.983 294.983 294.983 294.983 294.983 294.983 294.983 294.983 294.983 294.983 294.983 294.983 294.983 294.983 294.983 
305.023 305.023 305.023 305.023 305.023 305.023 305.023 305.023 305.023 305.023 305.023 305.023 305.023 305.023 305.023 305.023 305.023 305.023 305.023 305.023 305.023 305.023 305.023 305.023 305.023 305.023 305.023 305.023 305.023 305.022 304.974 300.048 300 300 300 300 300 300 300 300 300 300 300 300 300 300 300 300 300 300 300 300 300 300 300 300 300 300 300 300 300 300 300 300 300 300 300 300 300 299.952 295.023 294.975 294.975 294.975 294.975 294.975 294.975 294.975 294.975 294.975 294.975 294.975 294.975 294.975 294.975 294.975 294.975 294.975 294.975 294.975 294.975 294.975 294.975 294.975 294.975 294.975 294.975 294.975 294.975 294.975 
305.031 305.031 305.031 305.031 305.031 305.031 305.031 305.031 305.031 305.031 305.031 305.031 305.031 305.031 305.031 305.031 305.031 305.031 305.031 305.031 305.031 305.031 305.031 305.031 305.031 305.031 305.031 305.031 305.031 305.031 304.983 300.049 300 300 300 300 300 300 300 300 300 300 300 300 300 300 300 300 300 300 300 300 300 300 300 300 300 300 300 300 300 300 300 300 300 300 300 300 300 299.952 295.015 294.967 294.967 294.967 294.967 294.967 294.967 294.967 294.967 294.967 294.967 294.967 294.967 294.967 294.967 294.967 294.967 294.967 294.967 294.967 294.967 294.967 294.967 294.967 294.967 294.967 294.967 294.967 294.967 294.967 
305.039 305.039 305.039 305.039 305.039 305.039 305.039 305.039 305.039 305.039 305.039 305.039 305.039 305.039 305.039 305.039 305.039 305.039 305.039 305.039 305.039 305.039 305.039 305.039 305.039 305.039 305.039 305.039 305.039 305.039 304.991 300.049 300 300 300 300 300 300 300 300 300 300 300 300 300 300 300 300 300 300 300 300 300 300 300 300 300 300 300 300 300 300 300 300 300 300 300 300 300 299.952 295.007 294.959 294.959 294.959 294.959 294.959 294.959 294.959 294.959 294.959 294.959 294.959 294.959 294.959 294.959 294.959 294.959 294.959 294.959 294.959 294.959 294.959 294.959 294.959 294.959 294.959 294.959 294.959 294.959 294.959 
305.047 305.047 305.047 305.047 305.047 305.047 305.047 305.047 305.047 305.047 305.047 305.047 305.047 305.047 305.047 305.047 305.047 305.047 305.047 305.047 305.047 305.047 305.047 305.047 305.047 305.047 305.047 305.047 305.047 305.047 304.999 300.049 300 300 300 300 300 300 300 300 300 300 300 300 300 300 300 300 300 300 300 300 300 300 300 300 300 300 300 300 300 300 300 300 300 300 300 300 300 299.951 294.999 294.951 294.95 294.95 294.95 294.95 294.95 294.95 294.95 294.95 294.95 294.95 294.95 294.95 294.95 294.95 294.95 294.95 294.95 294.95 294.95 294.95 294.95 294.95 294.95 294.95 294.95 294.95 294.95 294.95 
305.056 305.056 305.056 305.056 305.056 305.056 305.056 305.056 305.056 305.056 305.056 305.056 305.056 305.056 305.056 305.056 305.056 305.056 305.056 305.056 305.056 305.056 305.056 305.056 305.056 305.056 305.056 305.056 305.056 305.055 305.007 300.049 300 300 300 300 300 300 300 300 300 300 300 300 300 300 300 300 300 300 300 300 300 300 300 300 300 300 300 300 300 300 300 300 300 300 300 300 300 299.951 294.991 294.942 294.942 294.942 294.942 294.942 294.942 294.942 294.942 294.942 294.942 294.942 294.942 294.942 294.942 294.942 294.942 294.942 294.942 294.942 294.942 294.942 294.942 294.942 294.942 294.942 294.942 294.942 294.942 294.942 
305.064 305.064 305.064 305.064 305.064 305.064 305.064 305.064 305.064 305.064 305.064 305.064 305.064 305.064 305.064 305.064 305.064 305.064 305.064 305.064 305.064 305.064 305.064 305.064 305.064 305.064 305.064 305.064 305.064 305.064 305.015 300.049 300 300 300 300 300 300 300 300 300 300 300 300 300 300 300 300 300 300 300 300 300 300 300 300 300 300 300 300 300 300 300 300 300 300 300 300 300 299.951 294.983 294.934 294.934 294.934 294.934 294.934 294.934 294.934 294.934 294.934 294.934 294.934 294.934 294.934 294.934 294.934 294.934 294.934 294.934 294.934 294.934 294.934 294.934 294.934 294.934 294.934 294.934 294.934 294.934 294.934 
305.072 305.072 305.072 305.072 305.072 305.072 305.072 305.072 305.072 305.072 305.072 305.072 305.072 305.072 305.072 305.072 305.072 305.072 305.072 305.072 305.072 305.072 305.072 305.072 305.072 305.072 305.072 305.072 305.072 305.072 305.023 300.049 300 300 300 300 300 300 300 300 300 300 300 300 300 300 300 300 300 300 300 300 300 300 300 300 300 300 300 300 300 300 300 300 300 300 300 300 300 299.951 294.975 294.926 294.925 294.925 294.925 294.925 294.925 294.925 294.925 294.925 294.925 294.925 294.925 294.925 294.925 294.925 294.925 294.925 294.925 294.925 294.925 294.925 294.925 294.925 294.925 294.925 294.925 294.925 294.925 294.925 
305.081 305.081 305.081 305.081 305.081 305.081 305.081 305.081 305.081 305.081 305.081 305.081 305.081 305.081 305.081 305.081 305.081 305.081 305.081 305.081 305.081 305.081 305.081 305.081 305.081 305.081 305.081 305.081 305.081 305.08 305.031 300.049 300 300 300 300 300 300 300 300 300 300 300 300 300 300 300 300 300 300 300 300 300 300 300 300 300 300 300 300 300 300 300 300 300 300 300 300 300 299.951 294.966 294.917 294.917 294.917 294.917 294.917 294.917 294.917 294.917 294.917 294.917 294.917 294.917 294.917 294.917 294.917 294.917 294.917 294.917 294.917 294.917 294.917 294.917 294.917 294.917 294.917 294.917 294.917 294.917 294.917 
305.089 305.089 305.089 305.089 305.089 305.089 305.089 305.089 305.089 305.089 305.089 305.089 305.089 305.089 305.089 305.089 305.089 305.089 305.089 305.089 305.089 305.089 305.089 305.089 305.089 305.089 305.089 305.089 305.089 305.089 305.039 300.05 300 300 300 300 300 300 300 300 300 300 300 300 300 300 300 300 300 300 300 300 300 300 300 300 300 300 300 300 300 300 300 300 300 300 300 300 300 299.951 294.958 294.909 294.909 294.909 294.909 294.909 294.909 294.909 294.909 294.909 294.909 294.909 294.909 294.909 294.909 294.909 294.909 294.909 294.909 294.909 294.909 294.909 294.909 294.909 294.909 294.909 294.909 294.909 294.909 294.909 
305.097 305.097 305.097 305.097 305.097 305.097 305.097 305.097 305.097 305.097 305.097 305.097 305.097 305.097 305.097 305.097 305.097 305.097 305.097 305.097 305.097 305.097 305.097 305.097 305.097 305.097 305.097 305.097 305.097 305.097 305.047 300.05 300 300 300 300 300 300 300 300 300 300 300 300 300 300 300 300 300 300 300 300 300 300 300 300 300 300 300 300 300 300 300 300 300 300 300 300 300 299.95 294.95 294.901 294.901 294.901 294.901 294.901 294.901 294.901 294.901 294.901 294.901 294.901 294.901 294.901 294.901 294.901 294.901 294.901 294.901 294.901 294.901 294.901 294.901 294.901 294.901 294.901 294.901 294.901 294.901 294.901 
305.105 305.105 305.105 305.105 305.105 305.105 305.105 305.105 305.105 305.105 305.105 305.105 305.105 305.105 305.105 305.105 305.105 305.105 305.105 305.105 305.105 305.105 305.105 305.105 305.105 305.105 305.105 305.105 305.105 305.105 305.056 300.05 300 300 300 300 300 300 300 300 300 300 300 300 300 300 300 300 300 300 300 300 300 300 300 300 300 300 300 300 300 300 300 300 300 300 300 300 300 299.95 294.942 294.893 294.892 294.892 294.892 294.892 294.892 294.892 294.892 294.892 294.892 294.892 294.892 294.892 294.892 294.892 294.892 294.892 294.892 294.892 294.892 294.892 294.892 294.892 294.892 294.892 294.892 294.892 294.892 294.892 
305.114 305.114 305.114 305.114 305.114 305.114 305.114 305.114 305.114 305.114 305.114 305.114 305.114 305.114 305.114 305.114 305.114 305.114 305.114 305.114 305.114 305.114 305.114 305.114 305.114 305.114 305.114 305.114 305.114 305.113 305.064 300.05 300 300 300 300 300 300 300 300 300 300 300 300 300 300 300 300 300 300 300 300 300 300 300 300 300 300 300 300 300 300 300 300 300 300 300 300 300 299.95 294.934 294.884 294.884 294.884 294.884 294.884 294.884 294.884 294.884 294.884 294.884 294.884 294.884 294.884 294.884 294.884 294.884 294.884 294.884 294.884 294.884 294.884 294.884 294.884 294.884 294.884 294.884 294.884 294.884 294.884 
305.122 305.122 305.122 305.122 305.122 305.122 305.122 305.122 305.122 305.122 305.122 305.122 305.122 305.122 305.122 305.122 305.122 305.122 305.122 305.122 305.122 305.122 305.122 305.122 305.122 305.122 305.122 305.122 305.122 305.122 305.072 300.05 300 300 300 300 300 300 300 300 300 300 300 300 300 300 300 300 300 300 300 300 300 300 300 300 300 300 300 300 300 300 300 300 300 300 300 300 300 299.95 294.926 294.876 294.876 294.876 294.876 294.876 294.876 294.876 294.876 294.876 294.876 294.876 294.876 294.876 294.876 294.876 294.876 294.876 294.876 294.876 294.876 294.876 294.876 294.876 294.876 294.876 294.876 294.876 294.876 294.876 
305.13 305.13 305.13 305.13 305.13 305.13 305.13 305.13 305.13 305.13 305.13 305.13 305.13 305.13 305.13 305.13 305.13 305.13 305.13 305.13 305.13 305.13 305.13 305.13 305.13 305.13 305.13 305.13 305.13 305.13 305.08 300.05 300 300 300 300 300 300 300 300 300 300 300 300 300 300 300 300 300 300 300 300 300 300 300 300 300 300 300 300 300 300 300 300 300 300 300 300 300 299.95 294.918 294.868 294.867 294.867 294.867 294.867 294.867 294.867 294.867 294.867 294.867 294.867 294.867 294.867 294.867 294.867 294.867 294.867 294.867 294.867 294.867 294.867 294.867 294.867 294.867 294.867 294.867 294.867 294.867 294.867 
305.138 305.138 305.138 305.138 305.138 305.138 305.138 305.138 305.138 305.138 305.138 305.138 305.138 305.138 305.138 305.138 305.138 305.138 305.138 305.138 305.138 305.138 305.138 305.138 305.138 305.138 305.138 305.138 305.138 305.138 305.088 300.051 300 300 300 300 300 300 300 300 300 300 300 300 300 300 300 300 300 300 300 300 300 300 300 300 300 300 300 300 300 300 300 300 300 300 300 300 300 299.95 294.91 294.86 294.859 294.859 294.859 294.859 294.859 294.859 294.859 294.859 294.859 294.859 294.859 294.859 294.859 294.859 294.859 294.859 294.859 294.859 294.859 294.859 294.859 294.859 294.859 294.859 294.859 294.859 294.859 294.859 
305.147 305.147 305.147 305.147 305.147 305.147 305.147 305.147 305.147 305.147 305.147 305.147 305.147 305.147 305.147 305.147 305.147 305.147 305.147 305.147 305.147 305.147 305.147 305.147 305.147 305.147 305.147 305.147 305.147 305.146 305.096 300.051 300 300 300 300 300 300 300 300 300 300 300 300 300 300 300 300 300 300 300 300 300 300 300 300 300 300 300 300 300 300 300 300 300 300 300 300 300 299.949 294.901 294.851 294.851 294.851 294.851 294.851 294.851 294.851 294.851 294.851 294.851 294.851 294.851 294.851 294.851 294.851 294.851 294.851 294.851 294.851 294.851 294.851 294.851 294.851 294.851 294.851 294.851 294.851 294.851 294.851 
305.155 305.155 305.155 305.155 305.155 305.155 305.155 305.155 305.155 305.155 305.155 305.155 305.155 305.155 305.155 305.155 305.155 305.155 305.155 305.155 305.155 305.155 305.155 305.155 305.155 305.155 305.155 305.155 305.155 305.155 305.104 300.051 300 300 300 300 300 300 300 300 300 300 300 300 300 300 300 300 300 300 300 300 300 300 300 300 300 300 300 300 300 300 300 300 300 300 300 300 300 299.949 294.893 294.843 294.843 294.843 294.843 294.843 294.843 294.843 294.843 294.843 294.843 294.843 294.843 294.843 294.843 294.843 294.843 294.843 294.843 294.843 294.843 294.843 294.843 294.843 294.843 294.843 294.843 294.843 294.843 294.843 
305.163 305.163 305.163 305.163 305.163 305.163 305.163 305.163 305.163 305.163 305.163 305.163 305.163 305.163 305.163 305.163 305.163 305.163 305.163 305.163 305.163 305.163 305.163 305.163 305.163 305.163 305.163 305.163 305.163 305.163 305.112 300.051 300 300 300 300 300 300 300 300 300 300 300 300 300 300 300 300 300 300 300 300 300 300 300 300 300 300 300 300 300 300 300 300 300 300 300 300 300 299.949 294.885 294.835 294.834 294.834 294.834 294.834 294.834 294.834 294.834 294.834 294.834 294.834 294.834 294.834 294.834 294.834 294.834 294.834 294.834 294.834 294.834 294.834 294.834 294.834 294.834 294.834 294.834 294.834 294.834 294.834 
305.172 305.172 305.172 305.172 305.172 305.172 305.172 305.172 305.172 305.172 305.172 305.172 305.172 305.172 305.172 305.172 305.172 305.172 305.172 305.172 305.172 305.172 305.172 305.172 305.172 305.172 305.172 305.172 305.172 305.171 305.12 300.051 300 300 300 300 300 300 300 300 300 300 300 300 300 300 300 300 300 300 300 300 300 300 300 300 300 300 300 300 300 300 300 300 300 300 300 300 300 299.949 294.877 294.826 294.826 294.826 294.826 294.826 294.826 294.826 294.826 294.826 294.826 294.826 294.826 294.826 294.826 294.826 294.826 294.826 294.826 294.826 294.826 294.826 294.826 294.826 294.826 294.826 294.826 294.826 294.826 294.826 
305.18 305.18 305.18 305.18 305.18 305.18 305.18 305.18 305.18 305.18 305.18 305.18 305.18 305.18 305.18 305.18 305.18 305.18 305.18 305.18 305.18 305.18 305.18 305.18 305.18 305.18 305.18 305.18 305.18 305.179 305.128 300.051 300 300 300 300 300 300 300 300 300 300 300 300 300 300 300 300 300 300 300 300 300 300 300 300 300 300 300 300 300 300 300 300 300 300 300 300 300 299.949 294.869 294.818 294.818 294.818 294.818 294.818 294.818 294.818 294.818 294.818 294.818 294.818 294.818 294.818 294.818 294.818 294.818 294.818 294.818 294.818 294.818 294.818 294.818 294.818 294.818 294.818 294.818 294.818 294.818 294.818 
305.188 305.188 305.188 305.188 305.188 305.188 305.188 305.188 305.188 305.188 305.188 305.188 305.188 305.188 305.188 305.188 305.188 305.188 305.188 305.188 305.188 305.188 305.188 305.188 305.188 305.188 305.188 305.188 305.188 305.188 305.137 300.052 300 300 300 300 300 300 300 300 300 300 300 300 300 300 300 300 300 300 300 300 300 300 300 300 300 300 300 300 300 300 300 300 300 300 300 300 300 299.949 294.861 294.81 294.81 294.81 294.81 294.81 294.81 294.81 294.81 294.81 294.81 294.81 294.81 294.81 294.81 294.81 294.81 294.81 294.81 294.81 294.81 294.81 294.81 294.81 294.81 294.81 294.81 294.81 294.81 294.81 
305.196 305.196 305.196 305.196 305.196 305.196 305.196 305.196 305.196 305.196 305.196 305.196 305.196 305.196 305.196 305.196 305.196 305.196 305.196 305.196 305.196 305.196 305.196 305.196 305.196 305.196 305.196 305.196 305.196 305.196 305.145 300.052 300 300 300 300 300 300 300 300 300 300 300 300 300 300 300 300 300 300 300 300 300 300 300 300 300 300 300 300 300 300 300 300 300 300 300 300 300 299.948 294.853 294.802 294.801 294.801 294.801 294.801 294.801 294.801 294.801 294.801 294.801 294.801 294.801 294.801 294.801 294.801 294.801 294.801 294.801 294.801 294.801 294.801 294.801 294.801 294.801 294.801 294.801 294.801 294.801 294.801 
305.205 305.205 305.205 305.205 305.205 305.205 305.205 305.205 305.205 305.205 305.205 305.205 305.205 305.205 305.205 305.205 305.205 305.205 305.205 305.205 305.205 305.205 305.205 305.205 305.205 305.205 305.205 305.205 305.205 305.204 305.153 300.052 300 300 300 300 300 300 300 300 300 300 300 300 300 300 300 300 300 300 300 300 300 300 300 300 300 300 300 300 300 300 300 300 300 300 300 300 300 299.948 294.845 294.793 294.793 294.793 294.793 294.793 294.793 294.793 294.793 294.793 294.793 294.793 294.793 294.793 294.793 294.793 294.793 294.793 294.793 294.793 294.793 294.793 294.793 294.793 294.793 294.793 294.793 294.793 294.793 294.793 
305.213 305.213 305.213 305.213 305.213 305.213 305.213 305.213 305.213 305.213 305.213 305.213 305.213 305.213 305.213 305.213 305.213 305.213 305.213 305.213 305.213 305.213 305.213 305.213 305.213 305.213 305.213 305.213 305.213 305.213 305.161 300.052 300 300 300 300 300 300 300 300 300 300 300 300 300 300 300 300 300 300 300 300 300 300 300 300 300 300 300 300 300 300 300 300 300 300 300 300 300 299.948 294.837 294.785 294.785 294.785 294.785 294.785 294.785 294.785 294.785 294.785 294.785 294.785 294.785 294.785 294.785 294.785 294.785 294.785 294.785 294.785 294.785 294.785 294.785 294.785 294.785 294.785 294.785 294.785 294.785 294.785 
305.221 305.221 305.221 305.221 305.221 305.221 305.221 305.221 305.221 305.221 305.221 305.221 305.221 305.221 305.221 305.221 305.221 305.221 305.221 305.221 305.221 305.221 305.221 305.221 305.221 305.221 305.221 305.221 305.221 305.221 305.169 300.052 300 300 300 300 300 300 300 300 300 300 300 300 300 300 300 300 300 300 300 300 300 300 300 300 300 300 300 300 300 300 300 300 300 300 300 300 300 299.948 294.828 294.777 294.776 294.776 294.776 294.776 294.776 294.776 294.776 294.776 294.776 294.776 294.776 294.776 294.776 294.776 294.776 294.776 294.776 294.776 294.776 294.776 294.776 294.776 294.776 294.776 294.776 294.776 294.776 294.776 
305.229 305.229 305.229 305.229 305.229 305.229 305.229 305.229 305.229 305.229 305.229 305.229 305.229 305.229 305.229 305.229 305.229 305.229 305.229 305.229 305.229 305.229 305.229 305.229 305.229 305.229 305.229 305.229 305.229 305.229 305.177 300.052 300 300 300 300 300 300 300 300 300 300 300 300 300 300 300 300 300 300 300 300 300 300 300 300 300 300 300 300 300 300 300 300 300 300 300 300 300 299.948 294.82 294.769 294.768 294.768 294.768 294.768 294.768 294.768 294.768 294.768 294.768 294.768 294.768 294.768 294.768 294.768 294.768 294.768 294.768 294.768 294.768 294.768 294.768 294.768 294.768 294.768 294.768 294.768 294.768 294.768 
305.238 305.238 305.238 305.238 305.238 305.238 305.238 305.238 305.238 305.238 305.238 305.238 305.238 305.238 305.238 305.238 305.238 305.238 305.238 305.238 305.238 305.238 305.238 305.238 305.238 305.238 305.238 305.238 305.238 305.237 305.185 300.053 300 300 300 300 300 300 300 300 300 300 300 300 300 300 300 300 300 300 300 300 300 300 300 300 300 300 300 300 300 300 300 300 300 300 300 300 300 299.948 294.812 294.76 294.76 294.76 294.76 294.76 294.76 294.76 294.76 294.76 294.76 294.76 294.76 294.76 294.76 294.76 294.76 294.76 294.76 294.76 294.76 294.76 294.76 294.76 294.76 294.76 294.76 294.76 294.76 294.76 
305.246 305.246 305.246 305.246 305.246 305.246 305.246 305.246 305.246 305.246 305.246 305.246 305.246 305.246 305.246 305.246 305.246 305.246 305.246 305.246 305.246 305.246 305.246 305.246 305.246 305.246 305.246 305.246 305.246 305.246 305.193 300.053 300 300 300 300 300 300 300 300 300 300 300 300 300 300 300 300 300 300 300 300 300 300 300 300 300 300 300 300 300 300 300 300 300 300 300 300 300 299.948 294.804 294.752 294.752 294.752 294.752 294.752 294.752 294.752 294.752 294.752 294.752 294.752 294.752 294.752 294.752 294.752 294.752 294.752 294.752 294.752 294.752 294.752 294.752 294.752 294.752 294.752 294.752 294.752 294.752 294.752 
305.254 305.254 305.254 305.254 305.254 305.254 305.254 305.254 305.254 305.254 305.254 305.254 305.254 305.254 305.254 305.254 305.254 305.254 305.254 305.254 305.254 305.254 305.254 305.254 305.254 305.254 305.254 305.254 305.254 305.254 305.201 300.053 300 300 300 300 300 300 300 300 300 300 300 300 300 300 300 300 300 300 300 300 300 300 300 300 300 300 300 300 300 300 300 300 300 300 300 300 300 299.947 294.796 294.744 294.743 294.743 294.743 294.743 294.743 294.743 294.743 294.743 294.743 294.743 294.743 294.743 294.743 294.743 294.743 294.743 294.743 294.743 294.743 294.743 294.743 294.743 294.743 294.743 294.743 294.743 294.743 294.743 
305.263 305.263 305.263 305.263 305.263 305.263 305.263 305.263 305.263 305.263 305.263 305.263 305.263 305.263 305.263 305.263 305.263 305.263 305.263 305.263 305.263 305.263 305.263 305.263 305.263 305.263 305.263 305.263 305.263 305.262 305.21 300.053 300 300 300 300 300 300 300 300 300 300 300 300 300 300 300 300 300 300 300 300 300 300 300 300 300 300 300 300 300 300 300 300 300 300 300 300 300 299.947 294.788 294.735 294.735 294.735 294.735 294.735 294.735 294.735 294.735 294.735 294.735 294.735 294.735 294.735 294.735 294.735 294.735 294.735 294.735 294.735 294.735 294.735 294.735 294.735 294.735 294.735 294.735 294.735 294.735 294.735 
305.271 305.271 305.271 305.271 305.271 305.271 305.271 305.271 305.271 305.271 305.271 305.271 305.271 305.271 305.271 305.271 305.271 305.271 305.271 305.271 305.271 305.271 305.271 305.271 305.271 305.271 305.271 305.271 305.271 305.27 305.218 300.053 300 300 300 300 300 300 300 300 300 300 300 300 300 300 300 300 300 300 300 300 300 300 300 300 300 300 300 300 300 300 300 300 300 300 300 300 300 299.947 294.78 294.727 294.727 294.727 294.727 294.727 294.727 294.727 294.727 294.727 294.727 294.727 294.727 294.727 294.727 294.727 294.727 294.727 294.727 294.727 294.727 294.727 294.727 294.727 294.727 294.727 294.727 294.727 294.727 294.727 
305.279 305.279 305.279 305.279 305.279 305.279 305.279 305.279 305.279 305.279 305.279 305.279 305.279 305.279 305.279 305.279 305.279 305.279 305.279 305.279 305.279 305.279 305.279 305.279 305.279 305.279 305.279 305.279 305.279 305.279 305.226 300.053 300 300 300 300 300 300 300 300 300 300 300 300 300 300 300 300 300 300 300 300 300 300 300 300 300 300 300 300 300 300 300 300 300 300 300 300 300 299.947 294.772 294.719 294.718 294.718 294.718 294.718 294.718 294.718 294.718 294.718 294.718 294.718 294.718 294.718 294.718 294.718 294.718 294.718 294.718 294.718 294.718 294.718 294.718 294.718 294.718 294.718 294.718 294.718 294.718 294.718 
305.287 305.287 305.287 305.287 305.287 305.287 305.287 305.287 305.287 305.287 305.287 305.287 305.287 305.287 305.287 305.287 305.287 305.287 305.287 305.287 305.287 305.287 305.287 305.287 305.287 305.287 305.287 305.287 305.287 305.287 305.234 300.054 300 300 300 300 300 300 300 300 300 300 300 300 300 300 300 300 300 300 300 300 300 300 300 300 300 300 300 300 300 300 300 300 300 300 300 300 300 299.947 294.764 294.711 294.71 294.71 294.71 294.71 294.71 294.71 294.71 294.71 294.71 294.71 294.71 294.71 294.71 294.71 294.71 294.71 294.71 294.71 294.71 294.71 294.71 294.71 294.71 294.71 294.71 294.71 294.71 294.71 
305.296 305.296 305.296 305.296 305.296 305.296 305.296 305.296 305.296 305.296 305.296 305.296 305.296 305.296 305.296 305.296 305.296 305.296 305.296 305.296 305.296 305.296 305.296 305.296 305.296 305.296 305.296 305.296 305.296 305.295 305.242 300.054 300 300 300 300 300 300 300 300 300 300 300 300 300 300 300 300 300 300 300 300 300 300 300 300 300 300 300 300 300 300 300 300 300 300 300 300 300 299.947 294.755 294.702 294.702 294.702 294.702 294.702 294.702 294.702 294.702 294.702 294.702 294.702 294.702 294.702 294.702 294.702 294.702 294.702 294.702 294.702 294.702 294.702 294.702 294.702 294.702 294.702 294.702 294.702 294.702 294.702 
305.304 305.304 305.304 305.304 305.304 305.304 305.304 305.304 305.304 305.304 305.304 305.304 305.304 305.304 305.304 305.304 305.304 305.304 305.304 305.304 305.304 305.304 305.304 305.304 305.304 305.304 305.304 305.304 305.304 305.303 305.25 300.054 300 300 300 300 300 300 300 300 300 300 300 300 300 300 300 300 300 300 300 300 300 300 300 300 300 300 300 300 300 300 300 300 300 300 300 300 300 299.946 294.747 294.694 294.694 294.694 294.694 294.694 294.694 294.694 294.694 294.694 294.694 294.694 294.694 294.694 294.694 294.694 294.694 294.694 294.694 294.694 294.694 294.694 294.694 294.694 294.694 294.694 294.694 294.694 294.694 294.694 
305.312 305.312 305.312 305.312 305.312 305.312 305.312 305.312 305.312 305.312 305.312 305.312 305.312 305.312 305.312 305.312 305.312 305.312 305.312 305.312 305.312 305.312 305.312 305.312 305.312 305.312 305.312 305.312 305.312 305.312 305.258 300.054 300 300 300 300 300 300 300 300 300 300 300 300 300 300 300 300 300 300 300 300 300 300 300 300 300 300 300 300 300 300 300 300 300 300 300 300 300 299.946 294.739 294.686 294.685 294.685 294.685 294.685 294.685 294.685 294.685 294.685 294.685 294.685 294.685 294.685 294.685 294.685 294.685 294.685 294.685 294.685 294.685 294.685 294.685 294.685 294.685 294.685 294.685 294.685 294.685 294.685 
305.32 305.32 305.32 305.32 305.32 305.32 305.32 305.32 305.32 305.32 305.32 305.32 305.32 305.32 305.32 305.32 305.32 305.32 305.32 305.32 305.32 305.32 305.32 305.32 305.32 305.32 305.32 305.32 305.32 305.32 305.266 300.054 300 300 300 300 300 300 300 300 300 300 300 300 300 300 300 300 300 300 300 300 300 300 300 300 300 300 300 300 300 300 300 300 300 300 300 300 300 299.946 294.731 294.677 294.677 294.677 294.677 294.677 294.677 294.677 294.677 294.677 294.677 294.677 294.677 294.677 294.677 294.677 294.677 294.677 294.677 294.677 294.677 294.677 294.677 294.677 294.677 294.677 294.677 294.677 294.677 294.677 
305.329 305.329 305.329 305.329 305.329 305.329 305.329 305.329 305.329 305.329 305.329 305.329 305.329 305.329 305.329 305.329 305.329 305.329 305.329 305.329 305.329 305.329 305.329 305.329 305.329 305.329 305.329 305.329 305.329 305.328 305.274 300.054 300 300 300 300 300 300 300 300 300 300 300 300 300 300 300 300 300 300 300 300 300 300 300 300 300 300 300 300 300 300 300 300 300 300 300 300 300 299.946 294.723 294.669 294.669 294.669 294.669 294.669 294.669 294.669 294.669 294.669 294.669 294.669 294.669 294.669 294.669 294.669 294.669 294.669 294.669 294.669 294.669 294.669 294.669 294.669 294.669 294.669 294.669 294.669 294.669 294.669 
305.337 305.337 305.337 305.337 305.337 305.337 305.337 305.337 305.337 305.337 305.337 305.337 305.337 305.337 305.337 305.337 305.337 305.337 305.337 305.337 305.337 305.337 305.337 305.337 305.337 305.337 305.337 305.337 305.337 305.337 305.282 300.055 300 300 300 300 300 300 300 300 300 300 300 300 300 300 300 300 300 300 300 300 300 300 300 300 300 300 300 300 300 300 300 300 300 300 300 300 300 299.946 294.715 294.661 294.661 294.661 294.661 294.661 294.661 294.661 294.661 294.661 294.661 294.661 294.661 294.661 294.661 294.661 294.661 294.661 294.661 294.661 294.661 294.661 294.661 294.661 294.661 294.661 294.661 294.661 294.661 294.661 
305.345 305.345 305.345 305.345 305.345 305.345 305.345 305.345 305.345 305.345 305.345 305.345 305.345 305.345 305.345 305.345 305.345 305.345 305.345 305.345 305.345 305.345 305.345 305.345 305.345 305.345 305.345 305.345 305.345 305.345 305.291 300.055 300 300 300 300 300 300 300 300 300 300 300 300 300 300 300 300 300 300 300 300 300 300 300 300 300 300 300 300 300 300 300 300 300 300 300 300 300 299.946 294.707 294.653 294.652 294.652 294.652 294.652 294.652 294.652 294.652 294.652 294.652 294.652 294.652 294.652 294.652 294.652 294.652 294.652 294.652 294.652 294.652 294.652 294.652 294.652 294.652 294.652 294.652 294.652 294.652 294.652 
305.353 305.353 305.353 305.353 305.353 305.353 305.353 305.353 305.353 305.353 305.353 305.353 305.353 305.353 305.353 305.353 305.353 305.353 305.353 305.353 305.353 305.353 305.353 305.353 305.353 305.353 305.353 305.353 305.353 305.353 305.299 300.055 300 300 300 300 300 300 300 300 300 300 300 300 300 300 300 300 300 300 300 300 300 300 300 300 300 300 300 300 300 300 300 300 300 300 300 300 300 299.945 294.699 294.644 294.644 294.644 294.644 294.644 294.644 294.644 294.644 294.644 294.644 294.644 294.644 294.644 294.644 294.644 294.644 294.644 294.644 294.644 294.644 294.644 294.644 294.644 294.644 294.644 294.644 294.644 294.644 294.644 
305.362 305.362 305.362 305.362 305.362 305.362 305.362 305.362 305.362 305.362 305.362 305.362 305.362 305.362 305.362 305.362 305.362 305.362 305.362 305.362 305.362 305.362 305.362 305.362 305.362 305.362 305.362 305.362 305.362 305.361 305.307 300.055 300 300 300 300 300 300 300 300 300 300 300 300 300 300 300 300 300 300 300 300 300 300 300 300 300 300 300 300 300 300 300 300 300 300 300 300 300 299.945 294.691 294.636 294.636 294.636 294.636 294.636 294.636 294.636 294.636 294.636 294.636 294.636 294.636 294.636 294.636 294.636 294.636 294.636 294.636 294.636 294.636 294.636 294.636 294.636 294.636 294.636 294.636 294.636 294.636 294.636 
305.37 305.37 305.37 305.37 305.37 305.37 305.37 305.37 305.37 305.37 305.37 305.37 305.37 305.37 305.37 305.37 305.37 305.37 305.37 305.37 305.37 305.37 305.37 305.37 305.37 305.37 305.37 305.37 305.37 305.37 305.315 300.055 300 300 300 300 300 300 300 300 300 300 300 300 300 300 300 300 300 300 300 300 300 300 300 300 300 300 300 300 300 300 300 300 300 300 300 300 300 299.945 294.682 294.628 294.627 294.627 294.627 294.627 294.627 294.627 294.627 294.627 294.627 294.627 294.627 294.627 294.627 294.627 294.627 294.627 294.627 294.627 294.627 294.627 294.627 294.627 294.627 294.627 294.627 294.627 294.627 294.627 
305.378 305.378 305.378 305.378 305.378 305.378 305.378 305.378 305.378 305.378 305.378 305.378 305.378 305.378 305.378 305.378 305.378 305.378 305.378 305.378 305.378 305.378 305.378 305.378 305.378 305.378 305.378 305.378 305.378 305.378 305.323 300.055 300 300 300 300 300 300 300 300 300 300 300 300 300 300 300 300 300 300 300 300 300 300 300 300 300 300 300 300 300 300 300 300 300 300 300 300 300 299.945 294.674 294.62 294.619 294.619 294.619 294.619 294.619 294.619 294.619 294.619 294.619 294.619 294.619 294.619 294.619 294.619 294.619 294.619 294.619 294.619 294.619 294.619 294.619 294.619 294.619 294.619 294.619 294.619 294.619 294.619 
305.387 305.387 305.387 305.387 305.387 305.387 305.387 305.387 305.387 305.387 305.387 305.387 305.387 305.387 305.387 305.387 305.387 305.387 305.387 305.387 305.387 305.387 305.387 305.387 305.387 305.387 305.387 305.387 305.387 305.386 305.331 300.056 300 300 300 300 300 300 300 300 300 300 300 300 300 300 300 300 300 300 300 300 300 300 300 300 300 300 300 300 300 300 300 300 300 300 300 300 300 299.945 294.666 294.611 294.611 294.611 294.611 294.611 294.611 294.611 294.611 294.611 294.611 294.611 294.611 294.611 294.611 294.611 294.611 294.611 294.611 294.611 294.611 294.611 294.611 294.611 294.611 294.611 294.611 294.611 294.611 294.611 
305.395 305.395 305.395 305.395 305.395 305.395 305.395 305.395 305.395 305.395 305.395 305.395 305.395 305.395 305.395 305.395 305.395 305.395 305.395 305.395 305.395 305.395 305.395 305.395 305.395 305.395 305.395 305.395 305.395 305.394 305.339 300.056 300 300 300 300 300 300 300 300 300 300 300 300 300 300 300 300 300 300 300 300 300 300 300 300 300 300 300 300 300 300 300 300 300 300 300 300 300 299.945 294.658 294.603 294.603 294.603 294.603 294.603 294.603 294.603 294.603 294.603 294.603 294.603 294.603 294.603 294.603 294.603 294.603 294.603 294.603 294.603 294.603 294.603 294.603 294.603 294.603 294.603 294.603 294.603 294.603 294.603 
305.403 305.403 305.403 305.403 305.403 305.403 305.403 305.403 305.403 305.403 305.403 305.403 305.403 305.403 305.403 305.403 305.403 305.403 305.403 305.403 305.403 305.403 305.403 305.403 305.403 305.403 305.403 305.403 305.403 305.403 305.347 300.056 300 300 300 300 300 300 300 300 300 300 300 300 300 300 300 300 300 300 300 300 300 300 300 300 300 300 300 300 300 300 300 300 300 300 300 300 300 299.944 294.65 294.595 294.594 294.594 294.594 294.594 294.594 294.594 294.594 294.594 294.594 294.594 294.594 294.594 294.594 294.594 294.594 294.594 294.594 294.594 294.594 294.594 294.594 294.594 294.594 294.594 294.594 294.594 294.594 294.594 
305.411 305.411 305.411 305.411 305.411 305.411 305.411 305.411 305.411 305.411 305.411 305.411 305.411 305.411 305.411 305.411 305.411 305.411 305.411 305.411 305.411 305.411 305.411 305.411 305.411 305.411 305.411 305.411 305.411 305.411 305.355 300.056 300 300 300 300 300 300 300 300 300 300 300 300 300 300 300 300 300 300 300 300 300 300 300 300 300 300 300 300 300 300 300 300 300 300 300 300 300 299.944 294.642 294.586 294.586 294.586 294.586 294.586 294.586 294.586 294.586 294.586 294.586 294.586 294.586 294.586 294.586 294.586 294.586 294.586 294.586 294.586 294.586 294.586 294.586 294.586 294.586 294.586 294.586 294.586 294.586 294.586 
305.42 305.42 305.42 305.42 305.42 305.42 305.42 305.42 305.42 305.42 305.42 305.42 305.42 305.42 305.42 305.42 305.42 305.42 305.42 305.42 305.42 305.42 305.42 305.42 305.42 305.42 305.42 305.42 305.42 305.419 305.363 300.056 300 300 300 300 300 300 300 300 300 300 300 300 300 300 300 300 300 300 300 300 300 300 300 300 300 300 300 300 300 300 300 300 300 300 300 300 300 299.944 294.634 294.578 294.578 294.578 294.578 294.578 294.578 294.578 294.578 294.578 294.578 294.578 294.578 294.578 294.578 294.578 294.578 294.578 294.578 294.578 294.578 294.578 294.578 294.578 294.578 294.578 294.578 294.578 294.578 294.578 
305.428 305.428 305.428 305.428 305.428 305.428 305.428 305.428 305.428 305.428 305.428 305.428 305.428 305.428 305.428 305.428 305.428 305.428 305.428 305.428 305.428 305.428 305.428 305.428 305.428 305.428 305.428 305.428 305.428 305.427 305.372 300.056 300 300 300 300 300 300 300 300 300 300 300 300 300 300 300 300 300 300 300 300 300 300 300 300 300 300 300 300 300 300 300 300 300 300 300 300 300 299.944 294.626 294.57 294.569 294.569 294.569 294.569 294.569 294.569 294.569 294.569 294.569 294.569 294.569 294.569 294.569 294.569 294.569 294.569 294.569 294.569 294.569 294.569 294.569 294.569 294.569 294.569 294.569 294.569 294.569 294.569 
305.436 305.436 305.436 305.436 305.436 305.436 305.436 305.436 305.436 305.436 305.436 305.436 305.436 305.436 305.436 305.436 305.436 305.436 305.436 305.436 305.436 305.436 305.436 305.436 305.436 305.436 305.436 305.436 305.436 305.436 305.38 300.057 300 300 300 300 300 300 300 300 300 300 300 300 300 300 300 300 300 300 300 300 300 300 300 300 300 300 300 300 300 300 300 300 300 300 300 300 300 299.944 294.618 294.562 294.561 294.561 294.561 294.561 294.561 294.561 294.561 294.561 294.561 294.561 294.561 294.561 294.561 294.561 294.561 294.561 294.561 294.561 294.561 294.561 294.561 294.561 294.561 294.561 294.561 294.561 294.561 294.561 
305.444 305.444 305.444 305.444 305.444 305.444 305.444 305.444 305.444 305.444 305.444 305.444 305.444 305.444 305.444 305.444 305.444 305.444 305.444 305.444 305.444 305.444 305.444 305.444 305.444 305.444 305.444 305.444 305.444 305.444 305.388 300.057 300 300 300 300 300 300 300 300 300 300 300 300 300 300 300 300 300 300 300 300 300 300 300 300 300 300 300 300 300 300 300 300 300 300 300 300 300 299.944 294.609 294.553 294.553 294.553 294.553 294.553 294.553 294.553 294.553 294.553 294.553 294.553 294.553 294.553 294.553 294.553 294.553 294.553 294.553 294.553 294.553 294.553 294.553 294.553 294.553 294.553 294.553 294.553 294.553 294.553 
305.453 305.453 305.453 305.453 305.453 305.453 305.453 305.453 305.453 305.453 305.453 305.453 305.453 305.453 305.453 305.453 305.453 305.453 305.453 305.453 305.453 305.453 305.453 305.453 305.453 305.453 305.453 305.453 305.453 305.452 305.396 300.057 300 300 300 300 300 300 300 300 300 300 300 300 300 300 300 300 300 300 300 300 300 300 300 300 300 300 300 300 300 300 300 300 300 300 300 300 300 299.943 294.601 294.545 294.545 294.545 294.545 294.545 294.545 294.545 294.545 294.545 294.545 294.545 294.545 294.545 294.545 294.545 294.545 294.545 294.545 294.545 294.545 294.545 294.545 294.545 294.545 294.545 294.545 294.545 294.545 294.545 
305.461 305.461 305.461 305.461 305.461 305.461 305.461 305.461 305.461 305.461 305.461 305.461 305.461 305.461 305.461 305.461 305.461 305.461 305.461 305.461 305.461 305.461 305.461 305.461 305.461 305.461 305.461 305.461 305.461 305.461 305.404 300.057 300 300 300 300 300 300 300 300 300 300 300 300 300 300 300 300 300 300 300 300 300 300 300 300 300 300 300 300 300 300 300 300 300 300 300 300 300 299.943 294.593 294.537 294.536 294.536 294.536 294.536 294.536 294.536 294.536 294.536 294.536 294.536 294.536 294.536 294.536 294.536 294.536 294.536 294.536 294.536 294.536 294.536 294.536 294.536 294.536 294.536 294.536 294.536 294.536 294.536 
305.469 305.469 305.469 305.469 305.469 305.469 305.469 305.469 305.469 305.469 305.469 305.469 305.469 305.469 305.469 305.469 305.469 305.469 305.469 305.469 305.469 305.469 305.469 305.469 305.469 305.469 305.469 305.469 305.469 305.469 305.412 300.057 300 300 300 300 300 300 300 300 300 300 300 300 300 300 300 300 300 300 300 300 300 300 300 300 300 300 300 300 300 300 300 300 300 300 300 300 300 299.943 294.585 294.529 294.528 294.528 294.528 294.528 294.528 294.528 294.528 294.528 294.528 294.528 294.528 294.528 294.528 294.528 294.528 294.528 294.528 294.528 294.528 294.528 294.528 294.528 294.528 294.528 294.528 294.528 294.528 294.528 
305.478 305.478 305.478 305.478 305.478 305.478 305.478 305.478 305.478 305.478 305.478 305.478 305.478 305.478 305.478 305.478 305.478 305.478 305.478 305.478 305.478 305.478 305.478 305.478 305.478 305.478 305.478 305.478 305.478 305.477 305.42 300.057 300 300 300 300 300 300 300 300 300 300 300 300 300 300 300 300 300 300 300 300 300 300 300 300 300 300 300 300 300 300 300 300 300 300 300 300 300 299.943 294.577 294.52 294.52 294.52 294.52 294.52 294.52 294.52 294.52 294.52 294.52 294.52 294.52 294.52 294.52 294.52 294.52 294.52 294.52 294.52 294.52 294.52 294.52 294.52 294.52 294.52 294.52 294.52 294.52 294.52 
305.486 305.486 305.486 305.486 305.486 305.486 305.486 305.486 305.486 305.486 305.486 305.486 305.486 305.486 305.486 305.486 305.486 305.486 305.486 305.486 305.486 305.486 305.486 305.486 305.486 305.486 305.486 305.486 305.486 305.485 305.428 300.058 300 300 300 300 300 300 300 300 300 300 300 300 300 300 300 300 300 300 300 300 300 300 300 300 300 300 300 300 300 300 300 300 300 300 300 300 300 299.943 294.569 294.512 294.512 294.512 294.512 294.512 294.512 294.512 294.512 294.512 294.512 294.512 294.512 294.512 294.512 294.512 294.512 294.512 294.512 294.512 294.512 294.512 294.512 294.512 294.512 294.512 294.512 294.512 294.512 294.512 
305.494 305.494 305.494 305.494 305.494 305.494 305.494 305.494 305.494 305.494 305.494 305.494 305.494 305.494 305.494 305.494 305.494 305.494 305.494 305.494 305.494 305.494 305.494 305.494 305.494 305.494 305.494 305.494 305.494 305.494 305.436 300.058 300 300 300 300 300 300 300 300 300 300 300 300 300 300 300 300 300 300 300 300 300 300 300 300 300 300 300 300 300 300 300 300 300 300 300 300 300 299.942 294.561 294.504 294.503 294.503 294.503 294.503 294.503 294.503 294.503 294.503 294.503 294.503 294.503 294.503 294.503 294.503 294.503 294.503 294.503 294.503 294.503 294.503 294.503 294.503 294.503 294.503 294.503 294.503 294.503 294.503 
305.502 305.502 305.502 305.502 305.502 305.502 305.502 305.502 305.502 305.502 305.502 305.502 305.502 305.502 305.502 305.502 305.502 305.502 305.502 305.502 305.502 305.502 305.502 305.502 305.502 305.502 305.502 305.502 305.502 305.502 305.444 300.058 300 300 300 300 300 300 300 300 300 300 300 300 300 300 300 300 300 300 300 300 300 300 300 300 300 300 300 300 300 300 300 300 300 300 300 300 300 299.942 294.553 294.495 294.495 294.495 294.495 294.495 294.495 294.495 294.495 294.495 294.495 294.495 294.495 294.495 294.495 294.495 294.495 294.495 294.495 294.495 294.495 294.495 294.495 294.495 294.495 294.495 294.495 294.495 294.495 294.495 
305.511 305.511 305.511 305.511 305.511 305.511 305.511 305.511 305.511 305.511 305.511 305.511 305.511 305.511 305.511 305.511 305.511 305.511 305.511 305.511 305.511 305.511 305.511 305.511 305.511 305.511 305.511 305.511 305.511 305.51 305.453 300.058 300 300 300 300 300 300 300 300 300 300 300 300 300 300 300 300 300 300 300 300 300 300 300 300 300 300 300 300 300 300 300 300 300 300 300 300 300 299.942 294.545 294.487 294.487 294.487 294.487 294.487 294.487 294.487 294.487 294.487 294.487 294.487 294.487 294.487 294.487 294.487 294.487 294.487 294.487 294.487 294.487 294.487 294.487 294.487 294.487 294.487 294.487 294.487 294.487 294.487 
305.519 305.519 305.519 305.519 305.519 305.519 305.519 305.519 305.519 305.519 305.519 305.519 305.519 305.519 305.519 305.519 305.519 305.519 305.519 305.519 305.519 305.519 305.519 305.519 305.519 305.519 305.519 305.519 305.519 305.518 305.461 300.058 300 300 300 300 300 300 300 300 300 300 300 300 300 300 300 300 300 300 300 300 300 300 300 300 300 300 300 300 300 300 300 300 300 300 300 300 300 299.942 294.536 294.479 294.478 294.478 294.478 294.478 294.478 294.478 294.478 294.478 294.478 294.478 294.478 294.478 294.478 294.478 294.478 294.478 294.478 294.478 294.478 294.478 294.478 294.478 294.478 294.478 294.478 294.478 294.478 294.478 
305.527 305.527 305.527 305.527 305.527 305.527 305.527 305.527 305.527 305.527 305.527 305.527 305.527 305.527 305.527 305.527 305.527 305.527 305.527 305.527 305.527 305.527 305.527 305.527 305.527 305.527 305.527 305.527 305.527 305.527 305.469 300.058 300 300 300 300 300 300 300 300 300 300 300 300 300 300 300 300 300 300 300 300 300 300 300 300 300 300 300 300 300 300 300 300 300 300 300 300 300 299.942 294.528 294.471 294.47 294.47 294.47 294.47 294.47 294.47 294.47 294.47 294.47 294.47 294.47 294.47 294.47 294.47 294.47 294.47 294.47 294.47 294.47 294.47 294.47 294.47 294.47 294.47 294.47 294.47 294.47 294.47 
305.535 305.535 305.535 305.535 305.535 305.535 305.535 305.535 305.535 305.535 305.535 305.535 305.535 305.535 305.535 305.535 305.535 305.535 305.535 305.535 305.535 305.535 305.535 305.535 305.535 305.535 305.535 305.535 305.535 305.535 305.477 300.059 300 300 300 300 300 300 300 300 300 300 300 300 300 300 300 300 300 300 300 300 300 300 300 300 300 300 300 300 300 300 300 300 300 300 300 300 300 299.942 294.52 294.462 294.462 294.462 294.462 294.462 294.462 294.462 294.462 294.462 294.462 294.462 294.462 294.462 294.462 294.462 294.462 294.462 294.462 294.462 294.462 294.462 294.462 294.462 294.462 294.462 294.462 294.462 294.462 294.462 
305.544 305.544 305.544 305.544 305.544 305.544 305.544 305.544 305.544 305.544 305.544 305.544 305.544 305.544 305.544 305.544 305.544 305.544 305.544 305.544 305.544 305.544 305.544 305.544 305.544 305.544 305.544 305.544 305.544 305.543 305.485 300.059 300 300 300 300 300 300 300 300 300 300 300 300 300 300 300 300 300 300 300 300 300 300 300 300 300 300 300 300 300 300 300 300 300 300 300 300 300 299.941 294.512 294.454 294.454 294.454 294.454 294.454 294.454 294.454 294.454 294.454 294.454 294.454 294.454 294.454 294.454 294.454 294.454 294.454 294.454 294.454 294.454 294.454 294.454 294.454 294.454 294.454 294.454 294.454 294.454 294.454 
305.552 305.552 305.552 305.552 305.552 305.552 305.552 305.552 305.552 305.552 305.552 305.552 305.552 305.552 305.552 305.552 305.552 305.552 305.552 305.552 305.552 305.552 305.552 305.552 305.552 305.552 305.552 305.552 305.552 305.552 305.493 300.059 300 300 300 300 300 300 300 300 300 300 300 300 300 300 300 300 300 300 300 300 300 300 300 300 300 300 300 300 300 300 300 300 300 300 300 300 300 299.941 294.504 294.446 294.445 294.445 294.445 294.445 294.445 294.445 294.445 294.445 294.445 294.445 294.445 294.445 294.445 294.445 294.445 294.445 294.445 294.445 294.445 294.445 294.445 294.445 294.445 294.445 294.445 294.445 294.445 294.445 
305.56 305.56 305.56 305.56 305.56 305.56 305.56 305.56 305.56 305.56 305.56 305.56 305.56 305.56 305.56 305.56 305.56 305.56 305.56 305.56 305.56 305.56 305.56 305.56 305.56 305.56 305.56 305.56 305.56 305.56 305.501 300.059 300 300 300 300 300 300 300 300 300 300 300 300 300 300 300 300 300 300 300 300 300 300 300 300 300 300 300 300 300 300 300 300 300 300 300 300 300 299.941 294.496 294.437 294.437 294.437 294.437 294.437 294.437 294.437 294.437 294.437 294.437 294.437 294.437 294.437 294.437 294.437 294.437 294.437 294.437 294.437 294.437 294.437 294.437 294.437 294.437 294.437 294.437 294.437 294.437 294.437 
305.568 305.568 305.568 305.568 305.568 305.568 305.568 305.568 305.568 305.568 305.568 305.568 305.568 305.568 305.568 305.568 305.568 305.568 305.568 305.568 305.568 305.568 305.568 305.568 305.568 305.568 305.568 305.568 305.568 305.568 305.509 300.059 300 300 300 300 300 300 300 300 300 300 300 300 300 300 300 300 300 300 300 300 300 300 300 300 300 300 300 300 300 300 300 300 300 300 300 300 300 299.941 294.488 294.429 294.429 294.429 294.429 294.429 294.429 294.429 294.429 294.429 294.429 294.429 294.429 294.429 294.429 294.429 294.429 294.429 294.429 294.429 294.429 294.429 294.429 294.429 294.429 294.429 294.429 294.429 294.429 294.429 
305.577 305.577 305.577 305.577 305.577 305.577 305.577 305.577 305.577 305.577 305.577 305.577 305.577 305.577 305.577 305.577 305.577 305.577 305.577 305.577 305.577 305.577 305.577 305.577 305.577 305.577 305.577 305.577 305.577 305.576 305.517 300.059 300 300 300 300 300 300 300 300 300 300 300 300 300 300 300 300 300 300 300 300 300 300 300 300 300 300 300 300 300 300 300 300 300 300 300 300 300 299.941 294.48 294.421 294.421 294.421 294.421 294.421 294.421 294.421 294.421 294.421 294.421 294.421 294.421 294.421 294.421 294.421 294.421 294.421 294.421 294.421 294.421 294.421 294.421 294.421 294.421 294.421 294.421 294.421 294.421 294.421 
305.585 305.585 305.585 305.585 305.585 305.585 305.585 305.585 305.585 305.585 305.585 305.585 305.585 305.585 305.585 305.585 305.585 305.585 305.585 305.585 305.585 305.585 305.585 305.585 305.585 305.585 305.585 305.585 305.585 305.585 305.525 300.06 300 300 300 300 300 300 300 300 300 300 300 300 300 300 300 300 300 300 300 300 300 300 300 300 300 300 300 300 300 300 300 300 300 300 300 300 300 299.941 294.472 294.413 294.412 294.412 294.412 294.412 294.412 294.412 294.412 294.412 294.412 294.412 294.412 294.412 294.412 294.412 294.412 294.412 294.412 294.412 294.412 294.412 294.412 294.412 294.412 294.412 294.412 294.412 294.412 294.412 
305.593 305.593 305.593 305.593 305.593 305.593 305.593 305.593 305.593 305.593 305.593 305.593 305.593 305.593 305.593 305.593 305.593 305.593 305.593 305.593 305.593 305.593 305.593 305.593 305.593 305.593 305.593 305.593 305.593 305.593 305.534 300.06 300 300 300 300 300 300 300 300 300 300 300 300 300 300 300 300 300 300 300 300 300 300 300 300 300 300 300 300 300 300 300 300 300 300 300 300 300 299.94 294.464 294.404 294.404 294.404 294.404 294.404 294.404 294.404 294.404 294.404 294.404 294.404 294.404 294.404 294.404 294.404 294.404 294.404 294.404 294.404 294.404 294.404 294.404 294.404 294.404 294.404 294.404 294.404 294.404 294.404 
305.602 305.602 305.602 305.602 305.602 305.602 305.602 305.602 305.602 305.602 305.602 305.602 305.602 305.602 305.602 305.602 305.602 305.602 305.602 305.602 305.602 305.602 305.602 305.602 305.602 305.602 305.602 305.602 305.602 305.601 305.542 300.06 300 300 300 300 300 300 300 300 300 300 300 300 300 300 300 300 300 300 300 300 300 300 300 300 300 300 300 300 300 300 300 300 300 300 300 300 300 299.94 294.455 294.396 294.396 294.396 294.396 294.396 294.396 294.396 294.396 294.396 294.396 294.396 294.396 294.396 294.396 294.396 294.396 294.396 294.396 294.396 294.396 294.396 294.396 294.396 294.396 294.396 294.396 294.396 294.396 294.396 
305.61 305.61 305.61 305.61 305.61 305.61 305.61 305.61 305.61 305.61 305.61 305.61 305.61 305.61 305.61 305.61 305.61 305.61 305.61 305.61 305.61 305.61 305.61 305.61 305.61 305.61 305.61 305.61 305.61 305.609 305.55 300.06 300 300 300 300 300 300 300 300 300 300 300 300 300 300 300 300 300 300 300 300 300 300 300 300 300 300 300 300 300 300 300 300 300 300 300 300 300 299.94 294.447 294.388 294.387 294.387 294.387 294.387 294.387 294.387 294.387 294.387 294.387 294.387 294.387 294.387 294.387 294.387 294.387 294.387 294.387 294.387 294.387 294.387 294.387 294.387 294.387 294.387 294.387 294.387 294.387 294.387 
305.618 305.618 305.618 305.618 305.618 305.618 305.618 305.618 305.618 305.618 305.618 305.618 305.618 305.618 305.618 305.618 305.618 305.618 305.618 305.618 305.618 305.618 305.618 305.618 305.618 305.618 305.618 305.618 305.618 305.618 305.558 300.06 300 300 300 300 300 300 300 300 300 300 300 300 300 300 300 300 300 300 300 300 300 300 300 300 300 300 300 300 300 300 300 300 300 300 300 300 300 299.94 294.439 294.38 294.379 294.379 294.379 294.379 294.379 294.379 294.379 294.379 294.379 294.379 294.379 294.379 294.379 294.379 294.379 294.379 294.379 294.379 294.379 294.379 294.379 294.379 294.379 294.379 294.379 294.379 294.379 294.379 
305.626 305.626 305.626 305.626 305.626 305.626 305.626 305.626 305.626 305.626 305.626 305.626 305.626 305.626 305.626 305.626 305.626 305.626 305.626 305.626 305.626 305.626 305.626 305.626 305.626 305.626 305.626 305.626 305.626 305.626 305.566 300.061 300 300 300 300 300 300 300 300 300 300 300 300 300 300 300 300 300 300 300 300 300 300 300 300 300 300 300 300 300 300 300 300 300 300 300 300 300 299.94 294.431 294.371 294.371 294.371 294.371 294.371 294.371 294.371 294.371 294.371 294.371 294.371 294.371 294.371 294.371 294.371 294.371 294.371 294.371 294.371 294.371 294.371 294.371 294.371 294.371 294.371 294.371 294.371 294.371 294.371 
305.635 305.635 305.635 305.635 305.635 305.635 305.635 305.635 305.635 305.635 305.635 305.635 305.635 305.635 305.635 305.635 305.635 305.635 305.635 305.635 305.635 305.635 305.635 305.635 305.635 305.635 305.635 305.635 305.635 305.634 305.574 300.061 300 300 300 300 300 300 300 300 300 300 300 300 300 300 300 300 300 300 300 300 300 300 300 300 300 300 300 300 300 300 300 300 300 300 300 300 300 299.94 294.423 294.363 294.363 294.363 294.363 294.363 294.363 294.363 294.363 294.363 294.363 294.363 294.363 294.363 294.363 294.363 294.363 294.363 294.363 294.363 294.363 294.363 294.363 294.363 294.363 294.363 294.363 294.363 294.363 294.363 
305.643 305.643 305.643 305.643 305.643 305.643 305.643 305.643 305.643 305.643 305.643 305.643 305.643 305.643 305.643 305.643 305.643 305.643 305.643 305.643 305.643 305.643 305.643 305.643 305.643 305.643 305.643 305.643 305.643 305.642 305.582 300.061 300 300 300 300 300 300 300 300 300 300 300 300 300 300 300 300 300 300 300 300 300 300 300 300 300 300 300 300 300 300 300 300 300 300 300 300 300 299.939 294.415 294.355 294.354 294.354 294.354 294.354 294.354 294.354 294.354 294.354 294.354 294.354 294.354 294.354 294.354 294.354 294.354 294.354 294.354 294.354 294.354 294.354 294.354 294.354 294.354 294.354 294.354 294.354 294.354 294.354 
305.651 305.651 305.651 305.651 305.651 305.651 305.651 305.651 305.651 305.651 305.651 305.651 305.651 305.651 305.651 305.651 305.651 305.651 305.651 305.651 305.651 305.651 305.651 305.651 305.651 305.651 305.651 305.651 305.651 305.651 305.59 300.061 300 300 300 300 300 300 300 300 300 300 300 300 300 300 300 300 300 300 300 300 300 300 300 300 300 300 300 300 300 300 300 300 300 300 300 300 300 299.939 294.407 294.346 294.346 294.346 294.346 294.346 294.346 294.346 294.346 294.346 294.346 294.346 294.346 294.346 294.346 294.346 294.346 294.346 294.346 294.346 294.346 294.346 294.346 294.346 294.346 294.346 294.346 294.346 294.346 294.346 
305.659 305.659 305.659 305.659 305.659 305.659 305.659 305.659 305.659 305.659 305.659 305.659 305.659 305.659 305.659 305.659 305.659 305.659 305.659 305.659 305.659 305.659 305.659 305.659 305.659 305.659 305.659 305.659 305.659 305.659 305.598 300.061 300 300 300 300 300 300 300 300 300 300 300 300 300 300 300 300 300 300 300 300 300 300 300 300 300 300 300 300 300 300 300 300 300 300 300 300 300 299.939 294.399 294.338 294.338 294.338 294.338 294.338 294.338 294.338 294.338 294.338 294.338 294.338 294.338 294.338 294.338 294.338 294.338 294.338 294.338 294.338 294.338 294.338 294.338 294.338 294.338 294.338 294.338 294.338 294.338 294.338 
305.668 305.668 305.668 305.668 305.668 305.668 305.668 305.668 305.668 305.668 305.668 305.668 305.668 305.668 305.668 305.668 305.668 305.668 305.668 305.668 305.668 305.668 305.668 305.668 305.668 305.668 305.668 305.668 305.668 305.667 305.606 300.061 300 300 300 300 300 300 300 300 300 300 300 300 300 300 300 300 300 300 300 300 300 300 300 300 300 300 300 300 300 300 300 300 300 300 300 300 300 299.939 294.391 294.33 294.329 294.329 294.329 294.329 294.329 294.329 294.329 294.329 294.329 294.329 294.329 294.329 294.329 294.329 294.329 294.329 294.329 294.329 294.329 294.329 294.329 294.329 294.329 294.329 294.329 294.329 294.329 294.329 
305.676 305.676 305.676 305.676 305.676 305.676 305.676 305.676 305.676 305.676 305.676 305.676 305.676 305.676 305.676 305.676 305.676 305.676 305.676 305.676 305.676 305.676 305.676 305.676 305.676 305.676 305.676 305.676 305.676 305.676 305.614 300.062 300 300 300 300 300 300 300 300 300 300 300 300 300 300 300 300 300 300 300 300 300 300 300 300 300 300 300 300 300 300 300 300 300 300 300 300 300 299.939 294.382 294.322 294.321 294.321 294.321 294.321 294.321 294.321 294.321 294.321 294.321 294.321 294.321 294.321 294.321 294.321 294.321 294.321 294.321 294.321 294.321 294.321 294.321 294.321 294.321 294.321 294.321 294.321 294.321 294.321 
305.684 305.684 305.684 305.684 305.684 305.684 305.684 305.684 305.684 305.684 305.684 305.684 305.684 305.684 305.684 305.684 305.684 305.684 305.684 305.684 305.684 305.684 305.684 305.684 305.684 305.684 305.684 305.684 305.684 305.684 305.623 300.062 300 300 300 300 300 300 300 300 300 300 300 300 300 300 300 300 300 300 300 300 300 300 300 300 300 300 300 300 300 300 300 300 300 300 300 300 300 299.938 294.374 294.313 294.313 294.313 294.313 294.313 294.313 294.313 294.313 294.313 294.313 294.313 294.313 294.313 294.313 294.313 294.313 294.313 294.313 294.313 294.313 294.313 294.313 294.313 294.313 294.313 294.313 294.313 294.313 294.313 
305.693 305.693 305.693 305.693 305.693 305.693 305.693 305.693 305.693 305.693 305.693 305.693 305.693 305.693 305.693 305.693 305.693 305.693 305.693 305.693 305.693 305.693 305.693 305.693 305.693 305.693 305.693 305.693 305.693 305.692 305.631 300.062 300 300 300 300 300 300 300 300 300 300 300 300 300 300 300 300 300 300 300 300 300 300 300 300 300 300 300 300 300 300 300 300 300 300 300 300 300 299.938 294.366 294.305 294.305 294.305 294.305 294.305 294.305 294.305 294.305 294.305 294.305 294.305 294.305 294.305 294.305 294.305 294.305 294.305 294.305 294.305 294.305 294.305 294.305 294.305 294.305 294.305 294.305 294.305 294.305 294.305 
305.701 305.701 305.701 305.701 305.701 305.701 305.701 305.701 305.701 305.701 305.701 305.701 305.701 305.701 305.701 305.701 305.701 305.701 305.701 305.701 305.701 305.701 305.701 305.701 305.701 305.701 305.701 305.701 305.701 305.7 305.639 300.062 300 300 300 300 300 300 300 300 300 300 300 300 300 300 300 300 300 300 300 300 300 300 300 300 300 300 300 300 300 300 300 300 300 300 300 300 300 299.938 294.358 294.297 294.296 294.296 294.296 294.296 294.296 294.296 294.296 294.296 294.296 294.296 294.296 294.296 294.296 294.296 294.296 294.296 294.296 294.296 294.296 294.296 294.296 294.296 294.296 294.296 294.296 294.296 294.296 294.296 
305.709 305.709 305.709 305.709 305.709 305.709 305.709 305.709 305.709 305.709 305.709 305.709 305.709 305.709 305.709 305.709 305.709 305.709 305.709 305.709 305.709 305.709 305.709 305.709 305.709 305.709 305.709 305.709 305.709 305.709 305.647 300.062 300 300 300 300 300 300 300 300 300 300 300 300 300 300 300 300 300 300 300 300 300 300 300 300 300 300 300 300 300 300 300 300 300 300 300 300 300 299.938 294.35 294.289 294.288 294.288 294.288 294.288 294.288 294.288 294.288 294.288 294.288 294.288 294.288 294.288 294.288 294.288 294.288 294.288 294.288 294.288 294.288 294.288 294.288 294.288 294.288 294.288 294.288 294.288 294.288 294.288 
305.717 305.717 305.717 305.717 305.717 305.717 305.717 305.717 305.717 305.717 305.717 305.717 305.717 305.717 305.717 305.717 305.717 305.717 305.717 305.717 305.717 305.717 305.717 305.717 305.717 305.717 305.717 305.717 305.717 305.717 305.655 300.062 300 300 300 300 300 300 300 300 300 300 300 300 300 300 300 300 300 300 300 300 300 300 300 300 300 300 300 300 300 300 300 300 300 300 300 300 300 299.938 294.342 294.28 294.28 294.28 294.28 294.28 294.28 294.28 294.28 294.28 294.28 294.28 294.28 294.28 294.28 294.28 294.28 294.28 294.28 294.28 294.28 294.28 294.28 294.28 294.28 294.28 294.28 294.28 294.28 294.28 
305.726 305.726 305.726 305.726 305.726 305.726 305.726 305.726 305.726 305.726 305.726 305.726 305.726 305.726 305.726 305.726 305.726 305.726 305.726 305.726 305.726 305.726 305.726 305.726 305.726 305.726 305.726 305.726 305.726 305.725 305.663 300.063 300 300 300 300 300 300 300 300 300 300 300 300 300 300 300 300 300 300 300 300 300 300 300 300 300 300 300 300 300 300 300 300 300 300 300 300 300 299.938 294.334 294.272 294.272 294.272 294.272 294.272 294.272 294.272 294.272 294.272 294.272 294.272 294.272 294.272 294.272 294.272 294.272 294.272 294.272 294.272 294.272 294.272 294.272 294.272 294.272 294.272 294.272 294.272 294.272 294.272 
305.734 305.734 305.734 305.734 305.734 305.734 305.734 305.734 305.734 305.734 305.734 305.734 305.734 305.734 305.734 305.734 305.734 305.734 305.734 305.734 305.734 305.734 305.734 305.734 305.734 305.734 305.734 305.734 305.734 305.733 305.671 300.063 300 300 300 300 300 300 300 300 300 300 300 300 300 300 300 300 300 300 300 300 300 300 300 300 300 300 300 300 300 300 300 300 300 300 300 300 300 299.937 294.326 294.264 294.263 294.263 294.263 294.263 294.263 294.263 294.263 294.263 294.263 294.263 294.263 294.263 294.263 294.263 294.263 294.263 294.263 294.263 294.263 294.263 294.263 294.263 294.263 294.263 294.263 294.263 294.263 294.263 
305.742 305.742 305.742 305.742 305.742 305.742 305.742 305.742 305.742 305.742 305.742 305.742 305.742 305.742 305.742 305.742 305.742 305.742 305.742 305.742 305.742 305.742 305.742 305.742 305.742 305.742 305.742 305.742 305.742 305.742 305.679 300.063 300 300 300 300 300 300 300 300 300 300 300 300 300 300 300 300 300 300 300 300 300 300 300 300 300 300 300 300 300 300 300 300 300 300 300 300 300 299.937 294.318 294.255 294.255 294.255 294.255 294.255 294.255 294.255 294.255 294.255 294.255 294.255 294.255 294.255 294.255 294.255 294.255 294.255 294.255 294.255 294.255 294.255 294.255 294.255 294.255 294.255 294.255 294.255 294.255 294.255 
305.75 305.75 305.75 305.75 305.75 305.75 305.75 305.75 305.75 305.75 305.75 305.75 305.75 305.75 305.75 305.75 305.75 305.75 305.75 305.75 305.75 305.75 305.75 305.75 305.75 305.75 305.75 305.75 305.75 305.75 305.687 300.063 300 300 300 300 300 300 300 300 300 300 300 300 300 300 300 300 300 300 300 300 300 300 300 300 300 300 300 300 300 300 300 300 300 300 300 300 300 299.937 294.31 294.247 294.247 294.247 294.247 294.247 294.247 294.247 294.247 294.247 294.247 294.247 294.247 294.247 294.247 294.247 294.247 294.247 294.247 294.247 294.247 294.247 294.247 294.247 294.247 294.247 294.247 294.247 294.247 294.247 
305.759 305.759 305.759 305.759 305.759 305.759 305.759 305.759 305.759 305.759 305.759 305.759 305.759 305.759 305.759 305.759 305.759 305.759 305.759 305.759 305.759 305.759 305.759 305.759 305.759 305.759 305.759 305.759 305.759 305.758 305.695 300.063 300 300 300 300 300 300 300 300 300 300 300 300 300 300 300 300 300 300 300 300 300 300 300 300 300 300 300 300 300 300 300 300 300 300 300 300 300 299.937 294.302 294.239 294.238 294.238 294.238 294.238 294.238 294.238 294.238 294.238 294.238 294.238 294.238 294.238 294.238 294.238 294.238 294.238 294.238 294.238 294.238 294.238 294.238 294.238 294.238 294.238 294.238 294.238 294.238 294.238 
305.767 305.767 305.767 305.767 305.767 305.767 305.767 305.767 305.767 305.767 305.767 305.767 305.767 305.767 305.767 305.767 305.767 305.767 305.767 305.767 305.767 305.767 305.767 305.767 305.767 305.767 305.767 305.767 305.767 305.766 305.703 300.064 300 300 300 300 300 300 300 300 300 300 300 300 300 300 300 300 300 300 300 300 300 300 300 300 300 300 300 300 300 300 300 300 300 300 300 300 300 299.937 294.293 294.231 294.23 294.23 294.23 294.23 294.23 294.23 294.23 294.23 294.23 294.23 294.23 294.23 294.23 294.23 294.23 294.23 294.23 294.23 294.23 294.23 294.23 294.23 294.23 294.23 294.23 294.23 294.23 294.23 
305.775 305.775 305.775 305.775 305.775 305.775 305.775 305.775 305.775 305.775 305.775 305.775 305.775 305.775 305.775 305.775 305.775 305.775 305.775 305.775 305.775 305.775 305.775 305.775 305.775 305.775 305.775 305.775 305.775 305.775 305.712 300.064 300 300 300 300 300 300 300 300 300 300 300 300 300 300 300 300 300 300 300 300 300 300 300 300 300 300 300 300 300 300 300 300 300 300 300 300 300 299.937 294.285 294.222 294.222 294.222 294.222 294.222 294.222 294.222 294.222 294.222 294.222 294.222 294.222 294.222 294.222 294.222 294.222 294.222 294.222 294.222 294.222 294.222 294.222 294.222 294.222 294.222 294.222 294.222 294.222 294.222 
305.783 305.783 305.783 305.783 305.783 305.783 305.783 305.783 305.783 305.783 305.783 305.783 305.783 305.783 305.783 305.783 305.783 305.783 305.783 305.783 305.783 305.783 305.783 305.783 305.783 305.783 305.783 305.783 305.783 305.783 305.72 300.064 300 300 300 300 300 300 300 300 300 300 300 300 300 300 300 300 300 300 300 300 300 300 300 300 300 300 300 300 300 300 300 300 300 300 300 300 300 299.936 294.277 294.214 294.214 294.214 294.214 294.214 294.214 294.214 294.214 294.214 294.214 294.214 294.214 294.214 294.214 294.214 294.214 294.214 294.214 294.214 294.214 294.214 294.214 294.214 294.214 294.214 294.214 294.214 294.214 294.214 
305.792 305.792 305.792 305.792 305.792 305.792 305.792 305.792 305.792 305.792 305.792 305.792 305.792 305.792 305.792 305.792 305.792 305.792 305.792 305.792 305.792 305.792 305.792 305.792 305.792 305.792 305.792 305.792 305.792 305.791 305.728 300.064 300 300 300 300 300 300 300 300 300 300 300 300 300 300 300 300 300 300 300 300 300 300 300 300 300 300 300 300 300 300 300 300 300 300 300 300 300 299.936 294.269 294.206 294.205 294.205 294.205 294.205 294.205 294.205 294.205 294.205 294.205 294.205 294.205 294.205 294.205 294.205 294.205 294.205 294.205 294.205 294.205 294.205 294.205 294.205 294.205 294.205 294.205 294.205 294.205 294.205 
305.8 305.8 305.8 305.8 305.8 305.8 305.8 305.8 305.8 305.8 305.8 305.8 305.8 305.8 305.8 305.8 305.8 305.8 305.8 305.8 305.8 305.8 305.8 305.8 305.8 305.8 305.8 305.8 305.8 305.8 305.736 300.064 300 300 300 300 300 300 300 300 300 300 300 300 300 300 300 300 300 300 300 300 300 300 300 300 300 300 300 300 300 300 300 300 300 300 300 300 300 299.936 294.261 294.197 294.197 294.197 294.197 294.197 294.197 294.197 294.197 294.197 294.197 294.197 294.197 294.197 294.197 294.197 294.197 294.197 294.197 294.197 294.197 294.197 294.197 294.197 294.197 294.197 294.197 294.197 294.197 294.197 
305.808 305.808 305.808 305.808 305.808 305.808 305.808 305.808 305.808 305.808 305.808 305.808 305.808 305.808 305.808 305.808 305.808 305.808 305.808 305.808 305.808 305.808 305.808 305.808 305.808 305.808 305.808 305.808 305.808 305.808 305.744 300.064 300 300 300 300 300 300 300 300 300 300 300 300 300 300 300 300 300 300 300 300 300 300 300 300 300 300 300 300 300 300 300 300 300 300 300 300 300 299.936 294.253 294.189 294.189 294.189 294.189 294.189 294.189 294.189 294.189 294.189 294.189 294.189 294.189 294.189 294.189 294.189 294.189 294.189 294.189 294.189 294.189 294.189 294.189 294.189 294.189 294.189 294.189 294.189 294.189 294.189 
305.817 305.817 305.817 305.817 305.817 305.817 305.817 305.817 305.817 305.817 305.817 305.817 305.817 305.817 305.817 305.817 305.817 305.817 305.817 305.817 305.817 305.817 305.817 305.817 305.817 305.817 305.817 305.817 305.817 305.816 305.752 300.065 300 300 300 300 300 300 300 300 300 300 300 300 300 300 300 300 300 300 300 300 300 300 300 300 300 300 300 300 300 300 300 300 300 300 300 300 300 299.936 294.245 294.181 294.18 294.18 294.18 294.18 294.18 294.18 294.18 294.18 294.18 294.18 294.18 294.18 294.18 294.18 294.18 294.18 294.18 294.18 294.18 294.18 294.18 294.18 294.18 294.18 294.18 294.18 294.18 294.18 
305.825 305.825 305.825 305.825 305.825 305.825 305.825 305.825 305.825 305.825 305.825 305.825 305.825 305.825 305.825 305.825 305.825 305.825 305.825 305.825 305.825 305.825 305.825 305.825 305.825 305.825 305.825 305.825 305.825 305.824 305.76 300.065 300 300 300 300 300 300 300 300 300 300 300 300 300 300 300 300 300 300 300 300 300 300 300 300 300 300 300 300 300 300 300 300 300 300 300 300 300 299.935 294.237 294.173 294.172 294.172 294.172 294.172 294.172 294.172 294.172 294.172 294.172 294.172 294.172 294.172 294.172 294.172 294.172 294.172 294.172 294.172 294.172 294.172 294.172 294.172 294.172 294.172 294.172 294.172 294.172 294.172 
305.833 305.833 305.833 305.833 305.833 305.833 305.833 305.833 305.833 305.833 305.833 305.833 305.833 305.833 305.833 305.833 305.833 305.833 305.833 305.833 305.833 305.833 305.833 305.833 305.833 305.833 305.833 305.833 305.833 305.833 305.768 300.065 300 300 300 300 300 300 300 300 300 300 300 300 300 300 300 300 300 300 300 300 300 300 300 300 300 300 300 300 300 300 300 300 300 300 300 300 300 299.935 294.229 294.164 294.164 294.164 294.164 294.164 294.164 294.164 294.164 294.164 294.164 294.164 294.164 294.164 294.164 294.164 294.164 294.164 294.164 294.164 294.164 294.164 294.164 294.164 294.164 294.164 294.164 294.164 294.164 294.164 
305.841 305.841 305.841 305.841 305.841 305.841 305.841 305.841 305.841 305.841 305.841 305.841 305.841 305.841 305.841 305.841 305.841 305.841 305.841 305.841 305.841 305.841 305.841 305.841 305.841 305.841 305.841 305.841 305.841 305.841 305.776 300.065 300 300 300 300 300 300 300 300 300 300 300 300 300 300 300 300 300 300 300 300 300 300 300 300 300 300 300 300 300 300 300 300 300 300 300 300 300 299.935 294.221 294.156 294.156 294.156 294.156 294.156 294.156 294.156 294.156 294.156 294.156 294.156 294.156 294.156 294.156 294.156 294.156 294.156 294.156 294.156 294.156 294.156 294.156 294.156 294.156 294.156 294.156 294.156 294.156 294.156 
305.85 305.85 305.85 305.85 305.85 305.85 305.85 305.85 305.85 305.85 305.85 305.85 305.85 305.85 305.85 305.85 305.85 305.85 305.85 305.85 305.85 305.85 305.85 305.85 305.85 305.85 305.85 305.85 305.85 305.849 305.784 300.065 300 300 300 300 300 300 300 300 300 300 300 300 300 300 300 300 300 300 300 300 300 300 300 300 300 300 300 300 300 300 300 300 300 300 300 300 300 299.935 294.212 294.148 294.147 294.147 294.147 294.147 294.147 294.147 294.147 294.147 294.147 294.147 294.147 294.147 294.147 294.147 294.147 294.147 294.147 294.147 294.147 294.147 294.147 294.147 294.147 294.147 294.147 294.147 294.147 294.147 
305.858 305.858 305.858 305.858 305.858 305.858 305.858 305.858 305.858 305.858 305.858 305.858 305.858 305.858 305.858 305.858 305.858 305.858 305.858 305.858 305.858 305.858 305.858 305.858 305.858 305.858 305.858 305.858 305.858 305.857 305.792 300.066 300 300 300 300 300 300 300 300 300 300 300 300 300 300 300 300 300 300 300 300 300 300 300 300 300 300 300 300 300 300 300 300 300 300 300 300 300 299.935 294.204 294.14 294.139 294.139 294.139 294.139 294.139 294.139 294.139 294.139 294.139 294.139 294.139 294.139 294.139 294.139 294.139 294.139 294.139 294.139 294.139 294.139 294.139 294.139 294.139 294.139 294.139 294.139 294.139 294.139 
305.866 305.866 305.866 305.866 305.866 305.866 305.866 305.866 305.866 305.866 305.866 305.866 305.866 305.866 305.866 305.866 305.866 305.866 305.866 305.866 305.866 305.866 305.866 305.866 305.866 305.866 305.866 305.866 305.866 305.866 305.8 300.066 300 300 300 300 300 300 300 300 300 300 300 300 300 300 300 300 300 300 300 300 300 300 300 300 300 300 300 300 300 300 300 300 300 300 300 300 300 299.935 294.196 294.131 294.131 294.131 294.131 294.131 294.131 294.131 294.131 294.131 294.131 294.131 294.131 294.131 294.131 294.131 294.131 294.131 294.131 294.131 294.131 294.131 294.131 294.131 294.131 294.131 294.131 294.131 294.131 294.131 
305.874 305.874 305.874 305.874 305.874 305.874 305.874 305.874 305.874 305.874 305.874 305.874 305.874 305.874 305.874 305.874 305.874 305.874 305.874 305.874 305.874 305.874 305.874 305.874 305.874 305.874 305.874 305.874 305.874 305.874 305.809 300.066 300.001 300 300 300 300 300 300 300 300 300 300 300 300 300 300 300 300 300 300 300 300 300 300 300 300 300 300 300 300 300 300 300 300 300 300 300 300 299.934 294.188 294.123 294.123 294.123 294.123 294.123 294.123 294.123 294.123 294.123 294.123 294.123 294.123 294.123 294.123 294.123 294.123 294.123 294.123 294.123 294.123 294.123 294.123 294.123 294.123 294.123 294.123 294.123 294.123 294.123 
305.883 305.883 305.883 305.883 305.883 305.883 305.883 305.883 305.883 305.883 305.883 305.883 305.883 305.883 305.883 305.883 305.883 305.883 305.883 305.883 305.883 305.883 305.883 305.883 305.883 305.883 305.883 305.883 305.883 305.882 305.817 300.066 300.001 300 300 300 300 300 300 300 300 300 300 300 300 300 300 300 300 300 300 300 300 300 300 300 300 300 300 300 300 300 300 300 300 300 300 300 299.999 299.934 294.18 294.115 294.114 294.114 294.114 294.114 294.114 294.114 294.114 294.114 294.114 294.114 294.114 294.114 294.114 294.114 294.114 294.114 294.114 294.114 294.114 294.114 294.114 294.114 294.114 294.114 294.114 294.114 294.114 294.114 
305.891 305.891 305.891 305.891 305.891 305.891 305.891 305.891 305.891 305.891 305.891 305.891 305.891 305.891 305.891 305.891 305.891 305.891 305.891 305.891 305.891 305.891 305.891 305.891 305.891 305.891 305.891 305.891 305.891 305.89 305.825 300.066 300.001 300 300 300 300 300 300 300 300 300 300 300 300 300 300 300 300 300 300 300 300 300 300 300 300 300 300 300 300 300 300 300 300 300 300 300 299.999 299.934 294.172 294.106 294.106 294.106 294.106 294.106 294.106 294.106 294.106 294.106 294.106 294.106 294.106 294.106 294.106 294.106 294.106 294.106 294.106 294.106 294.106 294.106 294.106 294.106 294.106 294.106 294.106 294.106 294.106 294.106 
305.899 305.899 305.899 305.899 305.899 305.899 305.899 305.899 305.899 305.899 305.899 305.899 305.899 305.899 305.899 305.899 305.899 305.899 305.899 305.899 305.899 305.899 305.899 305.899 305.899 305.899 305.899 305.899 305.899 305.899 305.833 300.066 300.001 300 300 300 300 300 300 300 300 300 300 300 300 300 300 300 300 300 300 300 300 300 300 300 300 300 300 300 300 300 300 300 300 300 300 300 299.999 299.934 294.164 294.098 294.098 294.098 294.098 294.098 294.098 294.098 294.098 294.098 294.098 294.098 294.098 294.098 294.098 294.098 294.098 294.098 294.098 294.098 294.098 294.098 294.098 294.098 294.098 294.098 294.098 294.098 294.098 294.098 
305.907 305.907 305.907 305.907 305.907 305.907 305.907 305.907 305.907 305.907 305.907 305.907 305.907 305.907 305.907 305.907 305.907 305.907 305.907 305.907 305.907 305.907 305.907 305.907 305.907 305.907 305.907 305.907 305.907 305.907 305.841 300.067 300.001 300 300 300 300 300 300 300 300 300 300 300 300 300 300 300 300 300 300 300 300 300 300 300 300 300 300 300 300 300 300 300 300 300 300 300 299.999 299.934 294.156 294.09 294.089 294.089 294.089 294.089 294.089 294.089 294.089 294.089 294.089 294.089 294.089 294.089 294.089 294.089 294.089 294.089 294.089 294.089 294.089 294.089 294.089 294.089 294.089 294.089 294.089 294.089 294.089 294.089 
305.916 305.916 305.916 305.916 305.916 305.916 305.916 305.916 305.916 305.916 305.916 305.916 305.916 305.916 305.916 305.916 305.916 305.916 305.916 305.916 305.916 305.916 305.916 305.916 305.916 305.916 305.916 305.916 305.916 305.915 305.849 300.067 300.001 300 300 300 300 300 300 300 300 300 300 300 300 300 300 300 300 300 300 300 300 300 300 300 300 300 300 300 300 300 300 300 300 300 300 300 299.999 299.933 294.148 294.082 294.081 294.081 294.081 294.081 294.081 294.081 294.081 294.081 294.081 294.081 294.081 294.081 294.081 294.081 294.081 294.081 294.081 294.081 294.081 294.081 294.081 294.081 294.081 294.081 294.081 294.081 294.081 294.081 
305.924 305.924 305.924 305.924 305.924 305.924 305.924 305.924 305.924 305.924 305.924 305.924 305.924 305.924 305.924 305.924 305.924 305.924 305.924 305.924 305.924 305.924 305.924 305.924 305.924 305.924 305.924 305.924 305.924 305.924 305.857 300.067 300.001 300 300 300 300 300 300 300 300 300 300 300 300 300 300 300 300 300 300 300 300 300 300 300 300 300 300 300 300 300 300 300 300 300 300 300 299.999 299.933 294.14 294.073 294.073 294.073 294.073 294.073 294.073 294.073 294.073 294.073 294.073 294.073 294.073 294.073 294.073 294.073 294.073 294.073 294.073 294.073 294.073 294.073 294.073 294.073 294.073 294.073 294.073 294.073 294.073 294.073 
305.932 305.932 305.932 305.932 305.932 305.932 305.932 305.932 305.932 305.932 305.932 305.932 305.932 305.932 305.932 305.932 305.932 305.932 305.932 305.932 305.932 305.932 305.932 305.932 305.932 305.932 305.932 305.932 305.932 305.932 305.865 300.067 300.001 300 300 300 300 300 300 300 300 300 300 300 300 300 300 300 300 300 300 300 300 300 300 300 300 300 300 300 300 300 300 300 300 300 300 300 299.999 299.933 294.131 294.065 294.065 294.065 294.065 294.065 294.065 294.065 294.065 294.065 294.065 294.065 294.065 294.065 294.065 294.065 294.065 294.065 294.065 294.065 294.065 294.065 294.065 294.065 294.065 294.065 294.065 294.065 294.065 294.065 
305.941 305.941 305.941 305.941 305.941 305.941 305.941 305.941 305.941 305.941 305.941 305.941 305.941 305.941 305.941 305.941 305.941 305.941 305.941 305.941 305.941 305.941 305.941 305.941 305.941 305.941 305.941 305.941 305.941 305.94 305.873 300.067 300.001 300 300 300 300 300 300 300 300 300 300 300 300 300 300 300 300 300 300 300 300 300 300 300 300 300 300 300 300 300 300 300 300 300 300 300 299.999 299.933 294.123 294.057 294.056 294.056 294.056 294.056 294.056 294.056 294.056 294.056 294.056 294.056 294.056 294.056 294.056 294.056 294.056 294.056 294.056 294.056 294.056 294.056 294.056 294.056 294.056 294.056 294.056 294.056 294.056 294.056 
305.949 305.949 305.949 305.949 305.949 305.949 305.949 305.949 305.949 305.949 305.949 305.949 305.949 305.949 305.949 305.949 305.949 305.949 305.949 305.949 305.949 305.949 305.949 305.949 305.949 305.949 305.949 305.949 305.949 305.948 305.881 300.068 300.001 300 300 300 300 300 300 300 300 300 300 300 300 300 300 300 300 300 300 300 300 300 300 300 300 300 300 300 300 300 300 300 300 300 300 300 299.999 299.933 294.115 294.049 294.048 294.048 294.048 294.048 294.048 294.048 294.048 294.048 294.048 294.048 294.048 294.048 294.048 294.048 294.048 294.048 294.048 294.048 294.048 294.048 294.048 294.048 294.048 294.048 294.048 294.048 294.048 294.048 
305.957 305.957 305.957 305.957 305.957 305.957 305.957 305.957 305.957 305.957 305.957 305.957 305.957 305.957 305.957 305.957 305.957 305.957 305.957 305.957 305.957 305.957 305.957 305.957 305.957 305.957 305.957 305.957 305.957 305.957 305.889 300.068 300.001 300 300 300 300 300 300 300 300 300 300 300 300 300 300 300 300 300 300 300 300 300 300 300 300 300 300 300 300 300 300 300 300 300 300 300 299.999 299.933 294.107 294.04 294.04 294.04 294.04 294.04 294.04 294.04 294.04 294.04 294.04 294.04 294.04 294.04 294.04 294.04 294.04 294.04 294.04 294.04 294.04 294.04 294.04 294.04 294.04 294.04 294.04 294.04 294.04 294.04 
305.965 305.965 305.965 305.965 305.965 305.965 305.965 305.965 305.965 305.965 305.965 305.965 305.965 305.965 305.965 305.965 305.965 305.965 305.965 305.965 305.965 305.965 305.965 305.965 305.965 305.965 305.965 305.965 305.965 305.965 305.897 300.068 300.001 300 300 300 300 300 300 300 300 300 300 300 300 300 300 300 300 300 300 300 300 300 300 300 300 300 300 300 300 300 300 300 300 300 300 300 299.999 299.932 294.099 294.032 294.031 294.031 294.031 294.031 294.031 294.031 294.031 294.031 294.031 294.031 294.031 294.031 294.031 294.031 294.031 294.031 294.031 294.031 294.031 294.031 294.031 294.031 294.031 294.031 294.031 294.031 294.031 294.031 
305.974 305.974 305.974 305.974 305.974 305.974 305.974 305.974 305.974 305.974 305.974 305.974 305.974 305.974 305.974 305.974 305.974 305.974 305.974 305.974 305.974 305.974 305.974 305.974 305.974 305.974 305.974 305.974 305.974 305.973 305.906 300.068 300.001 300 300 300 300 300 300 300 300 300 300 300 300 300 300 300 300 300 300 300 300 300 300 300 300 300 300 300 300 300 300 300 300 300 300 300 299.999 299.932 294.091 294.024 294.023 294.023 294.023 294.023 294.023 294.023 294.023 294.023 294.023 294.023 294.023 294.023 294.023 294.023 294.023 294.023 294.023 294.023 294.023 294.023 294.023 294.023 294.023 294.023 294.023 294.023 294.023 294.023 
305.982 305.982 305.982 305.982 305.982 305.982 305.982 305.982 305.982 305.982 305.982 305.982 305.982 305.982 305.982 305.982 305.982 305.982 305.982 305.982 305.982 305.982 305.982 305.982 305.982 305.982 305.982 305.982 305.982 305.981 305.914 300.068 300.001 300 300 300 300 300 300 300 300 300 300 300 300 300 300 300 300 300 300 300 300 300 300 300 300 300 300 300 300 300 300 300 300 300 300 300 299.999 299.932 294.083 294.015 294.015 294.015 294.015 294.015 294.015 294.015 294.015 294.015 294.015 294.015 294.015 294.015 294.015 294.015 294.015 294.015 294.015 294.015 294.015 294.015 294.015 294.015 294.015 294.015 294.015 294.015 294.015 294.015 
305.99 305.99 305.99 305.99 305.99 305.99 305.99 305.99 305.99 305.99 305.99 305.99 305.99 305.99 305.99 305.99 305.99 305.99 305.99 305.99 305.99 305.99 305.99 305.99 305.99 305.99 305.99 305.99 305.99 305.99 305.922 300.069 300.001 300 300 300 300 300 300 300 300 300 300 300 300 300 300 300 300 300 300 300 300 300 300 300 300 300 300 300 300 300 300 300 300 300 300 300 299.999 299.932 294.075 294.007 294.007 294.007 294.007 294.007 294.007 294.007 294.007 294.007 294.007 294.007 294.007 294.007 294.007 294.007 294.007 294.007 294.007 294.007 294.007 294.007 294.007 294.007 294.007 294.007 294.007 294.007 294.007 294.007 
305.998 305.998 305.998 305.998 305.998 305.998 305.998 305.998 305.998 305.998 305.998 305.998 305.998 305.998 305.998 305.998 305.998 305.998 305.998 305.998 305.998 305.998 305.998 305.998 305.998 305.998 305.998 305.998 305.998 305.998 305.93 300.069 300.001 300 300 300 300 300 300 300 300 300 300 300 300 300 300 300 300 300 300 300 300 300 300 300 300 300 300 300 300 300 300 300 300 300 300 300 299.999 299.932 294.067 293.999 293.998 293.998 293.998 293.998 293.998 293.998 293.998 293.998 293.998 293.998 293.998 293.998 293.998 293.998 293.998 293.998 293.998 293.998 293.998 293.998 293.998 293.998 293.998 293.998 293.998 293.998 293.998 293.998 
306.007 306.007 306.007 306.007 306.007 306.007 306.007 306.007 306.007 306.007 306.007 306.007 306.007 306.007 306.007 306.007 306.007 306.007 306.007 306.007 306.007 306.007 306.007 306.007 306.007 306.007 306.007 306.007 306.007 306.006 305.938 300.069 300.001 300 300 300 300 300 300 300 300 300 300 300 300 300 300 300 300 300 300 300 300 300 300 300 300 300 300 300 300 300 300 300 300 300 300 300 299.999 299.931 294.059 293.991 293.99 293.99 293.99 293.99 293.99 293.99 293.99 293.99 293.99 293.99 293.99 293.99 293.99 293.99 293.99 293.99 293.99 293.99 293.99 293.99 293.99 293.99 293.99 293.99 293.99 293.99 293.99 293.99 
306.015 306.015 306.015 306.015 306.015 306.015 306.015 306.015 306.015 306.015 306.015 306.015 306.015 306.015 306.015 306.015 306.015 306.015 306.015 306.015 306.015 306.015 306.015 306.015 306.015 306.015 306.015 306.015 306.015 306.014 305.946 300.069 300.001 300 300 300 300 300 300 300 300 300 300 300 300 300 300 300 300 300 300 300 300 300 300 300 300 300 300 300 300 300 300 300 300 300 300 300 299.999 299.931 294.051 293.982 293.982 293.982 293.982 293.982 293.982 293.982 293.982 293.982 293.982 293.982 293.982 293.982 293.982 293.982 293.982 293.982 293.982 293.982 293.982 293.982 293.982 293.982 293.982 293.982 293.982 293.982 293.982 293.982 
306.023 306.023 306.023 306.023 306.023 306.023 306.023 306.023 306.023 306.023 306.023 306.023 306.023 306.023 306.023 306.023 306.023 306.023 306.023 306.023 306.023 306.023 306.023 306.023 306.023 306.023 306.023 306.023 306.023 306.023 305.954 300.069 300.001 300 300 300 300 300 300 300 300 300 300 300 300 300 300 300 300 300 300 300 300 300 300 300 300 300 300 300 300 300 300 300 300 300 300 300 299.999 299.931 294.042 293.974 293.974 293.974 293.974 293.974 293.974 293.974 293.974 293.974 293.974 293.974 293.974 293.974 293.974 293.974 293.974 293.974 293.974 293.974 293.974 293.974 293.974 293.974 293.974 293.974 293.974 293.974 293.974 293.974 
306.032 306.032 306.032 306.032 306.032 306.032 306.032 306.032 306.032 306.032 306.032 306.032 306.032 306.032 306.032 306.032 306.032 306.032 306.032 306.032 306.032 306.032 306.032 306.032 306.032 306.032 306.032 306.032 306.032 306.031 305.962 300.069 300.001 300 300 300 300 300 300 300 300 300 300 300 300 300 300 300 300 300 300 300 300 300 300 300 300 300 300 300 300 300 300 300 300 300 300 300 299.999 299.931 294.034 293.966 293.965 293.965 293.965 293.965 293.965 293.965 293.965 293.965 293.965 293.965 293.965 293.965 293.965 293.965 293.965 293.965 293.965 293.965 293.965 293.965 293.965 293.965 293.965 293.965 293.965 293.965 293.965 293.965 
306.04 306.04 306.04 306.04 306.04 306.04 306.04 306.04 306.04 306.04 306.04 306.04 306.04 306.04 306.04 306.04 306.04 306.04 306.04 306.04 306.04 306.04 306.04 306.04 306.04 306.04 306.04 306.04 306.04 306.039 305.97 300.07 300.001 300 300 300 300 300 300 300 300 300 300 300 300 300 300 300 300 300 300 300 300 300 300 300 300 300 300 300 300 300 300 300 300 300 300 300 299.999 299.931 294.026 293.958 293.957 293.957 293.957 293.957 293.957 293.957 293.957 293.957 293.957 293.957 293.957 293.957 293.957 293.957 293.957 293.957 293.957 293.957 293.957 293.957 293.957 293.957 293.957 293.957 293.957 293.957 293.957 293.957 
306.048 306.048 306.048 306.048 306.048 306.048 306.048 306.048 306.048 306.048 306.048 306.048 306.048 306.048 306.048 306.048 306.048 306.048 306.048 306.048 306.048 306.048 306.048 306.048 306.048 306.048 306.048 306.048 306.048 306.048 305.978 300.07 300.001 300 300 300 300 300 300 300 300 300 300 300 300 300 300 300 300 300 300 300 300 300 300 300 300 300 300 300 300 300 300 300 300 300 300 300 299.999 299.93 294.018 293.949 293.949 293.949 293.949 293.949 293.949 293.949 293.949 293.949 293.949 293.949 293.949 293.949 293.949 293.949 293.949 293.949 293.949 293.949 293.949 293.949 293.949 293.949 293.949 293.949 293.949 293.949 293.949 293.949 
306.056 306.056 306.056 306.056 306.056 306.056 306.056 306.056 306.056 306.056 306.056 306.056 306.056 306.056 306.056 306.056 306.056 306.056 306.056 306.056 306.056 306.056 306.056 306.056 306.056 306.056 306.056 306.056 306.056 306.056 305.986 300.07 300.001 300 300 300 300 300 300 300 300 300 300 300 300 300 300 300 300 300 300 300 300 300 300 300 300 300 300 300 300 300 300 300 300 300 300 300 299.999 299.93 294.01 293.941 293.94 293.94 293.94 293.94 293.94 293.94 293.94 293.94 293.94 293.94 293.94 293.94 293.94 293.94 293.94 293.94 293.94 293.94 293.94 293.94 293.94 293.94 293.94 293.94 293.94 293.94 293.94 293.94 
306.065 306.065 306.065 306.065 306.065 306.065 306.065 306.065 306.065 306.065 306.065 306.065 306.065 306.065 306.065 306.065 306.065 306.065 306.065 306.065 306.065 306.065 306.065 306.065 306.065 306.065 306.065 306.065 306.065 306.064 305.994 300.07 300.001 300 300 300 300 300 300 300 300 300 300 300 300 300 300 300 300 300 300 300 300 300 300 300 300 300 300 300 300 300 300 300 300 300 300 300 299.999 299.93 294.002 293.933 293.932 293.932 293.932 293.932 293.932 293.932 293.932 293.932 293.932 293.932 293.932 293.932 293.932 293.932 293.932 293.932 293.932 293.932 293.932 293.932 293.932 293.932 293.932 293.932 293.932 293.932 293.932 293.932 
306.073 306.073 306.073 306.073 306.073 306.073 306.073 306.073 306.073 306.073 306.073 306.073 306.073 306.073 306.073 306.073 306.073 306.073 306.073 306.073 306.073 306.073 306.073 306.073 306.073 306.073 306.073 306.073 306.073 306.072 306.003 300.07 300.001 300 300 300 300 300 300 300 300 300 300 300 300 300 300 300 300 300 300 300 300 300 300 300 300 300 300 300 300 300 300 300 300 300 300 300 299.999 299.93 293.994 293.924 293.924 293.924 293.924 293.924 293.924 293.924 293.924 293.924 293.924 293.924 293.924 293.924 293.924 293.924 293.924 293.924 293.924 293.924 293.924 293.924 293.924 293.924 293.924 293.924 293.924 293.924 293.924 293.924 
306.081 306.081 306.081 306.081 306.081 306.081 306.081 306.081 306.081 306.081 306.081 306.081 306.081 306.081 306.081 306.081 306.081 306.081 306.081 306.081 306.081 306.081 306.081 306.081 306.081 306.081 306.081 306.081 306.081 306.081 306.011 300.071 300.001 300 300 300 300 300 300 300 300 300 300 300 300 300 300 300 300 300 300 300 300 300 300 300 300 300 300 300 300 300 300 300 300 300 300 300 299.999 299.93 293.986 293.916 293.916 293.916 293.916 293.916 293.916 293.916 293.916 293.916 293.916 293.916 293.916 293.916 293.916 293.916 293.916 293.916 293.916 293.916 293.916 293.916 293.916 293.916 293.916 293.916 293.916 293.916 293.916 293.916 
306.089 306.089 306.089 306.089 306.089 306.089 306.089 306.089 306.089 306.089 306.089 306.089 306.089 306.089 306.089 306.089 306.089 306.089 306.089 306.089 306.089 306.089 306.089 306.089 306.089 306.089 306.089 306.089 306.089 306.089 306.019 300.071 300.001 300 300 300 300 300 300 300 300 300 300 300 300 300 300 300 300 300 300 300 300 300 300 300 300 300 300 300 300 300 300 300 300 300 300 300 299.999 299.93 293.978 293.908 293.907 293.907 293.907 293.907 293.907 293.907 293.907 293.907 293.907 293.907 293.907 293.907 293.907 293.907 293.907 293.907 293.907 293.907 293.907 293.907 293.907 293.907 293.907 293.907 293.907 293.907 293.907 293.907 
306.098 306.098 306.098 306.098 306.098 306.098 306.098 306.098 306.098 306.098 306.098 306.098 306.098 306.098 306.098 306.098 306.098 306.098 306.098 306.098 306.098 306.098 306.098 306.098 306.098 306.098 306.098 306.098 306.098 306.097 306.027 300.071 300.001 300 300 300 300 300 300 300 300 300 300 300 300 300 300 300 300 300 300 300 300 300 300 300 300 300 300 300 300 300 300 300 300 300 300 300 299.999 299.929 293.97 293.9 293.899 293.899 293.899 293.899 293.899 293.899 293.899 293.899 293.899 293.899 293.899 293.899 293.899 293.899 293.899 293.899 293.899 293.899 293.899 293.899 293.899 293.899 293.899 293.899 293.899 293.899 293.899 293.899 
306.106 306.106 306.106 306.106 306.106 306.106 306.106 306.106 306.106 306.106 306.106 306.106 306.106 306.106 306.106 306.106 306.106 306.106 306.106 306.106 306.106 306.106 306.106 306.106 306.106 306.106 306.106 306.106 306.106 306.105 306.035 300.071 300.001 300 300 300 300 300 300 300 300 300 300 300 300 300 300 300 300 300 300 300 300 300 300 300 300 300 300 300 300 300 300 300 300 300 300 300 299.999 299.929 293.962 293.891 293.891 293.891 293.891 293.891 293.891 293.891 293.891 293.891 293.891 293.891 293.891 293.891 293.891 293.891 293.891 293.891 293.891 293.891 293.891 293.891 293.891 293.891 293.891 293.891 293.891 293.891 293.891 293.891 
306.114 306.114 306.114 306.114 306.114 306.114 306.114 306.114 306.114 306.114 306.114 306.114 306.114 306.114 306.114 306.114 306.114 306.114 306.114 306.114 306.114 306.114 306.114 306.114 306.114 306.114 306.114 306.114 306.114 306.114 306.043 300.071 300.001 300 300 300 300 300 300 300 300 300 300 300 300 300 300 300 300 300 300 300 300 300 300 300 300 300 300 300 300 300 300 300 300 300 300 300 299.999 299.929 293.954 293.883 293.882 293.882 293.882 293.882 293.882 293.882 293.882 293.882 293.882 293.882 293.882 293.882 293.882 293.882 293.882 293.882 293.882 293.882 293.882 293.882 293.882 293.882 293.882 293.882 293.882 293.882 293.882 293.882 
306.122 306.122 306.122 306.122 306.122 306.122 306.122 306.122 306.122 306.122 306.122 306.122 306.122 306.122 306.122 306.122 306.122 306.122 306.122 306.122 306.122 306.122 306.122 306.122 306.122 306.122 306.122 306.122 306.122 306.122 306.051 300.072 300.001 300 300 300 300 300 300 300 300 300 300 300 300 300 300 300 300 300 300 300 300 300 300 300 300 300 300 300 300 300 300 300 300 300 300 300 299.999 299.929 293.945 293.875 293.874 293.874 293.874 293.874 293.874 293.874 293.874 293.874 293.874 293.874 293.874 293.874 293.874 293.874 293.874 293.874 293.874 293.874 293.874 293.874 293.874 293.874 293.874 293.874 293.874 293.874 293.874 293.874 
306.131 306.131 306.131 306.131 306.131 306.131 306.131 306.131 306.131 306.131 306.131 306.131 306.131 306.131 306.131 306.131 306.131 306.131 306.131 306.131 306.131 306.131 306.131 306.131 306.131 306.131 306.131 306.131 306.131 306.13 306.059 300.072 300.001 300 300 300 300 300 300 300 300 300 300 300 300 300 300 300 300 300 300 300 300 300 300 300 300 300 300 300 300 300 300 300 300 300 300 300 299.999 299.929 293.937 293.867 293.866 293.866 293.866 293.866 293.866 293.866 293.866 293.866 293.866 293.866 293.866 293.866 293.866 293.866 293.866 293.866 293.866 293.866 293.866 293.866 293.866 293.866 293.866 293.866 293.866 293.866 293.866 293.866 
306.139 306.139 306.139 306.139 306.139 306.139 306.139 306.139 306.139 306.139 306.139 306.139 306.139 306.139 306.139 306.139 306.139 306.139 306.139 306.139 306.139 306.139 306.139 306.139 306.139 306.139 306.139 306.139 306.139 306.138 306.067 300.072 300.001 300 300 300 300 300 300 300 300 300 300 300 300 300 300 300 300 300 300 300 300 300 300 300 300 300 300 300 300 300 300 300 300 300 300 300 299.999 299.928 293.929 293.858 293.858 293.858 293.858 293.858 293.858 293.858 293.858 293.858 293.858 293.858 293.858 293.858 293.858 293.858 293.858 293.858 293.858 293.858 293.858 293.858 293.858 293.858 293.858 293.858 293.858 293.858 293.858 293.858 
306.147 306.147 306.147 306.147 306.147 306.147 306.147 306.147 306.147 306.147 306.147 306.147 306.147 306.147 306.147 306.147 306.147 306.147 306.147 306.147 306.147 306.147 306.147 306.147 306.147 306.147 306.147 306.147 306.147 306.147 306.075 300.072 300.001 300 300 300 300 300 300 300 300 300 300 300 300 300 300 300 300 300 300 300 300 300 300 300 300 300 300 300 300 300 300 300 300 300 300 300 299.999 299.928 293.921 293.85 293.849 293.849 293.849 293.849 293.849 293.849 293.849 293.849 293.849 293.849 293.849 293.849 293.849 293.849 293.849 293.849 293.849 293.849 293.849 293.849 293.849 293.849 293.849 293.849 293.849 293.849 293.849 293.849 
306.156 306.156 306.156 306.156 306.156 306.156 306.156 306.156 306.156 306.156 306.156 306.156 306.156 306.156 306.156 306.156 306.156 306.156 306.156 306.156 306.156 306.156 306.156 306.156 306.156 306.156 306.156 306.156 306.156 306.155 306.083 300.072 300.001 300 300 300 300 300 300 300 300 300 300 300 300 300 300 300 300 300 300 300 300 300 300 300 300 300 300 300 300 300 300 300 300 300 300 300 299.999 299.928 293.913 293.842 293.841 293.841 293.841 293.841 293.841 293.841 293.841 293.841 293.841 293.841 293.841 293.841 293.841 293.841 293.841 293.841 293.841 293.841 293.841 293.841 293.841 293.841 293.841 293.841 293.841 293.841 293.841 293.841 
306.164 306.164 306.164 306.164 306.164 306.164 306.164 306.164 306.164 306.164 306.164 306.164 306.164 306.164 306.164 306.164 306.164 306.164 306.164 306.164 306.164 306.164 306.164 306.164 306.164 306.164 306.164 306.164 306.164 306.163 306.091 300.073 300.001 300 300 300 300 300 300 300 300 300 300 300 300 300 300 300 300 300 300 300 300 300 300 300 300 300 300 300 300 300 300 300 300 300 300 300 299.999 299.928 293.905 293.833 293.833 293.833 293.833 293.833 293.833 293.833 293.833 293.833 293.833 293.833 293.833 293.833 293.833 293.833 293.833 293.833 293.833 293.833 293.833 293.833 293.833 293.833 293.833 293.833 293.833 293.833 293.833 293.833 
306.172 306.172 306.172 306.172 306.172 306.172 306.172 306.172 306.172 306.172 306.172 306.172 306.172 306.172 306.172 306.172 306.172 306.172 306.172 306.172 306.172 306.172 306.172 306.172 306.172 306.172 306.172 306.172 306.172 306.171 306.099 300.073 300.001 300 300 300 300 300 300 300 300 300 300 300 300 300 300 300 300 300 300 300 300 300 300 300 300 300 300 300 300 300 300 300 300 300 300 300 299.999 299.928 293.897 293.825 293.825 293.825 293.825 293.825 293.825 293.825 293.825 293.825 293.825 293.825 293.825 293.825 293.825 293.825 293.825 293.825 293.825 293.825 293.825 293.825 293.825 293.825 293.825 293.825 293.825 293.825 293.825 293.825 
306.18 306.18 306.18 306.18 306.18 306.18 306.18 306.18 306.18 306.18 306.18 306.18 306.18 306.18 306.18 306.18 306.18 306.18 306.18 306.18 306.18 306.18 306.18 306.18 306.18 306.18 306.18 306.18 306.18 306.18 306.108 300.073 300.001 300 300 300 300 300 300 300 300 300 300 300 300 300 300 300 300 300 300 300 300 300 300 300 300 300 300 300 300 300 300 300 300 300 300 300 299.999 299.927 293.889 293.817 293.816 293.816 293.816 293.816 293.816 293.816 293.816 293.816 293.816 293.816 293.816 293.816 293.816 293.816 293.816 293.816 293.816 293.816 293.816 293.816 293.816 293.816 293.816 293.816 293.816 293.816 293.816 293.816 
306.189 306.189 306.189 306.189 306.189 306.189 306.189 306.189 306.189 306.189 306.189 306.189 306.189 306.189 306.189 306.189 306.189 306.189 306.189 306.189 306.189 306.189 306.189 306.189 306.189 306.189 306.189 306.189 306.189 306.188 306.116 300.073 300.001 300 300 300 300 300 300 300 300 300 300 300 300 300 300 300 300 300 300 300 300 300 300 300 300 300 300 300 300 300 300 300 300 300 300 300 299.999 299.927 293.881 293.809 293.808 293.808 293.808 293.808 293.808 293.808 293.808 293.808 293.808 293.808 293.808 293.808 293.808 293.808 293.808 293.808 293.808 293.808 293.808 293.808 293.808 293.808 293.808 293.808 293.808 293.808 293.808 293.808 
306.197 306.197 306.197 306.197 306.197 306.197 306.197 306.197 306.197 306.197 306.197 306.197 306.197 306.197 306.197 306.197 306.197 306.197 306.197 306.197 306.197 306.197 306.197 306.197 306.197 306.197 306.197 306.197 306.197 306.196 306.124 300.073 300.001 300 300 300 300 300 300 300 300 300 300 300 300 300 300 300 300 300 300 300 300 300 300 300 300 300 300 300 300 300 300 300 300 300 300 300 299.999 299.927 293.873 293.8 293.8 293.8 293.8 293.8 293.8 293.8 293.8 293.8 293.8 293.8 293.8 293.8 293.8 293.8 293.8 293.8 293.8 293.8 293.8 293.8 293.8 293.8 293.8 293.8 293.8 293.8 293.8 293.8 
306.205 306.205 306.205 306.205 306.205 306.205 306.205 306.205 306.205 306.205 306.205 306.205 306.205 306.205 306.205 306.205 306.205 306.205 306.205 306.205 306.205 306.205 306.205 306.205 306.205 306.205 306.205 306.205 306.205 306.205 306.132 300.073 300.001 300 300 300 300 300 300 300 300 300 300 300 300 300 300 300 300 300 300 300 300 300 300 300 300 300 300 300 300 300 300 300 300 300 300 300 299.999 299.927 293.865 293.792 293.791 293.791 293.791 293.791 293.791 293.791 293.791 293.791 293.791 293.791 293.791 293.791 293.791 293.791 293.791 293.791 293.791 293.791 293.791 293.791 293.791 293.791 293.791 293.791 293.791 293.791 293.791 293.791 
306.213 306.213 306.213 306.213 306.213 306.213 306.213 306.213 306.213 306.213 306.213 306.213 306.213 306.213 306.213 306.213 306.213 306.213 306.213 306.213 306.213 306.213 306.213 306.213 306.213 306.213 306.213 306.213 306.213 306.213 306.14 300.074 300.001 300 300 300 300 300 300 300 300 300 300 300 300 300 300 300 300 300 300 300 300 300 300 300 300 300 300 300 300 300 300 300 300 300 300 300 299.999 299.927 293.856 293.784 293.783 293.783 293.783 293.783 293.783 293.783 293.783 293.783 293.783 293.783 293.783 293.783 293.783 293.783 293.783 293.783 293.783 293.783 293.783 293.783 293.783 293.783 293.783 293.783 293.783 293.783 293.783 293.783 
306.222 306.222 306.222 306.222 306.222 306.222 306.222 306.222 306.222 306.222 306.222 306.222 306.222 306.222 306.222 306.222 306.222 306.222 306.222 306.222 306.222 306.222 306.222 306.222 306.222 306.222 306.222 306.222 306.222 306.221 306.148 300.074 300.001 300 300 300 300 300 300 300 300 300 300 300 300 300 300 300 300 300 300 300 300 300 300 300 300 300 300 300 300 300 300 300 300 300 300 300 299.999 299.926 293.848 293.775 293.775 293.775 293.775 293.775 293.775 293.775 293.775 293.775 293.775 293.775 293.775 293.775 293.775 293.775 293.775 293.775 293.775 293.775 293.775 293.775 293.775 293.775 293.775 293.775 293.775 293.775 293.775 293.775 
306.23 306.23 306.23 306.23 306.23 306.23 306.23 306.23 306.23 306.23 306.23 306.23 306.23 306.23 306.23 306.23 306.23 306.23 306.23 306.23 306.23 306.23 306.23 306.23 306.23 306.23 306.23 306.23 306.23 306.229 306.156 300.074 300.001 300 300 300 300 300 300 300 300 300 300 300 300 300 300 300 300 300 300 300 300 300 300 300 300 300 300 300 300 300 300 300 300 300 300 300 299.999 299.926 293.84 293.767 293.767 293.767 293.767 293.767 293.767 293.767 293.767 293.767 293.767 293.767 293.767 293.767 293.767 293.767 293.767 293.767 293.767 293.767 293.767 293.767 293.767 293.767 293.767 293.767 293.767 293.767 293.767 293.767 
306.238 306.238 306.238 306.238 306.238 306.238 306.238 306.238 306.238 306.238 306.238 306.238 306.238 306.238 306.238 306.238 306.238 306.238 306.238 306.238 306.238 306.238 306.238 306.238 306.238 306.238 306.238 306.238 306.238 306.238 306.164 300.074 300.001 300 300 300 300 300 300 300 300 300 300 300 300 300 300 300 300 300 300 300 300 300 300 300 300 300 300 300 300 300 300 300 300 300 300 300 299.999 299.926 293.832 293.759 293.758 293.758 293.758 293.758 293.758 293.758 293.758 293.758 293.758 293.758 293.758 293.758 293.758 293.758 293.758 293.758 293.758 293.758 293.758 293.758 293.758 293.758 293.758 293.758 293.758 293.758 293.758 293.758 
306.246 306.246 306.246 306.246 306.246 306.246 306.246 306.246 306.246 306.246 306.246 306.246 306.246 306.246 306.246 306.246 306.246 306.246 306.246 306.246 306.246 306.246 306.246 306.246 306.246 306.246 306.246 306.246 306.246 306.246 306.172 300.074 300.001 300 300 300 300 300 300 300 300 300 300 300 300 300 300 300 300 300 300 300 300 300 300 300 300 300 300 300 300 300 300 300 300 300 300 300 299.999 299.926 293.824 293.751 293.75 293.75 293.75 293.75 293.75 293.75 293.75 293.75 293.75 293.75 293.75 293.75 293.75 293.75 293.75 293.75 293.75 293.75 293.75 293.75 293.75 293.75 293.75 293.75 293.75 293.75 293.75 293.75 
306.255 306.255 306.255 306.255 306.255 306.255 306.255 306.255 306.255 306.255 306.255 306.255 306.255 306.255 306.255 306.255 306.255 306.255 306.255 306.255 306.255 306.255 306.255 306.255 306.255 306.255 306.255 306.255 306.255 306.254 306.18 300.075 300.001 300 300 300 300 300 300 300 300 300 300 300 300 300 300 300 300 300 300 300 300 300 300 300 300 300 300 300 300 300 300 300 300 300 300 300 299.999 299.926 293.816 293.742 293.742 293.742 293.742 293.742 293.742 293.742 293.742 293.742 293.742 293.742 293.742 293.742 293.742 293.742 293.742 293.742 293.742 293.742 293.742 293.742 293.742 293.742 293.742 293.742 293.742 293.742 293.742 293.742 
306.263 306.263 306.263 306.263 306.263 306.263 306.263 306.263 306.263 306.263 306.263 306.263 306.263 306.263 306.263 306.263 306.263 306.263 306.263 306.263 306.263 306.263 306.263 306.263 306.263 306.263 306.263 306.263 306.263 306.262 306.188 300.075 300.001 300 300 300 300 300 300 300 300 300 300 300 300 300 300 300 300 300 300 300 300 300 300 300 300 300 300 300 300 300 300 300 300 300 300 300 299.999 299.926 293.808 293.734 293.734 293.734 293.734 293.734 293.734 293.734 293.734 293.734 293.734 293.734 293.734 293.734 293.734 293.734 293.734 293.734 293.734 293.734 293.734 293.734 293.734 293.734 293.734 293.734 293.734 293.734 293.734 293.734 
306.271 306.271 306.271 306.271 306.271 306.271 306.271 306.271 306.271 306.271 306.271 306.271 306.271 306.271 306.271 306.271 306.271 306.271 306.271 306.271 306.271 306.271 306.271 306.271 306.271 306.271 306.271 306.271 306.271 306.271 306.196 300.075 300.001 300 300 300 300 300 300 300 300 300 300 300 300 300 300 300 300 300 300 300 300 300 300 300 300 300 300 300 300 300 300 300 300 300 300 300 299.999 299.925 293.8 293.726 293.725 293.725 293.725 293.725 293.725 293.725 293.725 293.725 293.725 293.725 293.725 293.725 293.725 293.725 293.725 293.725 293.725 293.725 293.725 293.725 293.725 293.725 293.725 293.725 293.725 293.725 293.725 293.725 
306.28 306.28 306.28 306.28 306.28 306.28 306.28 306.28 306.28 306.28 306.28 306.28 306.28 306.28 306.28 306.28 306.28 306.28 306.28 306.28 306.28 306.28 306.28 306.28 306.28 306.28 306.28 306.28 306.28 306.279 306.204 300.075 300.001 300 300 300 300 300 300 300 300 300 300 300 300 300 300 300 300 300 300 300 300 300 300 300 300 300 300 300 300 300 300 300 300 300 300 300 299.999 299.925 293.792 293.718 293.717 293.717 293.717 293.717 293.717 293.717 293.717 293.717 293.717 293.717 293.717 293.717 293.717 293.717 293.717 293.717 293.717 293.717 293.717 293.717 293.717 293.717 293.717 293.717 293.717 293.717 293.717 293.717 
306.288 306.288 306.288 306.288 306.288 306.288 306.288 306.288 306.288 306.288 306.288 306.288 306.288 306.288 306.288 306.288 306.288 306.288 306.288 306.288 306.288 306.288 306.288 306.288 306.288 306.288 306.288 306.288 306.288 306.287 306.212 300.075 300.001 300 300 300 300 300 300 300 300 300 300 300 300 300 300 300 300 300 300 300 300 300 300 300 300 300 300 300 300 300 300 300 300 300 300 300 299.999 299.925 293.784 293.709 293.709 293.709 293.709 293.709 293.709 293.709 293.709 293.709 293.709 293.709 293.709 293.709 293.709 293.709 293.709 293.709 293.709 293.709 293.709 293.709 293.709 293.709 293.709 293.709 293.709 293.709 293.709 293.709 
306.296 306.296 306.296 306.296 306.296 306.296 306.296 306.296 306.296 306.296 306.296 306.296 306.296 306.296 306.296 306.296 306.296 306.296 306.296 306.296 306.296 306.296 306.296 306.296 306.296 306.296 306.296 306.296 306.296 306.295 306.221 300.076 300.001 300 300 300 300 300 300 300 300 300 300 300 300 300 300 300 300 300 300 300 300 300 300 300 300 300 300 300 300 300 300 300 300 300 300 300 299.999 299.925 293.776 293.701 293.7 293.7 293.7 293.7 293.7 293.7 293.7 293.7 293.7 293.7 293.7 293.7 293.7 293.7 293.7 293.7 293.7 293.7 293.7 293.7 293.7 293.7 293.7 293.7 293.7 293.7 293.7 293.7 
306.304 306.304 306.304 306.304 306.304 306.304 306.304 306.304 306.304 306.304 306.304 306.304 306.304 306.304 306.304 306.304 306.304 306.304 306.304 306.304 306.304 306.304 306.304 306.304 306.304 306.304 306.304 306.304 306.304 306.304 306.229 300.076 300.001 300 300 300 300 300 300 300 300 300 300 300 300 300 300 300 300 300 300 300 300 300 300 300 300 300 300 300 300 300 300 300 300 300 300 300 299.999 299.925 293.768 293.693 293.692 293.692 293.692 293.692 293.692 293.692 293.692 293.692 293.692 293.692 293.692 293.692 293.692 293.692 293.692 293.692 293.692 293.692 293.692 293.692 293.692 293.692 293.692 293.692 293.692 293.692 293.692 293.692 
306.313 306.313 306.313 306.313 306.313 306.313 306.313 306.313 306.313 306.313 306.313 306.313 306.313 306.313 306.313 306.313 306.313 306.313 306.313 306.313 306.313 306.313 306.313 306.313 306.313 306.313 306.313 306.313 306.313 306.312 306.237 300.076 300.001 300 300 300 300 300 300 300 300 300 300 300 300 300 300 300 300 300 300 300 300 300 300 300 300 300 300 300 300 300 300 300 300 300 300 300 299.999 299.924 293.759 293.684 293.684 293.684 293.684 293.684 293.684 293.684 293.684 293.684 293.684 293.684 293.684 293.684 293.684 293.684 293.684 293.684 293.684 293.684 293.684 293.684 293.684 293.684 293.684 293.684 293.684 293.684 293.684 293.684 
306.321 306.321 306.321 306.321 306.321 306.321 306.321 306.321 306.321 306.321 306.321 306.321 306.321 306.321 306.321 306.321 306.321 306.321 306.321 306.321 306.321 306.321 306.321 306.321 306.321 306.321 306.321 306.321 306.321 306.32 306.245 300.076 300.001 300 300 300 300 300 300 300 300 300 300 300 300 300 300 300 300 300 300 300 300 300 300 300 300 300 300 300 300 300 300 300 300 300 300 300 299.999 299.924 293.751 293.676 293.676 293.676 293.676 293.676 293.676 293.676 293.676 293.676 293.676 293.676 293.676 293.676 293.676 293.676 293.676 293.676 293.676 293.676 293.676 293.676 293.676 293.676 293.676 293.676 293.676 293.676 293.676 293.676 
306.329 306.329 306.329 306.329 306.329 306.329 306.329 306.329 306.329 306.329 306.329 306.329 306.329 306.329 306.329 306.329 306.329 306.329 306.329 306.329 306.329 306.329 306.329 306.329 306.329 306.329 306.329 306.329 306.329 306.329 306.253 300.076 300.001 300 300 300 300 300 300 300 300 300 300 300 300 300 300 300 300 300 300 300 300 300 300 300 300 300 300 300 300 300 300 300 300 300 300 300 299.999 299.924 293.743 293.668 293.667 293.667 293.667 293.667 293.667 293.667 293.667 293.667 293.667 293.667 293.667 293.667 293.667 293.667 293.667 293.667 293.667 293.667 293.667 293.667 293.667 293.667 293.667 293.667 293.667 293.667 293.667 293.667 
306.337 306.337 306.337 306.337 306.337 306.337 306.337 306.337 306.337 306.337 306.337 306.337 306.337 306.337 306.337 306.337 306.337 306.337 306.337 306.337 306.337 306.337 306.337 306.337 306.337 306.337 306.337 306.337 306.337 306.337 306.261 300.077 300.001 300 300 300 300 300 300 300 300 300 300 300 300 300 300 300 300 300 300 300 300 300 300 300 300 300 300 300 300 300 300 300 300 300 300 300 299.999 299.924 293.735 293.66 293.659 293.659 293.659 293.659 293.659 293.659 293.659 293.659 293.659 293.659 293.659 293.659 293.659 293.659 293.659 293.659 293.659 293.659 293.659 293.659 293.659 293.659 293.659 293.659 293.659 293.659 293.659 293.659 
306.346 306.346 306.346 306.346 306.346 306.346 306.346 306.346 306.346 306.346 306.346 306.346 306.346 306.346 306.346 306.346 306.346 306.346 306.346 306.346 306.346 306.346 306.346 306.346 306.346 306.346 306.346 306.346 306.346 306.345 306.269 300.077 300.001 300 300 300 300 300 300 300 300 300 300 300 300 300 300 300 300 300 300 300 300 300 300 300 300 300 300 300 300 300 300 300 300 300 300 300 299.999 299.924 293.727 293.651 293.651 293.651 293.651 293.651 293.651 293.651 293.651 293.651 293.651 293.651 293.651 293.651 293.651 293.651 293.651 293.651 293.651 293.651 293.651 293.651 293.651 293.651 293.651 293.651 293.651 293.651 293.651 293.651 
306.354 306.354 306.354 306.354 306.354 306.354 306.354 306.354 306.354 306.354 306.354 306.354 306.354 306.354 306.354 306.354 306.354 306.354 306.354 306.354 306.354 306.354 306.354 306.354 306.354 306.354 306.354 306.354 306.354 306.353 306.277 300.077 300.001 300 300 300 300 300 300 300 300 300 300 300 300 300 300 300 300 300 300 300 300 300 300 300 300 300 300 300 300 300 300 300 300 300 300 300 299.999 299.923 293.719 293.643 293.642 293.642 293.642 293.642 293.642 293.642 293.642 293.642 293.642 293.642 293.642 293.642 293.642 293.642 293.642 293.642 293.642 293.642 293.642 293.642 293.642 293.642 293.642 293.642 293.642 293.642 293.642 293.642 
306.362 306.362 306.362 306.362 306.362 306.362 306.362 306.362 306.362 306.362 306.362 306.362 306.362 306.362 306.362 306.362 306.362 306.362 306.362 306.362 306.362 306.362 306.362 306.362 306.362 306.362 306.362 306.362 306.362 306.362 306.285 300.077 300.001 300 300 300 300 300 300 300 300 300 300 300 300 300 300 300 300 300 300 300 300 300 300 300 300 300 300 300 300 300 300 300 300 300 300 300 299.999 299.923 293.711 293.635 293.634 293.634 293.634 293.634 293.634 293.634 293.634 293.634 293.634 293.634 293.634 293.634 293.634 293.634 293.634 293.634 293.634 293.634 293.634 293.634 293.634 293.634 293.634 293.634 293.634 293.634 293.634 293.634 
306.37 306.37 306.37 306.37 306.37 306.37 306.37 306.37 306.37 306.37 306.37 306.37 306.37 306.37 306.37 306.37 306.37 306.37 306.37 306.37 306.37 306.37 306.37 306.37 306.37 306.37 306.37 306.37 306.37 306.37 306.293 300.077 300.001 300 300 300 300 300 300 300 300 300 300 300 300 300 300 300 300 300 300 300 300 300 300 300 300 300 300 300 300 300 300 300 300 300 300 300 299.999 299.923 293.703 293.627 293.626 293.626 293.626 293.626 293.626 293.626 293.626 293.626 293.626 293.626 293.626 293.626 293.626 293.626 293.626 293.626 293.626 293.626 293.626 293.626 293.626 293.626 293.626 293.626 293.626 293.626 293.626 293.626 
306.379 306.379 306.379 306.379 306.379 306.379 306.379 306.379 306.379 306.379 306.379 306.379 306.379 306.379 306.379 306.379 306.379 306.379 306.379 306.379 306.379 306.379 306.379 306.379 306.379 306.379 306.379 306.379 306.379 306.378 306.301 300.078 300.001 300 300 300 300 300 300 300 300 300 300 300 300 300 300 300 300 300 300 300 300 300 300 300 300 300 300 300 300 300 300 300 300 300 300 300 299.999 299.923 293.695 293.618 293.618 293.618 293.618 293.618 293.618 293.618 293.618 293.618 293.618 293.618 293.618 293.618 293.618 293.618 293.618 293.618 293.618 293.618 293.618 293.618 293.618 293.618 293.618 293.618 293.618 293.618 293.618 293.618 
306.387 306.387 306.387 306.387 306.387 306.387 306.387 306.387 306.387 306.387 306.387 306.387 306.387 306.387 306.387 306.387 306.387 306.387 306.387 306.387 306.387 306.387 306.387 306.387 306.387 306.387 306.387 306.387 306.387 306.386 306.309 300.078 300.001 300 300 300 300 300 300 300 300 300 300 300 300 300 300 300 300 300 300 300 300 300 300 300 300 300 300 300 300 300 300 300 300 300 300 300 299.999 299.923 293.687 293.61 293.609 293.609 293.609 293.609 293.609 293.609 293.609 293.609 293.609 293.609 293.609 293.609 293.609 293.609 293.609 293.609 293.609 293.609 293.609 293.609 293.609 293.609 293.609 293.609 293.609 293.609 293.609 293.609 
306.395 306.395 306.395 306.395 306.395 306.395 306.395 306.395 306.395 306.395 306.395 306.395 306.395 306.395 306.395 306.395 306.395 306.395 306.395 306.395 306.395 306.395 306.395 306.395 306.395 306.395 306.395 306.395 306.395 306.395 306.317 300.078 300.001 300 300 300 300 300 300 300 300 300 300 300 300 300 300 300 300 300 300 300 300 300 300 300 300 300 300 300 300 300 300 300 300 300 300 300 299.999 299.922 293.679 293.602 293.601 293.601 293.601 293.601 293.601 293.601 293.601 293.601 293.601 293.601 293.601 293.601 293.601 293.601 293.601 293.601 293.601 293.601 293.601 293.601 293.601 293.601 293.601 293.601 293.601 293.601 293.601 293.601 
306.404 306.404 306.404 306.404 306.404 306.404 306.404 306.404 306.404 306.404 306.404 306.404 306.404 306.404 306.404 306.404 306.404 306.404 306.404 306.404 306.404 306.404 306.404 306.404 306.404 306.404 306.404 306.404 306.404 306.403 306.325 300.078 300.001 300 300 300 300 300 300 300 300 300 300 300 300 300 300 300 300 300 300 300 300 300 300 300 300 300 300 300 300 300 300 300 300 300 300 300 299.999 299.922 293.671 293.593 293.593 293.593 293.593 293.593 293.593 293.593 293.593 293.593 293.593 293.593 293.593 293.593 293.593 293.593 293.593 293.593 293.593 293.593 293.593 293.593 293.593 293.593 293.593 293.593 293.593 293.593 293.593 293.593 
306.412 306.412 306.412 306.412 306.412 306.412 306.412 306.412 306.412 306.412 306.412 306.412 306.412 306.412 306.412 306.412 306.412 306.412 306.412 306.412 306.412 306.412 306.412 306.412 306.412 306.412 306.412 306.412 306.412 306.411 306.334 300.078 300.001 300 300 300 300 300 300 300 300 300 300 300 300 300 300 300 300 300 300 300 300 300 300 300 300 300 300 300 300 300 300 300 300 300 300 300 299.999 299.922 293.663 293.585 293.585 293.585 293.585 293.585 293.585 293.585 293.585 293.585 293.585 293.585 293.585 293.585 293.585 293.585 293.585 293.585 293.585 293.585 293.585 293.585 293.585 293.585 293.585 293.585 293.585 293.585 293.585 293.585 
306.42 306.42 306.42 306.42 306.42 306.42 306.42 306.42 306.42 306.42 306.42 306.42 306.42 306.42 306.42 306.42 306.42 306.42 306.42 306.42 306.42 306.42 306.42 306.42 306.42 306.42 306.42 306.42 306.42 306.419 306.342 300.079 300.001 300 300 300 300 300 300 300 300 300 300 300 300 300 300 300 300 300 300 300 300 300 300 300 300 300 300 300 300 300 300 300 300 300 300 300 299.999 299.922 293.654 293.577 293.576 293.576 293.576 293.576 293.576 293.576 293.576 293.576 293.576 293.576 293.576 293.576 293.576 293.576 293.576 293.576 293.576 293.576 293.576 293.576 293.576 293.576 293.576 293.576 293.576 293.576 293.576 293.576 
306.428 306.428 306.428 306.428 306.428 306.428 306.428 306.428 306.428 306.428 306.428 306.428 306.428 306.428 306.428 306.428 306.428 306.428 306.428 306.428 306.428 306.428 306.428 306.428 306.428 306.428 306.428 306.428 306.428 306.428 306.35 300.079 300.001 300 300 300 300 300 300 300 300 300 300 300 300 300 300 300 300 300 300 300 300 300 300 300 300 300 300 300 300 300 300 300 300 300 300 300 299.999 299.922 293.646 293.569 293.568 293.568 293.568 293.568 293.568 293.568 293.568 293.568 293.568 293.568 293.568 293.568 293.568 293.568 293.568 293.568 293.568 293.568 293.568 293.568 293.568 293.568 293.568 293.568 293.568 293.568 293.568 293.568 
306.437 306.437 306.437 306.437 306.437 306.437 306.437 306.437 306.437 306.437 306.437 306.437 306.437 306.437 306.437 306.437 306.437 306.437 306.437 306.437 306.437 306.437 306.437 306.437 306.437 306.437 306.437 306.437 306.437 306.436 306.358 300.079 300.001 300 300 300 300 300 300 300 300 300 300 300 300 300 300 300 300 300 300 300 300 300 300 300 300 300 300 300 300 300 300 300 300 300 300 300 299.999 299.921 293.638 293.56 293.56 293.56 293.56 293.56 293.56 293.56 293.56 293.56 293.56 293.56 293.56 293.56 293.56 293.56 293.56 293.56 293.56 293.56 293.56 293.56 293.56 293.56 293.56 293.56 293.56 293.56 293.56 293.56 
306.445 306.445 306.445 306.445 306.445 306.445 306.445 306.445 306.445 306.445 306.445 306.445 306.445 306.445 306.445 306.445 306.445 306.445 306.445 306.445 306.445 306.445 306.445 306.445 306.445 306.445 306.445 306.445 306.445 306.444 306.366 300.079 300.001 300 300 300 300 300 300 300 300 300 300 300 300 300 300 300 300 300 300 300 300 300 300 300 300 300 300 300 300 300 300 300 300 300 300 300 299.999 299.921 293.63 293.552 293.551 293.551 293.551 293.551 293.551 293.551 293.551 293.551 293.551 293.551 293.551 293.551 293.551 293.551 293.551 293.551 293.551 293.551 293.551 293.551 293.551 293.551 293.551 293.551 293.551 293.551 293.551 293.551 
306.453 306.453 306.453 306.453 306.453 306.453 306.453 306.453 306.453 306.453 306.453 306.453 306.453 306.453 306.453 306.453 306.453 306.453 306.453 306.453 306.453 306.453 306.453 306.453 306.453 306.453 306.453 306.453 306.453 306.453 306.374 300.079 300.001 300 300 300 300 300 300 300 300 300 300 300 300 300 300 300 300 300 300 300 300 300 300 300 300 300 300 300 300 300 300 300 300 300 300 300 299.999 299.921 293.622 293.544 293.543 293.543 293.543 293.543 293.543 293.543 293.543 293.543 293.543 293.543 293.543 293.543 293.543 293.543 293.543 293.543 293.543 293.543 293.543 293.543 293.543 293.543 293.543 293.543 293.543 293.543 293.543 293.543 
306.461 306.461 306.461 306.461 306.461 306.461 306.461 306.461 306.461 306.461 306.461 306.461 306.461 306.461 306.461 306.461 306.461 306.461 306.461 306.461 306.461 306.461 306.461 306.461 306.461 306.461 306.461 306.461 306.461 306.461 306.382 300.08 300.001 300 300 300 300 300 300 300 300 300 300 300 300 300 300 300 300 300 300 300 300 300 300 300 300 300 300 300 300 300 300 300 300 300 300 300 299.999 299.921 293.614 293.536 293.535 293.535 293.535 293.535 293.535 293.535 293.535 293.535 293.535 293.535 293.535 293.535 293.535 293.535 293.535 293.535 293.535 293.535 293.535 293.535 293.535 293.535 293.535 293.535 293.535 293.535 293.535 293.535 
306.47 306.47 306.47 306.47 306.47 306.47 306.47 306.47 306.47 306.47 306.47 306.47 306.47 306.47 306.47 306.47 306.47 306.47 306.47 306.47 306.47 306.47 306.47 306.47 306.47 306.47 306.47 306.47 306.47 306.469 306.39 300.08 300.001 300 300 300 300 300 300 300 300 300 300 300 300 300 300 300 300 300 300 300 300 300 300 300 300 300 300 300 300 300 300 300 300 300 300 300 299.999 299.921 293.606 293.527 293.527 293.527 293.527 293.527 293.527 293.527 293.527 293.527 293.527 293.527 293.527 293.527 293.527 293.527 293.527 293.527 293.527 293.527 293.527 293.527 293.527 293.527 293.527 293.527 293.527 293.527 293.527 293.527 
306.478 306.478 306.478 306.478 306.478 306.478 306.478 306.478 306.478 306.478 306.478 306.478 306.478 306.478 306.478 306.478 306.478 306.478 306.478 306.478 306.478 306.478 306.478 306.478 306.478 306.478 306.478 306.478 306.478 306.477 306.398 300.08 300.001 300 300 300 300 300 300 300 300 300 300 300 300 300 300 300 300 300 300 300 300 300 300 300 300 300 300 300 300 300 300 300 300 300 300 300 299.999 299.92 293.598 293.519 293.518 293.518 293.518 293.518 293.518 293.518 293.518 293.518 293.518 293.518 293.518 293.518 293.518 293.518 293.518 293.518 293.518 293.518 293.518 293.518 293.518 293.518 293.518 293.518 293.518 293.518 293.518 293.518 
306.486 306.486 306.486 306.486 306.486 306.486 306.486 306.486 306.486 306.486 306.486 306.486 306.486 306.486 306.486 306.486 306.486 306.486 306.486 306.486 306.486 306.486 306.486 306.486 306.486 306.486 306.486 306.486 306.486 306.486 306.406 300.08 300.001 300 300 300 300 300 300 300 300 300 300 300 300 300 300 300 300 300 300 300 300 300 300 300 300 300 300 300 300 300 300 300 300 300 300 300 299.999 299.92 293.59 293.511 293.51 293.51 293.51 293.51 293.51 293.51 293.51 293.51 293.51 293.51 293.51 293.51 293.51 293.51 293.51 293.51 293.51 293.51 293.51 293.51 293.51 293.51 293.51 293.51 293.51 293.51 293.51 293.51 
306.495 306.495 306.495 306.495 306.495 306.495 306.495 306.495 306.495 306.495 306.495 306.495 306.495 306.495 306.495 306.495 306.495 306.495 306.495 306.495 306.495 306.495 306.495 306.495 306.495 306.495 306.495 306.495 306.495 306.494 306.414 300.08 300.001 300 300 300 300 300 300 300 300 300 300 300 300 300 300 300 300 300 300 300 300 300 300 300 300 300 300 300 300 300 300 300 300 300 300 300 299.999 299.92 293.582 293.502 293.502 293.502 293.502 293.502 293.502 293.502 293.502 293.502 293.502 293.502 293.502 293.502 293.502 293.502 293.502 293.502 293.502 293.502 293.502 293.502 293.502 293.502 293.502 293.502 293.502 293.502 293.502 293.502 
306.503 306.503 306.503 306.503 306.503 306.503 306.503 306.503 306.503 306.503 306.503 306.503 306.503 306.503 306.503 306.503 306.503 306.503 306.503 306.503 306.503 306.503 306.503 306.503 306.503 306.503 306.503 306.503 306.503 306.502 306.422 300.081 300.001 300 300 300 300 300 300 300 300 300 300 300 300 300 300 300 300 300 300 300 300 300 300 300 300 300 300 300 300 300 300 300 300 300 300 300 299.999 299.92 293.574 293.494 293.493 293.493 293.493 293.493 293.493 293.493 293.493 293.493 293.493 293.493 293.493 293.493 293.493 293.493 293.493 293.493 293.493 293.493 293.493 293.493 293.493 293.493 293.493 293.493 293.493 293.493 293.493 293.493 
306.511 306.511 306.511 306.511 306.511 306.511 306.511 306.511 306.511 306.511 306.511 306.511 306.511 306.511 306.511 306.511 306.511 306.511 306.511 306.511 306.511 306.511 306.511 306.511 306.511 306.511 306.511 306.511 306.511 306.51 306.43 300.081 300.001 300 300 300 300 300 300 300 300 300 300 300 300 300 300 300 300 300 300 300 300 300 300 300 300 300 300 300 300 300 300 300 300 300 300 300 299.999 299.92 293.566 293.486 293.485 293.485 293.485 293.485 293.485 293.485 293.485 293.485 293.485 293.485 293.485 293.485 293.485 293.485 293.485 293.485 293.485 293.485 293.485 293.485 293.485 293.485 293.485 293.485 293.485 293.485 293.485 293.485 
306.519 306.519 306.519 306.519 306.519 306.519 306.519 306.519 306.519 306.519 306.519 306.519 306.519 306.519 306.519 306.519 306.519 306.519 306.519 306.519 306.519 306.519 306.519 306.519 306.519 306.519 306.519 306.519 306.519 306.519 306.438 300.081 300.001 300 300 300 300 300 300 300 300 300 300 300 300 300 300 300 300 300 300 300 300 300 300 300 300 300 300 300 300 300 300 300 300 300 300 300 299.999 299.919 293.558 293.478 293.477 293.477 293.477 293.477 293.477 293.477 293.477 293.477 293.477 293.477 293.477 293.477 293.477 293.477 293.477 293.477 293.477 293.477 293.477 293.477 293.477 293.477 293.477 293.477 293.477 293.477 293.477 293.477 
306.528 306.528 306.528 306.528 306.528 306.528 306.528 306.528 306.528 306.528 306.528 306.528 306.528 306.528 306.528 306.528 306.528 306.528 306.528 306.528 306.528 306.528 306.528 306.528 306.528 306.528 306.528 306.528 306.528 306.527 306.446 300.081 300.001 300 300 300 300 300 300 300 300 300 300 300 300 300 300 300 300 300 300 300 300 300 300 300 300 300 300 300 300 300 300 300 300 300 300 300 299.999 299.919 293.549 293.469 293.469 293.469 293.469 293.469 293.469 293.469 293.469 293.469 293.469 293.469 293.469 293.469 293.469 293.469 293.469 293.469 293.469 293.469 293.469 293.469 293.469 293.469 293.469 293.469 293.469 293.469 293.469 293.469 
306.536 306.536 306.536 306.536 306.536 306.536 306.536 306.536 306.536 306.536 306.536 306.536 306.536 306.536 306.536 306.536 306.536 306.536 306.536 306.536 306.536 306.536 306.536 306.536 306.536 306.536 306.536 306.536 306.536 306.535 306.455 300.081 300.001 300 300 300 300 300 300 300 300 300 300 300 300 300 300 300 300 300 300 300 300 300 300 300 300 300 300 300 300 300 300 300 300 300 300 300 299.999 299.919 293.541 293.461 293.46 293.46 293.46 293.46 293.46 293.46 293.46 293.46 293.46 293.46 293.46 293.46 293.46 293.46 293.46 293.46 293.46 293.46 293.46 293.46 293.46 293.46 293.46 293.46 293.46 293.46 293.46 293.46 
306.544 306.544 306.544 306.544 306.544 306.544 306.544 306.544 306.544 306.544 306.544 306.544 306.544 306.544 306.544 306.544 306.544 306.544 306.544 306.544 306.544 306.544 306.544 306.544 306.544 306.544 306.544 306.544 306.544 306.543 306.463 300.082 300.001 300 300 300 300 300 300 300 300 300 300 300 300 300 300 300 300 300 300 300 300 300 300 300 300 300 300 300 300 300 300 300 300 300 300 300 299.999 299.919 293.533 293.453 293.452 293.452 293.452 293.452 293.452 293.452 293.452 293.452 293.452 293.452 293.452 293.452 293.452 293.452 293.452 293.452 293.452 293.452 293.452 293.452 293.452 293.452 293.452 293.452 293.452 293.452 293.452 293.452 
306.552 306.552 306.552 306.552 306.552 306.552 306.552 306.552 306.552 306.552 306.552 306.552 306.552 306.552 306.552 306.552 306.552 306.552 306.552 306.552 306.552 306.552 306.552 306.552 306.552 306.552 306.552 306.552 306.552 306.552 306.471 300.082 300.001 300 300 300 300 300 300 300 300 300 300 300 300 300 300 300 300 300 300 300 300 300 300 300 300 300 300 300 300 300 300 300 300 300 300 300 299.999 299.919 293.525 293.444 293.444 293.444 293.444 293.444 293.444 293.444 293.444 293.444 293.444 293.444 293.444 293.444 293.444 293.444 293.444 293.444 293.444 293.444 293.444 293.444 293.444 293.444 293.444 293.444 293.444 293.444 293.444 293.444 
306.561 306.561 306.561 306.561 306.561 306.561 306.561 306.561 306.561 306.561 306.561 306.561 306.561 306.561 306.561 306.561 306.561 306.561 306.561 306.561 306.561 306.561 306.561 306.561 306.561 306.561 306.561 306.561 306.561 306.56 306.479 300.082 300.001 300 300 300 300 300 300 300 300 300 300 300 300 300 300 300 300 300 300 300 300 300 300 300 300 300 300 300 300 300 300 300 300 300 300 300 299.999 299.918 293.517 293.436 293.436 293.436 293.436 293.436 293.436 293.436 293.436 293.436 293.436 293.436 293.436 293.436 293.436 293.436 293.436 293.436 293.436 293.436 293.436 293.436 293.436 293.436 293.436 293.436 293.436 293.436 293.436 293.436 
306.569 306.569 306.569 306.569 306.569 306.569 306.569 306.569 306.569 306.569 306.569 306.569 306.569 306.569 306.569 306.569 306.569 306.569 306.569 306.569 306.569 306.569 306.569 306.569 306.569 306.569 306.569 306.569 306.569 306.568 306.487 300.082 300.001 300 300 300 300 300 300 300 300 300 300 300 300 300 300 300 300 300 300 300 300 300 300 300 300 300 300 300 300 300 300 300 300 300 300 300 299.999 299.918 293.509 293.428 293.427 293.427 293.427 293.427 293.427 293.427 293.427 293.427 293.427 293.427 293.427 293.427 293.427 293.427 293.427 293.427 293.427 293.427 293.427 293.427 293.427 293.427 293.427 293.427 293.427 293.427 293.427 293.427 
306.577 306.577 306.577 306.577 306.577 306.577 306.577 306.577 306.577 306.577 306.577 306.577 306.577 306.577 306.577 306.577 306.577 306.577 306.577 306.577 306.577 306.577 306.577 306.577 306.577 306.577 306.577 306.577 306.577 306.576 306.495 300.082 300.001 300 300 300 300 300 300 300 300 300 300 300 300 300 300 300 300 300 300 300 300 300 300 300 300 300 300 300 300 300 300 300 300 300 300 300 299.999 299.918 293.501 293.42 293.419 293.419 293.419 293.419 293.419 293.419 293.419 293.419 293.419 293.419 293.419 293.419 293.419 293.419 293.419 293.419 293.419 293.419 293.419 293.419 293.419 293.419 293.419 293.419 293.419 293.419 293.419 293.419 
306.585 306.585 306.585 306.585 306.585 306.585 306.585 306.585 306.585 306.585 306.585 306.585 306.585 306.585 306.585 306.585 306.585 306.585 306.585 306.585 306.585 306.585 306.585 306.585 306.585 306.585 306.585 306.585 306.585 306.585 306.503 300.083 300.001 300 300 300 300 300 300 300 300 300 300 300 300 300 300 300 300 300 300 300 300 300 300 300 300 300 300 300 300 300 300 300 300 300 300 300 299.999 299.918 293.493 293.411 293.411 293.411 293.411 293.411 293.411 293.411 293.411 293.411 293.411 293.411 293.411 293.411 293.411 293.411 293.411 293.411 293.411 293.411 293.411 293.411 293.411 293.411 293.411 293.411 293.411 293.411 293.411 293.411 
306.594 306.594 306.594 306.594 306.594 306.594 306.594 306.594 306.594 306.594 306.594 306.594 306.594 306.594 306.594 306.594 306.594 306.594 306.594 306.594 306.594 306.594 306.594 306.594 306.594 306.594 306.594 306.594 306.594 306.593 306.511 300.083 300.001 300 300 300 300 300 300 300 300 300 300 300 300 300 300 300 300 300 300 300 300 300 300 300 300 300 300 300 300 300 300 300 300 300 300 300 299.999 299.918 293.485 293.403 293.402 293.402 293.402 293.402 293.402 293.402 293.402 293.402 293.402 293.402 293.402 293.402 293.402 293.402 293.402 293.402 293.402 293.402 293.402 293.402 293.402 293.402 293.402 293.402 293.402 293.402 293.402 293.402 
306.602 306.602 306.602 306.602 306.602 306.602 306.602 306.602 306.602 306.602 306.602 306.602 306.602 306.602 306.602 306.602 306.602 306.602 306.602 306.602 306.602 306.602 306.602 306.602 306.602 306.602 306.602 306.602 306.602 306.601 306.519 300.083 300.001 300 300 300 300 300 300 300 300 300 300 300 300 300 300 300 300 300 300 300 300 300 300 300 300 300 300 300 300 300 300 300 300 300 300 300 299.999 299.917 293.477 293.395 293.394 293.394 293.394 293.394 293.394 293.394 293.394 293.394 293.394 293.394 293.394 293.394 293.394 293.394 293.394 293.394 293.394 293.394 293.394 293.394 293.394 293.394 293.394 293.394 293.394 293.394 293.394 293.394 
306.61 306.61 306.61 306.61 306.61 306.61 306.61 306.61 306.61 306.61 306.61 306.61 306.61 306.61 306.61 306.61 306.61 306.61 306.61 306.61 306.61 306.61 306.61 306.61 306.61 306.61 306.61 306.61 306.61 306.61 306.527 300.083 300.001 300 300 300 300 300 300 300 300 300 300 300 300 300 300 300 300 300 300 300 300 300 300 300 300 300 300 300 300 300 300 300 300 300 300 300 299.999 299.917 293.469 293.387 293.386 293.386 293.386 293.386 293.386 293.386 293.386 293.386 293.386 293.386 293.386 293.386 293.386 293.386 293.386 293.386 293.386 293.386 293.386 293.386 293.386 293.386 293.386 293.386 293.386 293.386 293.386 293.386 
306.619 306.619 306.619 306.619 306.619 306.619 306.619 306.619 306.619 306.619 306.619 306.619 306.619 306.619 306.619 306.619 306.619 306.619 306.619 306.619 306.619 306.619 306.619 306.619 306.619 306.619 306.619 306.619 306.619 306.618 306.535 300.083 300.001 300 300 300 300 300 300 300 300 300 300 300 300 300 300 300 300 300 300 300 300 300 300 300 300 300 300 300 300 300 300 300 300 300 300 300 299.999 299.917 293.461 293.378 293.378 293.378 293.378 293.378 293.378 293.378 293.378 293.378 293.378 293.378 293.378 293.378 293.378 293.378 293.378 293.378 293.378 293.378 293.378 293.378 293.378 293.378 293.378 293.378 293.378 293.378 293.378 293.378 
306.627 306.627 306.627 306.627 306.627 306.627 306.627 306.627 306.627 306.627 306.627 306.627 306.627 306.627 306.627 306.627 306.627 306.627 306.627 306.627 306.627 306.627 306.627 306.627 306.627 306.627 306.627 306.627 306.627 306.626 306.543 300.084 300.001 300 300 300 300 300 300 300 300 300 300 300 300 300 300 300 300 300 300 300 300 300 300 300 300 300 300 300 300 300 300 300 300 300 300 300 299.999 299.917 293.453 293.37 293.369 293.369 293.369 293.369 293.369 293.369 293.369 293.369 293.369 293.369 293.369 293.369 293.369 293.369 293.369 293.369 293.369 293.369 293.369 293.369 293.369 293.369 293.369 293.369 293.369 293.369 293.369 293.369 
306.635 306.635 306.635 306.635 306.635 306.635 306.635 306.635 306.635 306.635 306.635 306.635 306.635 306.635 306.635 306.635 306.635 306.635 306.635 306.635 306.635 306.635 306.635 306.635 306.635 306.635 306.635 306.635 306.635 306.634 306.551 300.084 300.001 300 300 300 300 300 300 300 300 300 300 300 300 300 300 300 300 300 300 300 300 300 300 300 300 300 300 300 300 300 300 300 300 300 300 300 299.999 299.917 293.444 293.362 293.361 293.361 293.361 293.361 293.361 293.361 293.361 293.361 293.361 293.361 293.361 293.361 293.361 293.361 293.361 293.361 293.361 293.361 293.361 293.361 293.361 293.361 293.361 293.361 293.361 293.361 293.361 293.361 
306.643 306.643 306.643 306.643 306.643 306.643 306.643 306.643 306.643 306.643 306.643 306.643 306.643 306.643 306.643 306.643 306.643 306.643 306.643 306.643 306.643 306.643 306.643 306.643 306.643 306.643 306.643 306.643 306.643 306.643 306.559 300.084 300.001 300 300 300 300 300 300 300 300 300 300 300 300 300 300 300 300 300 300 300 300 300 300 300 300 300 300 300 300 300 300 300 300 300 300 300 299.999 299.916 293.436 293.353 293.353 293.353 293.353 293.353 293.353 293.353 293.353 293.353 293.353 293.353 293.353 293.353 293.353 293.353 293.353 293.353 293.353 293.353 293.353 293.353 293.353 293.353 293.353 293.353 293.353 293.353 293.353 293.353 
306.652 306.652 306.652 306.652 306.652 306.652 306.652 306.652 306.652 306.652 306.652 306.652 306.652 306.652 306.652 306.652 306.652 306.652 306.652 306.652 306.652 306.652 306.652 306.652 306.652 306.652 306.652 306.652 306.652 306.651 306.567 300.084 300.001 300 300 300 300 300 300 300 300 300 300 300 300 300 300 300 300 300 300 300 300 300 300 300 300 300 300 300 300 300 300 300 300 300 300 300 299.999 299.916 293.428 293.345 293.344 293.344 293.344 293.344 293.344 293.344 293.344 293.344 293.344 293.344 293.344 293.344 293.344 293.344 293.344 293.344 293.344 293.344 293.344 293.344 293.344 293.344 293.344 293.344 293.344 293.344 293.344 293.344 
306.66 306.66 306.66 306.66 306.66 306.66 306.66 306.66 306.66 306.66 306.66 306.66 306.66 306.66 306.66 306.66 306.66 306.66 306.66 306.66 306.66 306.66 306.66 306.66 306.66 306.66 306.66 306.66 306.66 306.659 306.575 300.085 300.001 300 300 300 300 300 300 300 300 300 300 300 300 300 300 300 300 300 300 300 300 300 300 300 300 300 300 300 300 300 300 300 300 300 300 300 299.999 299.916 293.42 293.337 293.336 293.336 293.336 293.336 293.336 293.336 293.336 293.336 293.336 293.336 293.336 293.336 293.336 293.336 293.336 293.336 293.336 293.336 293.336 293.336 293.336 293.336 293.336 293.336 293.336 293.336 293.336 293.336 
306.668 306.668 306.668 306.668 306.668 306.668 306.668 306.668 306.668 306.668 306.668 306.668 306.668 306.668 306.668 306.668 306.668 306.668 306.668 306.668 306.668 306.668 306.668 306.668 306.668 306.668 306.668 306.668 306.668 306.667 306.584 300.085 300.001 300 300 300 300 300 300 300 300 300 300 300 300 300 300 300 300 300 300 300 300 300 300 300 300 300 300 300 300 300 300 300 300 300 300 300 299.999 299.916 293.412 293.329 293.328 293.328 293.328 293.328 293.328 293.328 293.328 293.328 293.328 293.328 293.328 293.328 293.328 293.328 293.328 293.328 293.328 293.328 293.328 293.328 293.328 293.328 293.328 293.328 293.328 293.328 293.328 293.328 
306.676 306.676 306.676 306.676 306.676 306.676 306.676 306.676 306.676 306.676 306.676 306.676 306.676 306.676 306.676 306.676 306.676 306.676 306.676 306.676 306.676 306.676 306.676 306.676 306.676 306.676 306.676 306.676 306.676 306.676 306.592 300.085 300.001 300 300 300 300 300 300 300 300 300 300 300 300 300 300 300 300 300 300 300 300 300 300 300 300 300 300 300 300 300 300 300 300 300 300 300 299.999 299.916 293.404 293.32 293.32 293.32 293.32 293.32 293.32 293.32 293.32 293.32 293.32 293.32 293.32 293.32 293.32 293.32 293.32 293.32 293.32 293.32 293.32 293.32 293.32 293.32 293.32 293.32 293.32 293.32 293.32 293.32 
306.685 306.685 306.685 306.685 306.685 306.685 306.685 306.685 306.685 306.685 306.685 306.685 306.685 306.685 306.685 306.685 306.685 306.685 306.685 306.685 306.685 306.685 306.685 306.685 306.685 306.685 306.685 306.685 306.685 306.684 306.6 300.085 300.001 300 300 300 300 300 300 300 300 300 300 300 300 300 300 300 300 300 300 300 300 300 300 300 300 300 300 300 300 300 300 300 300 300 300 300 299.999 299.915 293.396 293.312 293.311 293.311 293.311 293.311 293.311 293.311 293.311 293.311 293.311 293.311 293.311 293.311 293.311 293.311 293.311 293.311 293.311 293.311 293.311 293.311 293.311 293.311 293.311 293.311 293.311 293.311 293.311 293.311 
306.693 306.693 306.693 306.693 306.693 306.693 306.693 306.693 306.693 306.693 306.693 306.693 306.693 306.693 306.693 306.693 306.693 306.693 306.693 306.693 306.693 306.693 306.693 306.693 306.693 306.693 306.693 306.693 306.693 306.692 306.608 300.085 300.001 300 300 300 300 300 300 300 300 300 300 300 300 300 300 300 300 300 300 300 300 300 300 300 300 300 300 300 300 300 300 300 300 300 300 300 299.999 299.915 293.388 293.304 293.303 293.303 293.303 293.303 293.303 293.303 293.303 293.303 293.303 293.303 293.303 293.303 293.303 293.303 293.303 293.303 293.303 293.303 293.303 293.303 293.303 293.303 293.303 293.303 293.303 293.303 293.303 293.303 
306.701 306.701 306.701 306.701 306.701 306.701 306.701 306.701 306.701 306.701 306.701 306.701 306.701 306.701 306.701 306.701 306.701 306.701 306.701 306.701 306.701 306.701 306.701 306.701 306.701 306.701 306.701 306.701 306.701 306.7 306.616 300.086 300.001 300 300 300 300 300 300 300 300 300 300 300 300 300 300 300 300 300 300 300 300 300 300 300 300 300 300 300 300 300 300 300 300 300 300 300 299.999 299.915 293.38 293.296 293.295 293.295 293.295 293.295 293.295 293.295 293.295 293.295 293.295 293.295 293.295 293.295 293.295 293.295 293.295 293.295 293.295 293.295 293.295 293.295 293.295 293.295 293.295 293.295 293.295 293.295 293.295 293.295 
306.709 306.709 306.709 306.709 306.709 306.709 306.709 306.709 306.709 306.709 306.709 306.709 306.709 306.709 306.709 306.709 306.709 306.709 306.709 306.709 306.709 306.709 306.709 306.709 306.709 306.709 306.709 306.709 306.709 306.709 306.624 300.086 300.001 300 300 300 300 300 300 300 300 300 300 300 300 300 300 300 300 300 300 300 300 300 300 300 300 300 300 300 300 300 300 300 300 300 300 300 299.999 299.915 293.372 293.287 293.287 293.287 293.287 293.287 293.287 293.287 293.287 293.287 293.287 293.287 293.287 293.287 293.287 293.287 293.287 293.287 293.287 293.287 293.287 293.287 293.287 293.287 293.287 293.287 293.287 293.287 293.287 293.287 
306.718 306.718 306.718 306.718 306.718 306.718 306.718 306.718 306.718 306.718 306.718 306.718 306.718 306.718 306.718 306.718 306.718 306.718 306.718 306.718 306.718 306.718 306.718 306.718 306.718 306.718 306.718 306.718 306.718 306.717 306.632 300.086 300.001 300 300 300 300 300 300 300 300 300 300 300 300 300 300 300 300 300 300 300 300 300 300 300 300 300 300 300 300 300 300 300 300 300 300 300 299.999 299.914 293.364 293.279 293.278 293.278 293.278 293.278 293.278 293.278 293.278 293.278 293.278 293.278 293.278 293.278 293.278 293.278 293.278 293.278 293.278 293.278 293.278 293.278 293.278 293.278 293.278 293.278 293.278 293.278 293.278 293.278 
306.726 306.726 306.726 306.726 306.726 306.726 306.726 306.726 306.726 306.726 306.726 306.726 306.726 306.726 306.726 306.726 306.726 306.726 306.726 306.726 306.726 306.726 306.726 306.726 306.726 306.726 306.726 306.726 306.726 306.725 306.64 300.086 300.001 300 300 300 300 300 300 300 300 300 300 300 300 300 300 300 300 300 300 300 300 300 300 300 300 300 300 300 300 300 300 300 300 300 300 300 299.999 299.914 293.356 293.271 293.27 293.27 293.27 293.27 293.27 293.27 293.27 293.27 293.27 293.27 293.27 293.27 293.27 293.27 293.27 293.27 293.27 293.27 293.27 293.27 293.27 293.27 293.27 293.27 293.27 293.27 293.27 293.27 
306.734 306.734 306.734 306.734 306.734 306.734 306.734 306.734 306.734 306.734 306.734 306.734 306.734 306.734 306.734 306.734 306.734 306.734 306.734 306.734 306.734 306.734 306.734 306.734 306.734 306.734 306.734 306.734 306.734 306.734 306.648 300.086 300.001 300 300 300 300 300 300 300 300 300 300 300 300 300 300 300 300 300 300 300 300 300 300 300 300 300 300 300 300 300 300 300 300 300 300 300 299.999 299.914 293.348 293.262 293.262 293.262 293.262 293.262 293.262 293.262 293.262 293.262 293.262 293.262 293.262 293.262 293.262 293.262 293.262 293.262 293.262 293.262 293.262 293.262 293.262 293.262 293.262 293.262 293.262 293.262 293.262 293.262 
306.743 306.743 306.743 306.743 306.743 306.743 306.743 306.743 306.743 306.743 306.743 306.743 306.743 306.743 306.743 306.743 306.743 306.743 306.743 306.743 306.743 306.743 306.743 306.743 306.743 306.743 306.743 306.743 306.743 306.742 306.656 300.087 300.001 300 300 300 300 300 300 300 300 300 300 300 300 300 300 300 300 300 300 300 300 300 300 300 300 300 300 300 300 300 300 300 300 300 300 300 299.999 299.914 293.34 293.254 293.253 293.253 293.253 293.253 293.253 293.253 293.253 293.253 293.253 293.253 293.253 293.253 293.253 293.253 293.253 293.253 293.253 293.253 293.253 293.253 293.253 293.253 293.253 293.253 293.253 293.253 293.253 293.253 
306.751 306.751 306.751 306.751 306.751 306.751 306.751 306.751 306.751 306.751 306.751 306.751 306.751 306.751 306.751 306.751 306.751 306.751 306.751 306.751 306.751 306.751 306.751 306.751 306.751 306.751 306.751 306.751 306.751 306.75 306.664 300.087 300.001 300 300 300 300 300 300 300 300 300 300 300 300 300 300 300 300 300 300 300 300 300 300 300 300 300 300 300 300 300 300 300 300 300 300 300 299.999 299.914 293.332 293.246 293.245 293.245 293.245 293.245 293.245 293.245 293.245 293.245 293.245 293.245 293.245 293.245 293.245 293.245 293.245 293.245 293.245 293.245 293.245 293.245 293.245 293.245 293.245 293.245 293.245 293.245 293.245 293.245 
306.759 306.759 306.759 306.759 306.759 306.759 306.759 306.759 306.759 306.759 306.759 306.759 306.759 306.759 306.759 306.759 306.759 306.759 306.759 306.759 306.759 306.759 306.759 306.759 306.759 306.759 306.759 306.759 306.759 306.758 306.672 300.087 300.001 300 300 300 300 300 300 300 300 300 300 300 300 300 300 300 300 300 300 300 300 300 300 300 300 300 300 300 300 300 300 300 300 300 300 300 299.999 299.913 293.323 293.238 293.237 293.237 293.237 293.237 293.237 293.237 293.237 293.237 293.237 293.237 293.237 293.237 293.237 293.237 293.237 293.237 293.237 293.237 293.237 293.237 293.237 293.237 293.237 293.237 293.237 293.237 293.237 293.237 
306.767 306.767 306.767 306.767 306.767 306.767 306.767 306.767 306.767 306.767 306.767 306.767 306.767 306.767 306.767 306.767 306.767 306.767 306.767 306.767 306.767 306.767 306.767 306.767 306.767 306.767 306.767 306.767 306.767 306.767 306.68 300.087 300.001 300 300 300 300 300 300 300 300 300 300 300 300 300 300 300 300 300 300 300 300 300 300 300 300 300 300 300 300 300 300 300 300 300 300 300 299.999 299.913 293.315 293.229 293.229 293.229 293.229 293.229 293.229 293.229 293.229 293.229 293.229 293.229 293.229 293.229 293.229 293.229 293.229 293.229 293.229 293.229 293.229 293.229 293.229 293.229 293.229 293.229 293.229 293.229 293.229 293.229 
306.776 306.776 306.776 306.776 306.776 306.776 306.776 306.776 306.776 306.776 306.776 306.776 306.776 306.776 306.776 306.776 306.776 306.776 306.776 306.776 306.776 306.776 306.776 306.776 306.776 306.776 306.776 306.776 306.776 306.775 306.688 300.087 300.001 300 300 300 300 300 300 300 300 300 300 300 300 300 300 300 300 300 300 300 300 300 300 300 300 300 300 300 300 300 300 300 300 300 300 300 299.999 299.913 293.307 293.221 293.22 293.22 293.22 293.22 293.22 293.22 293.22 293.22 293.22 293.22 293.22 293.22 293.22 293.22 293.22 293.22 293.22 293.22 293.22 293.22 293.22 293.22 293.22 293.22 293.22 293.22 293.22 293.22 
306.784 306.784 306.784 306.784 306.784 306.784 306.784 306.784 306.784 306.784 306.784 306.784 306.784 306.784 306.784 306.784 306.784 306.784 306.784 306.784 306.784 306.784 306.784 306.784 306.784 306.784 306.784 306.784 306.784 306.783 306.696 300.088 300.001 300 300 300 300 300 300 300 300 300 300 300 300 300 300 300 300 300 300 300 300 300 300 300 300 300 300 300 300 300 300 300 300 300 300 300 299.999 299.913 293.299 293.213 293.212 293.212 293.212 293.212 293.212 293.212 293.212 293.212 293.212 293.212 293.212 293.212 293.212 293.212 293.212 293.212 293.212 293.212 293.212 293.212 293.212 293.212 293.212 293.212 293.212 293.212 293.212 293.212 
306.792 306.792 306.792 306.792 306.792 306.792 306.792 306.792 306.792 306.792 306.792 306.792 306.792 306.792 306.792 306.792 306.792 306.792 306.792 306.792 306.792 306.792 306.792 306.792 306.792 306.792 306.792 306.792 306.792 306.791 306.704 300.088 300.001 300 300 300 300 300 300 300 300 300 300 300 300 300 300 300 300 300 300 300 300 300 300 300 300 300 300 300 300 300 300 300 300 300 300 300 299.999 299.913 293.291 293.205 293.204 293.204 293.204 293.204 293.204 293.204 293.204 293.204 293.204 293.204 293.204 293.204 293.204 293.204 293.204 293.204 293.204 293.204 293.204 293.204 293.204 293.204 293.204 293.204 293.204 293.204 293.204 293.204 
306.8 306.8 306.8 306.8 306.8 306.8 306.8 306.8 306.8 306.8 306.8 306.8 306.8 306.8 306.8 306.8 306.8 306.8 306.8 306.8 306.8 306.8 306.8 306.8 306.8 306.8 306.8 306.8 306.8 306.8 306.712 300.088 300.001 300 300 300 300 300 300 300 300 300 300 300 300 300 300 300 300 300 300 300 300 300 300 300 300 300 300 300 300 300 300 300 300 300 300 300 299.999 299.912 293.283 293.196 293.196 293.196 293.196 293.196 293.196 293.196 293.196 293.196 293.196 293.196 293.196 293.196 293.196 293.196 293.196 293.196 293.196 293.196 293.196 293.196 293.196 293.196 293.196 293.196 293.196 293.196 293.196 293.196 
306.809 306.809 306.809 306.809 306.809 306.809 306.809 306.809 306.809 306.809 306.809 306.809 306.809 306.809 306.809 306.809 306.809 306.809 306.809 306.809 306.809 306.809 306.809 306.809 306.809 306.809 306.809 306.809 306.809 306.808 306.721 300.088 300.001 300 300 300 300 300 300 300 300 300 300 300 300 300 300 300 300 300 300 300 300 300 300 300 300 300 300 300 300 300 300 300 300 300 300 300 299.999 299.912 293.275 293.188 293.187 293.187 293.187 293.187 293.187 293.187 293.187 293.187 293.187 293.187 293.187 293.187 293.187 293.187 293.187 293.187 293.187 293.187 293.187 293.187 293.187 293.187 293.187 293.187 293.187 293.187 293.187 293.187 
306.817 306.817 306.817 306.817 306.817 306.817 306.817 306.817 306.817 306.817 306.817 306.817 306.817 306.817 306.817 306.817 306.817 306.817 306.817 306.817 306.817 306.817 306.817 306.817 306.817 306.817 306.817 306.817 306.817 306.816 306.729 300.088 300.001 300 300 300 300 300 300 300 300 300 300 300 300 300 300 300 300 300 300 300 300 300 300 300 300 300 300 300 300 300 300 300 300 300 300 300 299.999 299.912 293.267 293.18 293.179 293.179 293.179 293.179 293.179 293.179 293.179 293.179 293.179 293.179 293.179 293.179 293.179 293.179 293.179 293.179 293.179 293.179 293.179 293.179 293.179 293.179 293.179 293.179 293.179 293.179 293.179 293.179 
306.825 306.825 306.825 306.825 306.825 306.825 306.825 306.825 306.825 306.825 306.825 306.825 306.825 306.825 306.825 306.825 306.825 306.825 306.825 306.825 306.825 306.825 306.825 306.825 306.825 306.825 306.825 306.825 306.825 306.824 306.737 300.089 300.001 300 300 300 300 300 300 300 300 300 300 300 300 300 300 300 300 300 300 300 300 300 300 300 300 300 300 300 300 300 300 300 300 300 300 300 299.999 299.912 293.259 293.171 293.171 293.171 293.171 293.171 293.171 293.171 293.171 293.171 293.171 293.171 293.171 293.171 293.171 293.171 293.171 293.171 293.171 293.171 293.171 293.171 293.171 293.171 293.171 293.171 293.171 293.171 293.171 293.171 
306.833 306.833 306.833 306.833 306.833 306.833 306.833 306.833 306.833 306.833 306.833 306.833 306.833 306.833 306.833 306.833 306.833 306.833 306.833 306.833 306.833 306.833 306.833 306.833 306.833 306.833 306.833 306.833 306.833 306.833 306.745 300.089 300.001 300 300 300 300 300 300 300 300 300 300 300 300 300 300 300 300 300 300 300 300 300 300 300 300 300 300 300 300 300 300 300 300 300 300 300 299.999 299.912 293.251 293.163 293.162 293.162 293.162 293.162 293.162 293.162 293.162 293.162 293.162 293.162 293.162 293.162 293.162 293.162 293.162 293.162 293.162 293.162 293.162 293.162 293.162 293.162 293.162 293.162 293.162 293.162 293.162 293.162 
306.842 306.842 306.842 306.842 306.842 306.842 306.842 306.842 306.842 306.842 306.842 306.842 306.842 306.842 306.842 306.842 306.842 306.842 306.842 306.842 306.842 306.842 306.842 306.842 306.842 306.842 306.842 306.842 306.842 306.841 306.753 300.089 300.001 300 300 300 300 300 300 300 300 300 300 300 300 300 300 300 300 300 300 300 300 300 300 300 300 300 300 300 300 300 300 300 300 300 300 300 299.999 299.911 293.243 293.155 293.154 293.154 293.154 293.154 293.154 293.154 293.154 293.154 293.154 293.154 293.154 293.154 293.154 293.154 293.154 293.154 293.154 293.154 293.154 293.154 293.154 293.154 293.154 293.154 293.154 293.154 293.154 293.154 
306.85 306.85 306.85 306.85 306.85 306.85 306.85 306.85 306.85 306.85 306.85 306.85 306.85 306.85 306.85 306.85 306.85 306.85 306.85 306.85 306.85 306.85 306.85 306.85 306.85 306.85 306.85 306.85 306.85 306.849 306.761 300.089 300.001 300 300 300 300 300 300 300 300 300 300 300 300 300 300 300 300 300 300 300 300 300 300 300 300 300 300 300 300 300 300 300 300 300 300 300 299.999 299.911 293.235 293.147 293.146 293.146 293.146 293.146 293.146 293.146 293.146 293.146 293.146 293.146 293.146 293.146 293.146 293.146 293.146 293.146 293.146 293.146 293.146 293.146 293.146 293.146 293.146 293.146 293.146 293.146 293.146 293.146 
306.858 306.858 306.858 306.858 306.858 306.858 306.858 306.858 306.858 306.858 306.858 306.858 306.858 306.858 306.858 306.858 306.858 306.858 306.858 306.858 306.858 306.858 306.858 306.858 306.858 306.858 306.858 306.858 306.858 306.857 306.769 300.09 300.001 300 300 300 300 300 300 300 300 300 300 300 300 300 300 300 300 300 300 300 300 300 300 300 300 300 300 300 300 300 300 300 300 300 300 300 299.999 299.911 293.227 293.138 293.138 293.138 293.138 293.138 293.138 293.138 293.138 293.138 293.138 293.138 293.138 293.138 293.138 293.138 293.138 293.138 293.138 293.138 293.138 293.138 293.138 293.138 293.138 293.138 293.138 293.138 293.138 293.138 
306.867 306.867 306.867 306.867 306.867 306.867 306.867 306.867 306.867 306.867 306.867 306.867 306.867 306.867 306.867 306.867 306.867 306.867 306.867 306.867 306.867 306.867 306.867 306.867 306.867 306.867 306.867 306.867 306.867 306.866 306.777 300.09 300.001 300 300 300 300 300 300 300 300 300 300 300 300 300 300 300 300 300 300 300 300 300 300 300 300 300 300 300 300 300 300 300 300 300 300 300 299.999 299.911 293.219 293.13 293.129 293.129 293.129 293.129 293.129 293.129 293.129 293.129 293.129 293.129 293.129 293.129 293.129 293.129 293.129 293.129 293.129 293.129 293.129 293.129 293.129 293.129 293.129 293.129 293.129 293.129 293.129 293.129 
306.875 306.875 306.875 306.875 306.875 306.875 306.875 306.875 306.875 306.875 306.875 306.875 306.875 306.875 306.875 306.875 306.875 306.875 306.875 306.875 306.875 306.875 306.875 306.875 306.875 306.875 306.875 306.875 306.875 306.874 306.785 300.09 300.001 300 300 300 300 300 300 300 300 300 300 300 300 300 300 300 300 300 300 300 300 300 300 300 300 300 300 300 300 300 300 300 300 300 300 300 299.999 299.91 293.211 293.122 293.121 293.121 293.121 293.121 293.121 293.121 293.121 293.121 293.121 293.121 293.121 293.121 293.121 293.121 293.121 293.121 293.121 293.121 293.121 293.121 293.121 293.121 293.121 293.121 293.121 293.121 293.121 293.121 
306.883 306.883 306.883 306.883 306.883 306.883 306.883 306.883 306.883 306.883 306.883 306.883 306.883 306.883 306.883 306.883 306.883 306.883 306.883 306.883 306.883 306.883 306.883 306.883 306.883 306.883 306.883 306.883 306.883 306.882 306.793 300.09 300.001 300 300 300 300 300 300 300 300 300 300 300 300 300 300 300 300 300 300 300 300 300 300 300 300 300 300 300 300 300 300 300 300 300 300 300 299.999 299.91 293.202 293.114 293.113 293.113 293.113 293.113 293.113 293.113 293.113 293.113 293.113 293.113 293.113 293.113 293.113 293.113 293.113 293.113 293.113 293.113 293.113 293.113 293.113 293.113 293.113 293.113 293.113 293.113 293.113 293.113 
306.891 306.891 306.891 306.891 306.891 306.891 306.891 306.891 306.891 306.891 306.891 306.891 306.891 306.891 306.891 306.891 306.891 306.891 306.891 306.891 306.891 306.891 306.891 306.891 306.891 306.891 306.891 306.891 306.891 306.891 306.801 300.09 300.001 300 300 300 300 300 300 300 300 300 300 300 300 300 300 300 300 300 300 300 300 300 300 300 300 300 300 300 300 300 300 300 300 300 300 300 299.999 299.91 293.194 293.105 293.104 293.104 293.104 293.104 293.104 293.104 293.104 293.104 293.104 293.104 293.104 293.104 293.104 293.104 293.104 293.104 293.104 293.104 293.104 293.104 293.104 293.104 293.104 293.104 293.104 293.104 293.104 293.104 
306.9 306.9 306.9 306.9 306.9 306.9 306.9 306.9 306.9 306.9 306.9 306.9 306.9 306.9 306.9 306.9 306.9 306.9 306.9 306.9 306.9 306.9 306.9 306.9 306.9 306.9 306.9 306.9 306.9 306.899 306.809 300.091 300.001 300 300 300 300 300 300 300 300 300 300 300 300 300 300 300 300 300 300 300 300 300 300 300 300 300 300 300 300 300 300 300 300 300 300 300 299.999 299.91 293.186 293.097 293.096 293.096 293.096 293.096 293.096 293.096 293.096 293.096 293.096 293.096 293.096 293.096 293.096 293.096 293.096 293.096 293.096 293.096 293.096 293.096 293.096 293.096 293.096 293.096 293.096 293.096 293.096 293.096 
306.908 306.908 306.908 306.908 306.908 306.908 306.908 306.908 306.908 306.908 306.908 306.908 306.908 306.908 306.908 306.908 306.908 306.908 306.908 306.908 306.908 306.908 306.908 306.908 306.908 306.908 306.908 306.908 306.908 306.907 306.817 300.091 300.001 300 300 300 300 300 300 300 300 300 300 300 300 300 300 300 300 300 300 300 300 300 300 300 300 300 300 300 300 300 300 300 300 300 300 300 299.999 299.91 293.178 293.089 293.088 293.088 293.088 293.088 293.088 293.088 293.088 293.088 293.088 293.088 293.088 293.088 293.088 293.088 293.088 293.088 293.088 293.088 293.088 293.088 293.088 293.088 293.088 293.088 293.088 293.088 293.088 293.088 
306.916 306.916 306.916 306.916 306.916 306.916 306.916 306.916 306.916 306.916 306.916 306.916 306.916 306.916 306.916 306.916 306.916 306.916 306.916 306.916 306.916 306.916 306.916 306.916 306.916 306.916 306.916 306.916 306.916 306.915 306.825 300.091 300.001 300 300 300 300 300 300 300 300 300 300 300 300 300 300 300 300 300 300 300 300 300 300 300 300 300 300 300 300 300 300 300 300 300 300 300 299.999 299.909 293.17 293.08 293.08 293.08 293.08 293.08 293.08 293.08 293.08 293.08 293.08 293.08 293.08 293.08 293.08 293.08 293.08 293.08 293.08 293.08 293.08 293.08 293.08 293.08 293.08 293.08 293.08 293.08 293.08 293.08 
306.924 306.924 306.924 306.924 306.924 306.924 306.924 306.924 306.924 306.924 306.924 306.924 306.924 306.924 306.924 306.924 306.924 306.924 306.924 306.924 306.924 306.924 306.924 306.924 306.924 306.924 306.924 306.924 306.924 306.924 306.833 300.091 300.001 300 300 300 300 300 300 300 300 300 300 300 300 300 300 300 300 300 300 300 300 300 300 300 300 300 300 300 300 300 300 300 300 300 300 300 299.999 299.909 293.162 293.072 293.071 293.071 293.071 293.071 293.071 293.071 293.071 293.071 293.071 293.071 293.071 293.071 293.071 293.071 293.071 293.071 293.071 293.071 293.071 293.071 293.071 293.071 293.071 293.071 293.071 293.071 293.071 293.071 
306.933 306.933 306.933 306.933 306.933 306.933 306.933 306.933 306.933 306.933 306.933 306.933 306.933 306.933 306.933 306.933 306.933 306.933 306.933 306.933 306.933 306.933 306.933 306.933 306.933 306.933 306.933 306.933 306.933 306.932 306.841 300.091 300.001 300 300 300 300 300 300 300 300 300 300 300 300 300 300 300 300 300 300 300 300 300 300 300 300 300 300 300 300 300 300 300 300 300 300 300 299.999 299.909 293.154 293.064 293.063 293.063 293.063 293.063 293.063 293.063 293.063 293.063 293.063 293.063 293.063 293.063 293.063 293.063 293.063 293.063 293.063 293.063 293.063 293.063 293.063 293.063 293.063 293.063 293.063 293.063 293.063 293.063 
306.941 306.941 306.941 306.941 306.941 306.941 306.941 306.941 306.941 306.941 306.941 306.941 306.941 306.941 306.941 306.941 306.941 306.941 306.941 306.941 306.941 306.941 306.941 306.941 306.941 306.941 306.941 306.941 306.941 306.94 306.849 300.092 300.001 300 300 300 300 300 300 300 300 300 300 300 300 300 300 300 300 300 300 300 300 300 300 300 300 300 300 300 300 300 300 300 300 300 300 300 299.999 299.909 293.146 293.056 293.055 293.055 293.055 293.055 293.055 293.055 293.055 293.055 293.055 293.055 293.055 293.055 293.055 293.055 293.055 293.055 293.055 293.055 293.055 293.055 293.055 293.055 293.055 293.055 293.055 293.055 293.055 293.055 
306.949 306.949 306.949 306.949 306.949 306.949 306.949 306.949 306.949 306.949 306.949 306.949 306.949 306.949 306.949 306.949 306.949 306.949 306.949 306.949 306.949 306.949 306.949 306.949 306.949 306.949 306.949 306.949 306.949 306.948 306.857 300.092 300.001 300 300 300 300 300 300 300 300 300 300 300 300 300 300 300 300 300 300 300 300 300 300 300 300 300 300 300 300 300 300 300 300 300 300 300 299.999 299.909 293.138 293.047 293.047 293.047 293.047 293.047 293.047 293.047 293.047 293.047 293.047 293.047 293.047 293.047 293.047 293.047 293.047 293.047 293.047 293.047 293.047 293.047 293.047 293.047 293.047 293.047 293.047 293.047 293.047 293.047 
306.957 306.957 306.957 306.957 306.957 306.957 306.957 306.957 306.957 306.957 306.957 306.957 306.957 306.957 306.957 306.957 306.957 306.957 306.957 306.957 306.957 306.957 306.957 306.957 306.957 306.957 306.957 306.957 306.957 306.957 306.865 300.092 300.001 300 300 300 300 300 300 300 300 300 300 300 300 300 300 300 300 300 300 300 300 300 300 300 300 300 300 300 300 300 300 300 300 300 300 300 299.999 299.908 293.13 293.039 293.038 293.038 293.038 293.038 293.038 293.038 293.038 293.038 293.038 293.038 293.038 293.038 293.038 293.038 293.038 293.038 293.038 293.038 293.038 293.038 293.038 293.038 293.038 293.038 293.038 293.038 293.038 293.038 
306.966 306.966 306.966 306.966 306.966 306.966 306.966 306.966 306.966 306.966 306.966 306.966 306.966 306.966 306.966 306.966 306.966 306.966 306.966 306.966 306.966 306.966 306.966 306.966 306.966 306.966 306.966 306.966 306.966 306.965 306.874 300.092 300.001 300 300 300 300 300 300 300 300 300 300 300 300 300 300 300 300 300 300 300 300 300 300 300 300 300 300 300 300 300 300 300 300 300 300 300 299.999 299.908 293.122 293.031 293.03 293.03 293.03 293.03 293.03 293.03 293.03 293.03 293.03 293.03 293.03 293.03 293.03 293.03 293.03 293.03 293.03 293.03 293.03 293.03 293.03 293.03 293.03 293.03 293.03 293.03 293.03 293.03 
306.974 306.974 306.974 306.974 306.974 306.974 306.974 306.974 306.974 306.974 306.974 306.974 306.974 306.974 306.974 306.974 306.974 306.974 306.974 306.974 306.974 306.974 306.974 306.974 306.974 306.974 306.974 306.974 306.974 306.973 306.882 300.093 300.001 300 300 300 300 300 300 300 300 300 300 300 300 300 300 300 300 300 300 300 300 300 300 300 300 300 300 300 300 300 300 300 300 300 300 300 299.999 299.908 293.114 293.023 293.022 293.022 293.022 293.022 293.022 293.022 293.022 293.022 293.022 293.022 293.022 293.022 293.022 293.022 293.022 293.022 293.022 293.022 293.022 293.022 293.022 293.022 293.022 293.022 293.022 293.022 293.022 293.022 
306.982 306.982 306.982 306.982 306.982 306.982 306.982 306.982 306.982 306.982 306.982 306.982 306.982 306.982 306.982 306.982 306.982 306.982 306.982 306.982 306.982 306.982 306.982 306.982 306.982 306.982 306.982 306.982 306.982 306.981 306.89 300.093 300.001 300 300 300 300 300 300 300 300 300 300 300 300 300 300 300 300 300 300 300 300 300 300 300 300 300 300 300 300 300 300 300 300 300 300 300 299.999 299.908 293.106 293.014 293.013 293.013 293.013 293.013 293.013 293.013 293.013 293.013 293.013 293.013 293.013 293.013 293.013 293.013 293.013 293.013 293.013 293.013 293.013 293.013 293.013 293.013 293.013 293.013 293.013 293.013 293.013 293.013 
306.991 306.991 306.991 306.991 306.991 306.991 306.991 306.991 306.991 306.991 306.991 306.991 306.991 306.991 306.991 306.991 306.991 306.991 306.991 306.991 306.991 306.991 306.991 306.991 306.991 306.991 306.991 306.991 306.991 306.99 306.898 300.093 300.001 300 300 300 300 300 300 300 300 300 300 300 300 300 300 300 300 300 300 300 300 300 300 300 300 300 300 300 300 300 300 300 300 300 300 300 299.999 299.907 293.098 293.006 293.005 293.005 293.005 293.005 293.005 293.005 293.005 293.005 293.005 293.005 293.005 293.005 293.005 293.005 293.005 293.005 293.005 293.005 293.005 293.005 293.005 293.005 293.005 293.005 293.005 293.005 293.005 293.005 
306.999 306.999 306.999 306.999 306.999 306.999 306.999 306.999 306.999 306.999 306.999 306.999 306.999 306.999 306.999 306.999 306.999 306.999 306.999 306.999 306.999 306.999 306.999 306.999 306.999 306.999 306.999 306.999 306.999 306.998 306.906 300.093 300.001 300 300 300 300 300 300 300 300 300 300 300 300 300 300 300 300 300 300 300 300 300 300 300 300 300 300 300 300 300 300 300 300 300 300 300 299.999 299.907 293.09 292.998 292.997 292.997 292.997 292.997 292.997 292.997 292.997 292.997 292.997 292.997 292.997 292.997 292.997 292.997 292.997 292.997 292.997 292.997 292.997 292.997 292.997 292.997 292.997 292.997 292.997 292.997 292.997 292.997 
307.007 307.007 307.007 307.007 307.007 307.007 307.007 307.007 307.007 307.007 307.007 307.007 307.007 307.007 307.007 307.007 307.007 307.007 307.007 307.007 307.007 307.007 307.007 307.007 307.007 307.007 307.007 307.007 307.007 307.006 306.914 300.093 300.001 300 300 300 300 300 300 300 300 300 300 300 300 300 300 300 300 300 300 300 300 300 300 300 300 300 300 300 300 300 300 300 300 300 300 300 299.999 299.907 293.082 292.989 292.989 292.989 292.989 292.989 292.989 292.989 292.989 292.989 292.989 292.989 292.989 292.989 292.989 292.989 292.989 292.989 292.989 292.989 292.989 292.989 292.989 292.989 292.989 292.989 292.989 292.989 292.989 292.989 
307.015 307.015 307.015 307.015 307.015 307.015 307.015 307.015 307.015 307.015 307.015 307.015 307.015 307.015 307.015 307.015 307.015 307.015 307.015 307.015 307.015 307.015 307.015 307.015 307.015 307.015 307.015 307.015 307.015 307.014 306.922 300.094 300.001 300 300 300 300 300 300 300 300 300 300 300 300 300 300 300 300 300 300 300 300 300 300 300 300 300 300 300 300 300 300 300 300 300 300 300 299.999 299.907 293.073 292.981 292.98 292.98 292.98 292.98 292.98 292.98 292.98 292.98 292.98 292.98 292.98 292.98 292.98 292.98 292.98 292.98 292.98 292.98 292.98 292.98 292.98 292.98 292.98 292.98 292.98 292.98 292.98 292.98 
307.024 307.024 307.024 307.024 307.024 307.024 307.024 307.024 307.024 307.024 307.024 307.024 307.024 307.024 307.024 307.024 307.024 307.024 307.024 307.024 307.024 307.024 307.024 307.024 307.024 307.024 307.024 307.024 307.024 307.023 306.93 300.094 300.001 300 300 300 300 300 300 300 300 300 300 300 300 300 300 300 300 300 300 300 300 300 300 300 300 300 300 300 300 300 300 300 300 300 300 300 299.999 299.907 293.065 292.973 292.972 292.972 292.972 292.972 292.972 292.972 292.972 292.972 292.972 292.972 292.972 292.972 292.972 292.972 292.972 292.972 292.972 292.972 292.972 292.972 292.972 292.972 292.972 292.972 292.972 292.972 292.972 292.972 
307.032 307.032 307.032 307.032 307.032 307.032 307.032 307.032 307.032 307.032 307.032 307.032 307.032 307.032 307.032 307.032 307.032 307.032 307.032 307.032 307.032 307.032 307.032 307.032 307.032 307.032 307.032 307.032 307.032 307.031 306.938 300.094 300.001 300 300 300 300 300 300 300 300 300 300 300 300 300 300 300 300 300 300 300 300 300 300 300 300 300 300 300 300 300 300 300 300 300 300 300 299.999 299.906 293.057 292.965 292.964 292.964 292.964 292.964 292.964 292.964 292.964 292.964 292.964 292.964 292.964 292.964 292.964 292.964 292.964 292.964 292.964 292.964 292.964 292.964 292.964 292.964 292.964 292.964 292.964 292.964 292.964 292.964 
307.04 307.04 307.04 307.04 307.04 307.04 307.04 307.04 307.04 307.04 307.04 307.04 307.04 307.04 307.04 307.04 307.04 307.04 307.04 307.04 307.04 307.04 307.04 307.04 307.04 307.04 307.04 307.04 307.04 307.039 306.946 300.094 300.001 300 300 300 300 300 300 300 300 300 300 300 300 300 300 300 300 300 300 300 300 300 300 300 300 300 300 300 300 300 300 300 300 300 300 300 299.999 299.906 293.049 292.956 292.955 292.955 292.955 292.955 292.955 292.955 292.955 292.955 292.955 292.955 292.955 292.955 292.955 292.955 292.955 292.955 292.955 292.955 292.955 292.955 292.955 292.955 292.955 292.955 292.955 292.955 292.955 292.955 
307.048 307.048 307.048 307.048 307.048 307.048 307.048 307.048 307.048 307.048 307.048 307.048 307.048 307.048 307.048 307.048 307.048 307.048 307.048 307.048 307.048 307.048 307.048 307.048 307.048 307.048 307.048 307.048 307.048 307.048 306.954 300.095 300.001 300 300 300 300 300 300 300 300 300 300 300 300 300 300 300 300 300 300 300 300 300 300 300 300 300 300 300 300 300 300 300 300 300 300 300 299.999 299.906 293.041 292.948 292.947 292.947 292.947 292.947 292.947 292.947 292.947 292.947 292.947 292.947 292.947 292.947 292.947 292.947 292.947 292.947 292.947 292.947 292.947 292.947 292.947 292.947 292.947 292.947 292.947 292.947 292.947 292.947 
307.057 307.057 307.057 307.057 307.057 307.057 307.057 307.057 307.057 307.057 307.057 307.057 307.057 307.057 307.057 307.057 307.057 307.057 307.057 307.057 307.057 307.057 307.057 307.057 307.057 307.057 307.057 307.057 307.057 307.056 306.962 300.095 300.001 300 300 300 300 300 300 300 300 300 300 300 300 300 300 300 300 300 300 300 300 300 300 300 300 300 300 300 300 300 300 300 300 300 300 300 299.999 299.906 293.033 292.94 292.939 292.939 292.939 292.939 292.939 292.939 292.939 292.939 292.939 292.939 292.939 292.939 292.939 292.939 292.939 292.939 292.939 292.939 292.939 292.939 292.939 292.939 292.939 292.939 292.939 292.939 292.939 292.939 
307.065 307.065 307.065 307.065 307.065 307.065 307.065 307.065 307.065 307.065 307.065 307.065 307.065 307.065 307.065 307.065 307.065 307.065 307.065 307.065 307.065 307.065 307.065 307.065 307.065 307.065 307.065 307.065 307.065 307.064 306.97 300.095 300.001 300 300 300 300 300 300 300 300 300 300 300 300 300 300 300 300 300 300 300 300 300 300 300 300 300 300 300 300 300 300 300 300 300 300 300 299.999 299.906 293.025 292.932 292.931 292.931 292.931 292.931 292.931 292.931 292.931 292.931 292.931 292.931 292.931 292.931 292.931 292.931 292.931 292.931 292.931 292.931 292.931 292.931 292.931 292.931 292.931 292.931 292.931 292.931 292.931 292.931 
307.073 307.073 307.073 307.073 307.073 307.073 307.073 307.073 307.073 307.073 307.073 307.073 307.073 307.073 307.073 307.073 307.073 307.073 307.073 307.073 307.073 307.073 307.073 307.073 307.073 307.073 307.073 307.073 307.073 307.072 306.978 300.095 300.001 300 300 300 300 300 300 300 300 300 300 300 300 300 300 300 300 300 300 300 300 300 300 300 300 300 300 300 300 300 300 300 300 300 300 300 299.999 299.905 293.017 292.923 292.922 292.922 292.922 292.922 292.922 292.922 292.922 292.922 292.922 292.922 292.922 292.922 292.922 292.922 292.922 292.922 292.922 292.922 292.922 292.922 292.922 292.922 292.922 292.922 292.922 292.922 292.922 292.922 
307.081 307.081 307.081 307.081 307.081 307.081 307.081 307.081 307.081 307.081 307.081 307.081 307.081 307.081 307.081 307.081 307.081 307.081 307.081 307.081 307.081 307.081 307.081 307.081 307.081 307.081 307.081 307.081 307.081 307.081 306.986 300.095 300.001 300 300 300 300 300 300 300 300 300 300 300 300 300 300 300 300 300 300 300 300 300 300 300 300 300 300 300 300 300 300 300 300 300 300 300 299.999 299.905 293.009 292.915 292.914 292.914 292.914 292.914 292.914 292.914 292.914 292.914 292.914 292.914 292.914 292.914 292.914 292.914 292.914 292.914 292.914 292.914 292.914 292.914 292.914 292.914 292.914 292.914 292.914 292.914 292.914 292.914 
307.09 307.09 307.09 307.09 307.09 307.09 307.09 307.09 307.09 307.09 307.09 307.09 307.09 307.09 307.09 307.09 307.09 307.09 307.09 307.09 307.09 307.09 307.09 307.09 307.09 307.09 307.09 307.09 307.09 307.089 306.994 300.096 300.001 300 300 300 300 300 300 300 300 300 300 300 300 300 300 300 300 300 300 300 300 300 300 300 300 300 300 300 300 300 300 300 300 300 300 300 299.999 299.905 293.001 292.907 292.906 292.906 292.906 292.906 292.906 292.906 292.906 292.906 292.906 292.906 292.906 292.906 292.906 292.906 292.906 292.906 292.906 292.906 292.906 292.906 292.906 292.906 292.906 292.906 292.906 292.906 292.906 292.906 
307.098 307.098 307.098 307.098 307.098 307.098 307.098 307.098 307.098 307.098 307.098 307.098 307.098 307.098 307.098 307.098 307.098 307.098 307.098 307.098 307.098 307.098 307.098 307.098 307.098 307.098 307.098 307.098 307.098 307.097 307.002 300.096 300.001 300 300 300 300 300 300 300 300 300 300 300 300 300 300 300 300 300 300 300 300 300 300 300 300 300 300 300 300 300 300 300 300 300 300 300 299.999 299.905 292.993 292.898 292.898 292.898 292.898 292.898 292.898 292.898 292.898 292.898 292.898 292.898 292.898 292.898 292.898 292.898 292.898 292.898 292.898 292.898 292.898 292.898 292.898 292.898 292.898 292.898 292.898 292.898 292.898 292.898 
307.106 307.106 307.106 307.106 307.106 307.106 307.106 307.106 307.106 307.106 307.106 307.106 307.106 307.106 307.106 307.106 307.106 307.106 307.106 307.106 307.106 307.106 307.106 307.106 307.106 307.106 307.106 307.106 307.106 307.105 307.01 300.096 300.001 300 300 300 300 300 300 300 300 300 300 300 300 300 300 300 300 300 300 300 300 300 300 300 300 300 300 300 300 300 300 300 300 300 300 300 299.999 299.904 292.985 292.89 292.889 292.889 292.889 292.889 292.889 292.889 292.889 292.889 292.889 292.889 292.889 292.889 292.889 292.889 292.889 292.889 292.889 292.889 292.889 292.889 292.889 292.889 292.889 292.889 292.889 292.889 292.889 292.889 
307.115 307.115 307.115 307.115 307.115 307.115 307.115 307.115 307.115 307.115 307.115 307.115 307.115 307.115 307.115 307.115 307.115 307.115 307.115 307.115 307.115 307.115 307.115 307.115 307.115 307.115 307.115 307.115 307.115 307.114 307.018 300.096 300.001 300 300 300 300 300 300 300 300 300 300 300 300 300 300 300 300 300 300 300 300 300 300 300 300 300 300 300 300 300 300 300 300 300 300 300 299.999 299.904 292.977 292.882 292.881 292.881 292.881 292.881 292.881 292.881 292.881 292.881 292.881 292.881 292.881 292.881 292.881 292.881 292.881 292.881 292.881 292.881 292.881 292.881 292.881 292.881 292.881 292.881 292.881 292.881 292.881 292.881 
307.123 307.123 307.123 307.123 307.123 307.123 307.123 307.123 307.123 307.123 307.123 307.123 307.123 307.123 307.123 307.123 307.123 307.123 307.123 307.123 307.123 307.123 307.123 307.123 307.123 307.123 307.123 307.123 307.123 307.122 307.026 300.097 300.001 300 300 300 300 300 300 300 300 300 300 300 300 300 300 300 300 300 300 300 300 300 300 300 300 300 300 300 300 300 300 300 300 300 300 300 299.999 299.904 292.969 292.874 292.873 292.873 292.873 292.873 292.873 292.873 292.873 292.873 292.873 292.873 292.873 292.873 292.873 292.873 292.873 292.873 292.873 292.873 292.873 292.873 292.873 292.873 292.873 292.873 292.873 292.873 292.873 292.873 
307.131 307.131 307.131 307.131 307.131 307.131 307.131 307.131 307.131 307.131 307.131 307.131 307.131 307.131 307.131 307.131 307.131 307.131 307.131 307.131 307.131 307.131 307.131 307.131 307.131 307.131 307.131 307.131 307.131 307.13 307.034 300.097 300.001 300 300 300 300 300 300 300 300 300 300 300 300 300 300 300 300 300 300 300 300 300 300 300 300 300 300 300 300 300 300 300 300 300 300 300 299.999 299.904 292.961 292.865 292.864 292.864 292.864 292.864 292.864 292.864 292.864 292.864 292.864 292.864 292.864 292.864 292.864 292.864 292.864 292.864 292.864 292.864 292.864 292.864 292.864 292.864 292.864 292.864 292.864 292.864 292.864 292.864 
307.139 307.139 307.139 307.139 307.139 307.139 307.139 307.139 307.139 307.139 307.139 307.139 307.139 307.139 307.139 307.139 307.139 307.139 307.139 307.139 307.139 307.139 307.139 307.139 307.139 307.139 307.139 307.139 307.139 307.138 307.043 300.097 300.001 300 300 300 300 300 300 300 300 300 300 300 300 300 300 300 300 300 300 300 300 300 300 300 300 300 300 300 300 300 300 300 300 300 300 300 299.999 299.904 292.953 292.857 292.856 292.856 292.856 292.856 292.856 292.856 292.856 292.856 292.856 292.856 292.856 292.856 292.856 292.856 292.856 292.856 292.856 292.856 292.856 292.856 292.856 292.856 292.856 292.856 292.856 292.856 292.856 292.856 
307.148 307.148 307.148 307.148 307.148 307.148 307.148 307.148 307.148 307.148 307.148 307.148 307.148 307.148 307.148 307.148 307.148 307.148 307.148 307.148 307.148 307.148 307.148 307.148 307.148 307.148 307.148 307.148 307.148 307.147 307.051 300.097 300.001 300 300 300 300 300 300 300 300 300 300 300 300 300 300 300 300 300 300 300 300 300 300 300 300 300 300 300 300 300 300 300 300 300 300 300 299.999 299.903 292.945 292.849 292.848 292.848 292.848 292.848 292.848 292.848 292.848 292.848 292.848 292.848 292.848 292.848 292.848 292.848 292.848 292.848 292.848 292.848 292.848 292.848 292.848 292.848 292.848 292.848 292.848 292.848 292.848 292.848 
307.156 307.156 307.156 307.156 307.156 307.156 307.156 307.156 307.156 307.156 307.156 307.156 307.156 307.156 307.156 307.156 307.156 307.156 307.156 307.156 307.156 307.156 307.156 307.156 307.156 307.156 307.156 307.156 307.156 307.155 307.059 300.097 300.001 300 300 300 300 300 300 300 300 300 300 300 300 300 300 300 300 300 300 300 300 300 300 300 300 300 300 300 300 300 300 300 300 300 300 300 299.999 299.903 292.936 292.841 292.84 292.84 292.84 292.84 292.84 292.84 292.84 292.84 292.84 292.84 292.84 292.84 292.84 292.84 292.84 292.84 292.84 292.84 292.84 292.84 292.84 292.84 292.84 292.84 292.84 292.84 292.84 292.84 
307.164 307.164 307.164 307.164 307.164 307.164 307.164 307.164 307.164 307.164 307.164 307.164 307.164 307.164 307.164 307.164 307.164 307.164 307.164 307.164 307.164 307.164 307.164 307.164 307.164 307.164 307.164 307.164 307.164 307.163 307.067 300.098 300.001 300 300 300 300 300 300 300 300 300 300 300 300 300 300 300 300 300 300 300 300 300 300 300 300 300 300 300 300 300 300 300 300 300 300 300 299.999 299.903 292.928 292.832 292.831 292.831 292.831 292.831 292.831 292.831 292.831 292.831 292.831 292.831 292.831 292.831 292.831 292.831 292.831 292.831 292.831 292.831 292.831 292.831 292.831 292.831 292.831 292.831 292.831 292.831 292.831 292.831 
307.172 307.172 307.172 307.172 307.172 307.172 307.172 307.172 307.172 307.172 307.172 307.172 307.172 307.172 307.172 307.172 307.172 307.172 307.172 307.172 307.172 307.172 307.172 307.172 307.172 307.172 307.172 307.172 307.172 307.171 307.075 300.098 300.001 300 300 300 300 300 300 300 300 300 300 300 300 300 300 300 300 300 300 300 300 300 300 300 300 300 300 300 300 300 300 300 300 300 300 300 299.999 299.903 292.92 292.824 292.823 292.823 292.823 292.823 292.823 292.823 292.823 292.823 292.823 292.823 292.823 292.823 292.823 292.823 292.823 292.823 292.823 292.823 292.823 292.823 292.823 292.823 292.823 292.823 292.823 292.823 292.823 292.823 
307.181 307.181 307.181 307.181 307.181 307.181 307.181 307.181 307.181 307.181 307.181 307.181 307.181 307.181 307.181 307.181 307.181 307.181 307.181 307.181 307.181 307.181 307.181 307.181 307.181 307.181 307.181 307.181 307.181 307.18 307.083 300.098 300.001 300 300 300 300 300 300 300 300 300 300 300 300 300 300 300 300 300 300 300 300 300 300 300 300 300 300 300 300 300 300 300 300 300 300 300 299.999 299.902 292.912 292.816 292.815 292.815 292.815 292.815 292.815 292.815 292.815 292.815 292.815 292.815 292.815 292.815 292.815 292.815 292.815 292.815 292.815 292.815 292.815 292.815 292.815 292.815 292.815 292.815 292.815 292.815 292.815 292.815 
307.189 307.189 307.189 307.189 307.189 307.189 307.189 307.189 307.189 307.189 307.189 307.189 307.189 307.189 307.189 307.189 307.189 307.189 307.189 307.189 307.189 307.189 307.189 307.189 307.189 307.189 307.189 307.189 307.189 307.188 307.091 300.098 300.001 300 300 300 300 300 300 300 300 300 300 300 300 300 300 300 300 300 300 300 300 300 300 300 300 300 300 300 300 300 300 300 300 300 300 300 299.999 299.902 292.904 292.807 292.807 292.807 292.807 292.807 292.807 292.807 292.807 292.807 292.807 292.807 292.807 292.807 292.807 292.807 292.807 292.807 292.807 292.807 292.807 292.807 292.807 292.807 292.807 292.807 292.807 292.807 292.807 292.807 
307.197 307.197 307.197 307.197 307.197 307.197 307.197 307.197 307.197 307.197 307.197 307.197 307.197 307.197 307.197 307.197 307.197 307.197 307.197 307.197 307.197 307.197 307.197 307.197 307.197 307.197 307.197 307.197 307.197 307.196 307.099 300.099 300.001 300 300 300 300 300 300 300 300 300 300 300 300 300 300 300 300 300 300 300 300 300 300 300 300 300 300 300 300 300 300 300 300 300 300 300 299.999 299.902 292.896 292.799 292.798 292.798 292.798 292.798 292.798 292.798 292.798 292.798 292.798 292.798 292.798 292.798 292.798 292.798 292.798 292.798 292.798 292.798 292.798 292.798 292.798 292.798 292.798 292.798 292.798 292.798 292.798 292.798 
307.205 307.205 307.205 307.205 307.205 307.205 307.205 307.205 307.205 307.205 307.205 307.205 307.205 307.205 307.205 307.205 307.205 307.205 307.205 307.205 307.205 307.205 307.205 307.205 307.205 307.205 307.205 307.205 307.205 307.205 307.107 300.099 300.001 300 300 300 300 300 300 300 300 300 300 300 300 300 300 300 300 300 300 300 300 300 300 300 300 300 300 300 300 300 300 300 300 300 300 300 299.999 299.902 292.888 292.791 292.79 292.79 292.79 292.79 292.79 292.79 292.79 292.79 292.79 292.79 292.79 292.79 292.79 292.79 292.79 292.79 292.79 292.79 292.79 292.79 292.79 292.79 292.79 292.79 292.79 292.79 292.79 292.79 
307.214 307.214 307.214 307.214 307.214 307.214 307.214 307.214 307.214 307.214 307.214 307.214 307.214 307.214 307.214 307.214 307.214 307.214 307.214 307.214 307.214 307.214 307.214 307.214 307.214 307.214 307.214 307.214 307.214 307.213 307.115 300.099 300.001 300 300 300 300 300 300 300 300 300 300 300 300 300 300 300 300 300 300 300 300 300 300 300 300 300 300 300 300 300 300 300 300 300 300 300 299.999 299.902 292.88 292.783 292.782 292.782 292.782 292.782 292.782 292.782 292.782 292.782 292.782 292.782 292.782 292.782 292.782 292.782 292.782 292.782 292.782 292.782 292.782 292.782 292.782 292.782 292.782 292.782 292.782 292.782 292.782 292.782 
307.222 307.222 307.222 307.222 307.222 307.222 307.222 307.222 307.222 307.222 307.222 307.222 307.222 307.222 307.222 307.222 307.222 307.222 307.222 307.222 307.222 307.222 307.222 307.222 307.222 307.222 307.222 307.222 307.222 307.221 307.123 300.099 300.001 300 300 300 300 300 300 300 300 300 300 300 300 300 300 300 300 300 300 300 300 300 300 300 300 300 300 300 300 300 300 300 300 300 300 300 299.999 299.901 292.872 292.774 292.773 292.773 292.773 292.773 292.773 292.773 292.773 292.773 292.773 292.773 292.773 292.773 292.773 292.773 292.773 292.773 292.773 292.773 292.773 292.773 292.773 292.773 292.773 292.773 292.773 292.773 292.773 292.773 
307.23 307.23 307.23 307.23 307.23 307.23 307.23 307.23 307.23 307.23 307.23 307.23 307.23 307.23 307.23 307.23 307.23 307.23 307.23 307.23 307.23 307.23 307.23 307.23 307.23 307.23 307.23 307.23 307.23 307.229 307.131 300.099 300.001 300 300 300 300 300 300 300 300 300 300 300 300 300 300 300 300 300 300 300 300 300 300 300 300 300 300 300 300 300 300 300 300 300 300 300 299.999 299.901 292.864 292.766 292.765 292.765 292.765 292.765 292.765 292.765 292.765 292.765 292.765 292.765 292.765 292.765 292.765 292.765 292.765 292.765 292.765 292.765 292.765 292.765 292.765 292.765 292.765 292.765 292.765 292.765 292.765 292.765 
307.239 307.239 307.239 307.239 307.239 307.239 307.239 307.239 307.239 307.239 307.239 307.239 307.239 307.239 307.239 307.239 307.239 307.239 307.239 307.239 307.239 307.239 307.239 307.239 307.239 307.239 307.239 307.239 307.239 307.238 307.139 300.1 300.001 300 300 300 300 300 300 300 300 300 300 300 300 300 300 300 300 300 300 300 300 300 300 300 300 300 300 300 300 300 300 300 300 300 300 300 299.999 299.901 292.856 292.758 292.757 292.757 292.757 292.757 292.757 292.757 292.757 292.757 292.757 292.757 292.757 292.757 292.757 292.757 292.757 292.757 292.757 292.757 292.757 292.757 292.757 292.757 292.757 292.757 292.757 292.757 292.757 292.757 
307.247 307.247 307.247 307.247 307.247 307.247 307.247 307.247 307.247 307.247 307.247 307.247 307.247 307.247 307.247 307.247 307.247 307.247 307.247 307.247 307.247 307.247 307.247 307.247 307.247 307.247 307.247 307.247 307.247 307.246 307.147 300.1 300.001 300 300 300 300 300 300 300 300 300 300 300 300 300 300 300 300 300 300 300 300 300 300 300 300 300 300 300 300 300 300 300 300 300 300 300 299.999 299.901 292.848 292.749 292.749 292.749 292.749 292.749 292.749 292.749 292.749 292.749 292.749 292.749 292.749 292.749 292.749 292.749 292.749 292.749 292.749 292.749 292.749 292.749 292.749 292.749 292.749 292.749 292.749 292.749 292.749 292.749 
307.255 307.255 307.255 307.255 307.255 307.255 307.255 307.255 307.255 307.255 307.255 307.255 307.255 307.255 307.255 307.255 307.255 307.255 307.255 307.255 307.255 307.255 307.255 307.255 307.255 307.255 307.255 307.255 307.255 307.254 307.155 300.1 300.001 300 300 300 300 300 300 300 300 300 300 300 300 300 300 300 300 300 300 300 300 300 300 300 300 300 300 300 300 300 300 300 300 300 300 300 299.999 299.9 292.84 292.741 292.74 292.74 292.74 292.74 292.74 292.74 292.74 292.74 292.74 292.74 292.74 292.74 292.74 292.74 292.74 292.74 292.74 292.74 292.74 292.74 292.74 292.74 292.74 292.74 292.74 292.74 292.74 292.74 
307.263 307.263 307.263 307.263 307.263 307.263 307.263 307.263 307.263 307.263 307.263 307.263 307.263 307.263 307.263 307.263 307.263 307.263 307.263 307.263 307.263 307.263 307.263 307.263 307.263 307.263 307.263 307.263 307.263 307.262 307.163 300.1 300.001 300 300 300 300 300 300 300 300 300 300 300 300 300 300 300 300 300 300 300 300 300 300 300 300 300 300 300 300 300 300 300 300 300 300 300 299.999 299.9 292.832 292.733 292.732 292.732 292.732 292.732 292.732 292.732 292.732 292.732 292.732 292.732 292.732 292.732 292.732 292.732 292.732 292.732 292.732 292.732 292.732 292.732 292.732 292.732 292.732 292.732 292.732 292.732 292.732 292.732 
307.272 307.272 307.272 307.272 307.272 307.272 307.272 307.272 307.272 307.272 307.272 307.272 307.272 307.272 307.272 307.272 307.272 307.272 307.272 307.272 307.272 307.272 307.272 307.272 307.272 307.272 307.272 307.272 307.272 307.271 307.171 300.101 300.001 300 300 300 300 300 300 300 300 300 300 300 300 300 300 300 300 300 300 300 300 300 300 300 300 300 300 300 300 300 300 300 300 300 300 300 299.999 299.9 292.824 292.725 292.724 292.724 292.724 292.724 292.724 292.724 292.724 292.724 292.724 292.724 292.724 292.724 292.724 292.724 292.724 292.724 292.724 292.724 292.724 292.724 292.724 292.724 292.724 292.724 292.724 292.724 292.724 292.724 
307.28 307.28 307.28 307.28 307.28 307.28 307.28 307.28 307.28 307.28 307.28 307.28 307.28 307.28 307.28 307.28 307.28 307.28 307.28 307.28 307.28 307.28 307.28 307.28 307.28 307.28 307.28 307.28 307.28 307.279 307.179 300.101 300.001 300 300 300 300 300 300 300 300 300 300 300 300 300 300 300 300 300 300 300 300 300 300 300 300 300 300 300 300 300 300 300 300 300 300 300 299.999 299.9 292.816 292.716 292.715 292.715 292.715 292.715 292.715 292.715 292.715 292.715 292.715 292.715 292.715 292.715 292.715 292.715 292.715 292.715 292.715 292.715 292.715 292.715 292.715 292.715 292.715 292.715 292.715 292.715 292.715 292.715 
307.288 307.288 307.288 307.288 307.288 307.288 307.288 307.288 307.288 307.288 307.288 307.288 307.288 307.288 307.288 307.288 307.288 307.288 307.288 307.288 307.288 307.288 307.288 307.288 307.288 307.288 307.288 307.288 307.288 307.287 307.187 300.101 300.001 300 300 300 300 300 300 300 300 300 300 300 300 300 300 300 300 300 300 300 300 300 300 300 300 300 300 300 300 300 300 300 300 300 300 300 299.999 299.9 292.808 292.708 292.707 292.707 292.707 292.707 292.707 292.707 292.707 292.707 292.707 292.707 292.707 292.707 292.707 292.707 292.707 292.707 292.707 292.707 292.707 292.707 292.707 292.707 292.707 292.707 292.707 292.707 292.707 292.707 
307.296 307.296 307.296 307.296 307.296 307.296 307.296 307.296 307.296 307.296 307.296 307.296 307.296 307.296 307.296 307.296 307.296 307.296 307.296 307.296 307.296 307.296 307.296 307.296 307.296 307.296 307.296 307.296 307.296 307.295 307.195 300.101 300.001 300 300 300 300 300 300 300 300 300 300 300 300 300 300 300 300 300 300 300 300 300 300 300 300 300 300 300 300 300 300 300 300 300 300 300 299.999 299.899 292.8 292.7 292.699 292.699 292.699 292.699 292.699 292.699 292.699 292.699 292.699 292.699 292.699 292.699 292.699 292.699 292.699 292.699 292.699 292.699 292.699 292.699 292.699 292.699 292.699 292.699 292.699 292.699 292.699 292.699 
307.305 307.305 307.305 307.305 307.305 307.305 307.305 307.305 307.305 307.305 307.305 307.305 307.305 307.305 307.305 307.305 307.305 307.305 307.305 307.305 307.305 307.305 307.305 307.305 307.305 307.305 307.305 307.305 307.305 307.304 307.203 300.101 300.001 300 300 300 300 300 300 300 300 300 300 300 300 300 300 300 300 300 300 300 300 300 300 300 300 300 300 300 300 300 300 300 300 300 300 300 299.999 299.899 292.791 292.692 292.691 292.691 292.691 292.691 292.691 292.691 292.691 292.691 292.691 292.691 292.691 292.691 292.691 292.691 292.691 292.691 292.691 292.691 292.691 292.691 292.691 292.691 292.691 292.691 292.691 292.691 292.691 292.691 
307.313 307.313 307.313 307.313 307.313 307.313 307.313 307.313 307.313 307.313 307.313 307.313 307.313 307.313 307.313 307.313 307.313 307.313 307.313 307.313 307.313 307.313 307.313 307.313 307.313 307.313 307.313 307.313 307.313 307.312 307.211 300.102 300.001 300 300 300 300 300 300 300 300 300 300 300 300 300 300 300 300 300 300 300 300 300 300 300 300 300 300 300 300 300 300 300 300 300 300 300 299.999 299.899 292.783 292.683 292.682 292.682 292.682 292.682 292.682 292.682 292.682 292.682 292.682 292.682 292.682 292.682 292.682 292.682 292.682 292.682 292.682 292.682 292.682 292.682 292.682 292.682 292.682 292.682 292.682 292.682 292.682 292.682 
307.321 307.321 307.321 307.321 307.321 307.321 307.321 307.321 307.321 307.321 307.321 307.321 307.321 307.321 307.321 307.321 307.321 307.321 307.321 307.321 307.321 307.321 307.321 307.321 307.321 307.321 307.321 307.321 307.321 307.32 307.219 300.102 300.001 300 300 300 300 300 300 300 300 300 300 300 300 300 300 300 300 300 300 300 300 300 300 300 300 300 300 300 300 300 300 300 300 300 300 300 299.999 299.899 292.775 292.675 292.674 292.674 292.674 292.674 292.674 292.674 292.674 292.674 292.674 292.674 292.674 292.674 292.674 292.674 292.674 292.674 292.674 292.674 292.674 292.674 292.674 292.674 292.674 292.674 292.674 292.674 292.674 292.674 
307.329 307.329 307.329 307.329 307.329 307.329 307.329 307.329 307.329 307.329 307.329 307.329 307.329 307.329 307.329 307.329 307.329 307.329 307.329 307.329 307.329 307.329 307.329 307.329 307.329 307.329 307.329 307.329 307.329 307.328 307.227 300.102 300.001 300 300 300 300 300 300 300 300 300 300 300 300 300 300 300 300 300 300 300 300 300 300 300 300 300 300 300 300 300 300 300 300 300 300 300 299.999 299.898 292.767 292.667 292.666 292.666 292.666 292.666 292.666 292.666 292.666 292.666 292.666 292.666 292.666 292.666 292.666 292.666 292.666 292.666 292.666 292.666 292.666 292.666 292.666 292.666 292.666 292.666 292.666 292.666 292.666 292.666 
307.338 307.338 307.338 307.338 307.338 307.338 307.338 307.338 307.338 307.338 307.338 307.338 307.338 307.338 307.338 307.338 307.338 307.338 307.338 307.338 307.338 307.338 307.338 307.338 307.338 307.338 307.338 307.338 307.338 307.337 307.236 300.102 300.001 300 300 300 300 300 300 300 300 300 300 300 300 300 300 300 300 300 300 300 300 300 300 300 300 300 300 300 300 300 300 300 300 300 300 300 299.999 299.898 292.759 292.658 292.658 292.658 292.658 292.658 292.658 292.658 292.658 292.658 292.658 292.658 292.658 292.658 292.658 292.658 292.658 292.658 292.658 292.658 292.658 292.658 292.658 292.658 292.658 292.658 292.658 292.658 292.658 292.658 
307.346 307.346 307.346 307.346 307.346 307.346 307.346 307.346 307.346 307.346 307.346 307.346 307.346 307.346 307.346 307.346 307.346 307.346 307.346 307.346 307.346 307.346 307.346 307.346 307.346 307.346 307.346 307.346 307.346 307.345 307.244 300.103 300.001 300 300 300 300 300 300 300 300 300 300 300 300 300 300 300 300 300 300 300 300 300 300 300 300 300 300 300 300 300 300 300 300 300 300 300 299.999 299.898 292.751 292.65 292.649 292.649 292.649 292.649 292.649 292.649 292.649 292.649 292.649 292.649 292.649 292.649 292.649 292.649 292.649 292.649 292.649 292.649 292.649 292.649 292.649 292.649 292.649 292.649 292.649 292.649 292.649 292.649 
307.354 307.354 307.354 307.354 307.354 307.354 307.354 307.354 307.354 307.354 307.354 307.354 307.354 307.354 307.354 307.354 307.354 307.354 307.354 307.354 307.354 307.354 307.354 307.354 307.354 307.354 307.354 307.354 307.354 307.353 307.252 300.103 300.001 300 300 300 300 300 300 300 300 300 300 300 300 300 300 300 300 300 300 300 300 300 300 300 300 300 300 300 300 300 300 300 300 300 300 300 299.999 299.898 292.743 292.642 292.641 292.641 292.641 292.641 292.641 292.641 292.641 292.641 292.641 292.641 292.641 292.641 292.641 292.641 292.641 292.641 292.641 292.641 292.641 292.641 292.641 292.641 292.641 292.641 292.641 292.641 292.641 292.641 
307.362 307.362 307.362 307.362 307.362 307.362 307.362 307.362 307.362 307.362 307.362 307.362 307.362 307.362 307.362 307.362 307.362 307.362 307.362 307.362 307.362 307.362 307.362 307.362 307.362 307.362 307.362 307.362 307.362 307.362 307.26 300.103 300.001 300 300 300 300 300 300 300 300 300 300 300 300 300 300 300 300 300 300 300 300 300 300 300 300 300 300 300 300 300 300 300 300 300 300 300 299.999 299.898 292.735 292.634 292.633 292.633 292.633 292.633 292.633 292.633 292.633 292.633 292.633 292.633 292.633 292.633 292.633 292.633 292.633 292.633 292.633 292.633 292.633 292.633 292.633 292.633 292.633 292.633 292.633 292.633 292.633 292.633 
307.371 307.371 307.371 307.371 307.371 307.371 307.371 307.371 307.371 307.371 307.371 307.371 307.371 307.371 307.371 307.371 307.371 307.371 307.371 307.371 307.371 307.371 307.371 307.371 307.371 307.371 307.371 307.371 307.371 307.37 307.268 300.103 300.001 300 300 300 300 300 300 300 300 300 300 300 300 300 300 300 300 300 300 300 300 300 300 300 300 300 300 300 300 300 300 300 300 300 300 300 299.999 299.897 292.727 292.625 292.624 292.624 292.624 292.624 292.624 292.624 292.624 292.624 292.624 292.624 292.624 292.624 292.624 292.624 292.624 292.624 292.624 292.624 292.624 292.624 292.624 292.624 292.624 292.624 292.624 292.624 292.624 292.624 
307.379 307.379 307.379 307.379 307.379 307.379 307.379 307.379 307.379 307.379 307.379 307.379 307.379 307.379 307.379 307.379 307.379 307.379 307.379 307.379 307.379 307.379 307.379 307.379 307.379 307.379 307.379 307.379 307.379 307.378 307.276 300.103 300.001 300 300 300 300 300 300 300 300 300 300 300 300 300 300 300 300 300 300 300 300 300 300 300 300 300 300 300 300 300 300 300 300 300 300 300 299.999 299.897 292.719 292.617 292.616 292.616 292.616 292.616 292.616 292.616 292.616 292.616 292.616 292.616 292.616 292.616 292.616 292.616 292.616 292.616 292.616 292.616 292.616 292.616 292.616 292.616 292.616 292.616 292.616 292.616 292.616 292.616 
307.387 307.387 307.387 307.387 307.387 307.387 307.387 307.387 307.387 307.387 307.387 307.387 307.387 307.387 307.387 307.387 307.387 307.387 307.387 307.387 307.387 307.387 307.387 307.387 307.387 307.387 307.387 307.387 307.387 307.386 307.284 300.104 300.001 300 300 300 300 300 300 300 300 300 300 300 300 300 300 300 300 300 300 300 300 300 300 300 300 300 300 300 300 300 300 300 300 300 300 300 299.999 299.897 292.711 292.609 292.608 292.608 292.608 292.608 292.608 292.608 292.608 292.608 292.608 292.608 292.608 292.608 292.608 292.608 292.608 292.608 292.608 292.608 292.608 292.608 292.608 292.608 292.608 292.608 292.608 292.608 292.608 292.608 
307.396 307.396 307.396 307.396 307.396 307.396 307.396 307.396 307.396 307.396 307.396 307.396 307.396 307.396 307.396 307.396 307.396 307.396 307.396 307.396 307.396 307.396 307.396 307.396 307.396 307.396 307.396 307.396 307.396 307.395 307.292 300.104 300.001 300 300 300 300 300 300 300 300 300 300 300 300 300 300 300 300 300 300 300 300 300 300 300 300 300 300 300 300 300 300 300 300 300 300 300 299.999 299.897 292.703 292.601 292.6 292.6 292.6 292.6 292.6 292.6 292.6 292.6 292.6 292.6 292.6 292.6 292.6 292.6 292.6 292.6 292.6 292.6 292.6 292.6 292.6 292.6 292.6 292.6 292.6 292.6 292.6 292.6 
307.404 307.404 307.404 307.404 307.404 307.404 307.404 307.404 307.404 307.404 307.404 307.404 307.404 307.404 307.404 307.404 307.404 307.404 307.404 307.404 307.404 307.404 307.404 307.404 307.404 307.404 307.404 307.404 307.404 307.403 307.3 300.104 300.001 300 300 300 300 300 300 300 300 300 300 300 300 300 300 300 300 300 300 300 300 300 300 300 300 300 300 300 300 300 300 300 300 300 300 300 299.999 299.896 292.695 292.592 292.591 292.591 292.591 292.591 292.591 292.591 292.591 292.591 292.591 292.591 292.591 292.591 292.591 292.591 292.591 292.591 292.591 292.591 292.591 292.591 292.591 292.591 292.591 292.591 292.591 292.591 292.591 292.591 
307.412 307.412 307.412 307.412 307.412 307.412 307.412 307.412 307.412 307.412 307.412 307.412 307.412 307.412 307.412 307.412 307.412 307.412 307.412 307.412 307.412 307.412 307.412 307.412 307.412 307.412 307.412 307.412 307.412 307.411 307.308 300.104 300.001 300 300 300 300 300 300 300 300 300 300 300 300 300 300 300 300 300 300 300 300 300 300 300 300 300 300 300 300 300 300 300 300 300 300 300 299.999 299.896 292.687 292.584 292.583 292.583 292.583 292.583 292.583 292.583 292.583 292.583 292.583 292.583 292.583 292.583 292.583 292.583 292.583 292.583 292.583 292.583 292.583 292.583 292.583 292.583 292.583 292.583 292.583 292.583 292.583 292.583 
307.42 307.42 307.42 307.42 307.42 307.42 307.42 307.42 307.42 307.42 307.42 307.42 307.42 307.42 307.42 307.42 307.42 307.42 307.42 307.42 307.42 307.42 307.42 307.42 307.42 307.42 307.42 307.42 307.42 307.419 307.316 300.105 300.001 300 300 300 300 300 300 300 300 300 300 300 300 300 300 300 300 300 300 300 300 300 300 300 300 300 300 300 300 300 300 300 300 300 300 300 299.999 299.896 292.679 292.576 292.575 292.575 292.575 292.575 292.575 292.575 292.575 292.575 292.575 292.575 292.575 292.575 292.575 292.575 292.575 292.575 292.575 292.575 292.575 292.575 292.575 292.575 292.575 292.575 292.575 292.575 292.575 292.575 
307.429 307.429 307.429 307.429 307.429 307.429 307.429 307.429 307.429 307.429 307.429 307.429 307.429 307.429 307.429 307.429 307.429 307.429 307.429 307.429 307.429 307.429 307.429 307.429 307.429 307.429 307.429 307.429 307.429 307.428 307.324 300.105 300.001 300 300 300 300 300 300 300 300 300 300 300 300 300 300 300 300 300 300 300 300 300 300 300 300 300 300 300 300 300 300 300 300 300 300 300 299.999 299.896 292.671 292.567 292.566 292.566 292.566 292.566 292.566 292.566 292.566 292.566 292.566 292.566 292.566 292.566 292.566 292.566 292.566 292.566 292.566 292.566 292.566 292.566 292.566 292.566 292.566 292.566 292.566 292.566 292.566 292.566 
307.437 307.437 307.437 307.437 307.437 307.437 307.437 307.437 307.437 307.437 307.437 307.437 307.437 307.437 307.437 307.437 307.437 307.437 307.437 307.437 307.437 307.437 307.437 307.437 307.437 307.437 307.437 307.437 307.437 307.436 307.332 300.105 300.001 300 300 300 300 300 300 300 300 300 300 300 300 300 300 300 300 300 300 300 300 300 300 300 300 300 300 300 300 300 300 300 300 300 300 300 299.999 299.895 292.663 292.559 292.558 292.558 292.558 292.558 292.558 292.558 292.558 292.558 292.558 292.558 292.558 292.558 292.558 292.558 292.558 292.558 292.558 292.558 292.558 292.558 292.558 292.558 292.558 292.558 292.558 292.558 292.558 292.558 
307.445 307.445 307.445 307.445 307.445 307.445 307.445 307.445 307.445 307.445 307.445 307.445 307.445 307.445 307.445 307.445 307.445 307.445 307.445 307.445 307.445 307.445 307.445 307.445 307.445 307.445 307.445 307.445 307.445 307.444 307.34 300.105 300.001 300 300 300 300 300 300 300 300 300 300 300 300 300 300 300 300 300 300 300 300 300 300 300 300 300 300 300 300 300 300 300 300 300 300 300 299.999 299.895 292.655 292.551 292.55 292.55 292.55 292.55 292.55 292.55 292.55 292.55 292.55 292.55 292.55 292.55 292.55 292.55 292.55 292.55 292.55 292.55 292.55 292.55 292.55 292.55 292.55 292.55 292.55 292.55 292.55 292.55 
307.453 307.453 307.453 307.453 307.453 307.453 307.453 307.453 307.453 307.453 307.453 307.453 307.453 307.453 307.453 307.453 307.453 307.453 307.453 307.453 307.453 307.453 307.453 307.453 307.453 307.453 307.453 307.453 307.453 307.452 307.348 300.106 300.001 300 300 300 300 300 300 300 300 300 300 300 300 300 300 300 300 300 300 300 300 300 300 300 300 300 300 300 300 300 300 300 300 300 300 300 299.999 299.895 292.647 292.543 292.542 292.542 292.542 292.542 292.542 292.542 292.542 292.542 292.542 292.542 292.542 292.542 292.542 292.542 292.542 292.542 292.542 292.542 292.542 292.542 292.542 292.542 292.542 292.542 292.542 292.542 292.542 292.542 
307.462 307.462 307.462 307.462 307.462 307.462 307.462 307.462 307.462 307.462 307.462 307.462 307.462 307.462 307.462 307.462 307.462 307.462 307.462 307.462 307.462 307.462 307.462 307.462 307.462 307.462 307.462 307.462 307.462 307.461 307.356 300.106 300.001 300 300 300 300 300 300 300 300 300 300 300 300 300 300 300 300 300 300 300 300 300 300 300 300 300 300 300 300 300 300 300 300 300 300 300 299.999 299.895 292.639 292.534 292.533 292.533 292.533 292.533 292.533 292.533 292.533 292.533 292.533 292.533 292.533 292.533 292.533 292.533 292.533 292.533 292.533 292.533 292.533 292.533 292.533 292.533 292.533 292.533 292.533 292.533 292.533 292.533 
307.47 307.47 307.47 307.47 307.47 307.47 307.47 307.47 307.47 307.47 307.47 307.47 307.47 307.47 307.47 307.47 307.47 307.47 307.47 307.47 307.47 307.47 307.47 307.47 307.47 307.47 307.47 307.47 307.47 307.469 307.364 300.106 300.001 300 300 300 300 300 300 300 300 300 300 300 300 300 300 300 300 300 300 300 300 300 300 300 300 300 300 300 300 300 300 300 300 300 300 300 299.999 299.895 292.63 292.526 292.525 292.525 292.525 292.525 292.525 292.525 292.525 292.525 292.525 292.525 292.525 292.525 292.525 292.525 292.525 292.525 292.525 292.525 292.525 292.525 292.525 292.525 292.525 292.525 292.525 292.525 292.525 292.525 
307.478 307.478 307.478 307.478 307.478 307.478 307.478 307.478 307.478 307.478 307.478 307.478 307.478 307.478 307.478 307.478 307.478 307.478 307.478 307.478 307.478 307.478 307.478 307.478 307.478 307.478 307.478 307.478 307.478 307.477 307.372 300.106 300.001 300 300 300 300 300 300 300 300 300 300 300 300 300 300 300 300 300 300 300 300 300 300 300 300 300 300 300 300 300 300 300 300 300 300 300 299.999 299.894 292.622 292.518 292.517 292.517 292.517 292.517 292.517 292.517 292.517 292.517 292.517 292.517 292.517 292.517 292.517 292.517 292.517 292.517 292.517 292.517 292.517 292.517 292.517 292.517 292.517 292.517 292.517 292.517 292.517 292.517 
307.486 307.486 307.486 307.486 307.486 307.486 307.486 307.486 307.486 307.486 307.486 307.486 307.486 307.486 307.486 307.486 307.486 307.486 307.486 307.486 307.486 307.486 307.486 307.486 307.486 307.486 307.486 307.486 307.486 307.485 307.38 300.106 300.001 300 300 300 300 300 300 300 300 300 300 300 300 300 300 300 300 300 300 300 300 300 300 300 300 300 300 300 300 300 300 300 300 300 300 300 299.999 299.894 292.614 292.51 292.509 292.509 292.509 292.509 292.509 292.509 292.509 292.509 292.509 292.509 292.509 292.509 292.509 292.509 292.509 292.509 292.509 292.509 292.509 292.509 292.509 292.509 292.509 292.509 292.509 292.509 292.509 292.509 
307.495 307.495 307.495 307.495 307.495 307.495 307.495 307.495 307.495 307.495 307.495 307.495 307.495 307.495 307.495 307.495 307.495 307.495 307.495 307.495 307.495 307.495 307.495 307.495 307.495 307.495 307.495 307.495 307.495 307.494 307.388 300.107 300.001 300 300 300 300 300 300 300 300 300 300 300 300 300 300 300 300 300 300 300 300 300 300 300 300 300 300 300 300 300 300 300 300 300 300 300 299.999 299.894 292.606 292.501 292.5 292.5 292.5 292.5 292.5 292.5 292.5 292.5 292.5 292.5 292.5 292.5 292.5 292.5 292.5 292.5 292.5 292.5 292.5 292.5 292.5 292.5 292.5 292.5 292.5 292.5 292.5 292.5 
307.503 307.503 307.503 307.503 307.503 307.503 307.503 307.503 307.503 307.503 307.503 307.503 307.503 307.503 307.503 307.503 307.503 307.503 307.503 307.503 307.503 307.503 307.503 307.503 307.503 307.503 307.503 307.503 307.503 307.502 307.396 300.107 300.001 300 300 300 300 300 300 300 300 300 300 300 300 300 300 300 300 300 300 300 300 300 300 300 300 300 300 300 300 300 300 300 300 300 300 300 299.999 299.894 292.598 292.493 292.492 292.492 292.492 292.492 292.492 292.492 292.492 292.492 292.492 292.492 292.492 292.492 292.492 292.492 292.492 292.492 292.492 292.492 292.492 292.492 292.492 292.492 292.492 292.492 292.492 292.492 292.492 292.492 
307.511 307.511 307.511 307.511 307.511 307.511 307.511 307.511 307.511 307.511 307.511 307.511 307.511 307.511 307.511 307.511 307.511 307.511 307.511 307.511 307.511 307.511 307.511 307.511 307.511 307.511 307.511 307.511 307.511 307.51 307.404 300.107 300.001 300 300 300 300 300 300 300 300 300 300 300 300 300 300 300 300 300 300 300 300 300 300 300 300 300 300 300 300 300 300 300 300 300 300 300 299.999 299.893 292.59 292.485 292.484 292.484 292.484 292.484 292.484 292.484 292.484 292.484 292.484 292.484 292.484 292.484 292.484 292.484 292.484 292.484 292.484 292.484 292.484 292.484 292.484 292.484 292.484 292.484 292.484 292.484 292.484 292.484 
307.52 307.52 307.52 307.52 307.52 307.52 307.52 307.52 307.52 307.52 307.52 307.52 307.52 307.52 307.52 307.52 307.52 307.52 307.52 307.52 307.52 307.52 307.52 307.52 307.52 307.52 307.52 307.52 307.52 307.519 307.412 300.107 300.001 300 300 300 300 300 300 300 300 300 300 300 300 300 300 300 300 300 300 300 300 300 300 300 300 300 300 300 300 300 300 300 300 300 300 300 299.999 299.893 292.582 292.476 292.475 292.475 292.475 292.475 292.475 292.475 292.475 292.475 292.475 292.475 292.475 292.475 292.475 292.475 292.475 292.475 292.475 292.475 292.475 292.475 292.475 292.475 292.475 292.475 292.475 292.475 292.475 292.475 
307.528 307.528 307.528 307.528 307.528 307.528 307.528 307.528 307.528 307.528 307.528 307.528 307.528 307.528 307.528 307.528 307.528 307.528 307.528 307.528 307.528 307.528 307.528 307.528 307.528 307.528 307.528 307.528 307.528 307.527 307.42 300.108 300.001 300 300 300 300 300 300 300 300 300 300 300 300 300 300 300 300 300 300 300 300 300 300 300 300 300 300 300 300 300 300 300 300 300 300 300 299.999 299.893 292.574 292.468 292.467 292.467 292.467 292.467 292.467 292.467 292.467 292.467 292.467 292.467 292.467 292.467 292.467 292.467 292.467 292.467 292.467 292.467 292.467 292.467 292.467 292.467 292.467 292.467 292.467 292.467 292.467 292.467 
307.536 307.536 307.536 307.536 307.536 307.536 307.536 307.536 307.536 307.536 307.536 307.536 307.536 307.536 307.536 307.536 307.536 307.536 307.536 307.536 307.536 307.536 307.536 307.536 307.536 307.536 307.536 307.536 307.536 307.535 307.428 300.108 300.001 300 300 300 300 300 300 300 300 300 300 300 300 300 300 300 300 300 300 300 300 300 300 300 300 300 300 300 300 300 300 300 300 300 300 300 299.999 299.893 292.566 292.46 292.459 292.459 292.459 292.459 292.459 292.459 292.459 292.459 292.459 292.459 292.459 292.459 292.459 292.459 292.459 292.459 292.459 292.459 292.459 292.459 292.459 292.459 292.459 292.459 292.459 292.459 292.459 292.459 
307.544 307.544 307.544 307.544 307.544 307.544 307.544 307.544 307.544 307.544 307.544 307.544 307.544 307.544 307.544 307.544 307.544 307.544 307.544 307.544 307.544 307.544 307.544 307.544 307.544 307.544 307.544 307.544 307.544 307.543 307.436 300.108 300.001 300 300 300 300 300 300 300 300 300 300 300 300 300 300 300 300 300 300 300 300 300 300 300 300 300 300 300 300 300 300 300 300 300 300 300 299.999 299.892 292.558 292.452 292.451 292.451 292.451 292.451 292.451 292.451 292.451 292.451 292.451 292.451 292.451 292.451 292.451 292.451 292.451 292.451 292.451 292.451 292.451 292.451 292.451 292.451 292.451 292.451 292.451 292.451 292.451 292.451 
307.553 307.553 307.553 307.553 307.553 307.553 307.553 307.553 307.553 307.553 307.553 307.553 307.553 307.553 307.553 307.553 307.553 307.553 307.553 307.553 307.553 307.553 307.553 307.553 307.553 307.553 307.553 307.553 307.553 307.552 307.444 300.108 300.001 300 300 300 300 300 300 300 300 300 300 300 300 300 300 300 300 300 300 300 300 300 300 300 300 300 300 300 300 300 300 300 300 300 300 300 299.999 299.892 292.55 292.443 292.442 292.442 292.442 292.442 292.442 292.442 292.442 292.442 292.442 292.442 292.442 292.442 292.442 292.442 292.442 292.442 292.442 292.442 292.442 292.442 292.442 292.442 292.442 292.442 292.442 292.442 292.442 292.442 
307.561 307.561 307.561 307.561 307.561 307.561 307.561 307.561 307.561 307.561 307.561 307.561 307.561 307.561 307.561 307.561 307.561 307.561 307.561 307.561 307.561 307.561 307.561 307.561 307.561 307.561 307.561 307.561 307.561 307.56 307.452 300.109 300.001 300 300 300 300 300 300 300 300 300 300 300 300 300 300 300 300 300 300 300 300 300 300 300 300 300 300 300 300 300 300 300 300 300 300 300 299.999 299.892 292.542 292.435 292.434 292.434 292.434 292.434 292.434 292.434 292.434 292.434 292.434 292.434 292.434 292.434 292.434 292.434 292.434 292.434 292.434 292.434 292.434 292.434 292.434 292.434 292.434 292.434 292.434 292.434 292.434 292.434 
307.569 307.569 307.569 307.569 307.569 307.569 307.569 307.569 307.569 307.569 307.569 307.569 307.569 307.569 307.569 307.569 307.569 307.569 307.569 307.569 307.569 307.569 307.569 307.569 307.569 307.569 307.569 307.569 307.569 307.568 307.461 300.109 300.001 300 300 300 300 300 300 300 300 300 300 300 300 300 300 300 300 300 300 300 300 300 300 300 300 300 300 300 300 300 300 300 300 300 300 300 299.999 299.892 292.534 292.427 292.426 292.426 292.426 292.426 292.426 292.426 292.426 292.426 292.426 292.426 292.426 292.426 292.426 292.426 292.426 292.426 292.426 292.426 292.426 292.426 292.426 292.426 292.426 292.426 292.426 292.426 292.426 292.426 
307.577 307.577 307.577 307.577 307.577 307.577 307.577 307.577 307.577 307.577 307.577 307.577 307.577 307.577 307.577 307.577 307.577 307.577 307.577 307.577 307.577 307.577 307.577 307.577 307.577 307.577 307.577 307.577 307.577 307.576 307.469 300.109 300.001 300 300 300 300 300 300 300 300 300 300 300 300 300 300 300 300 300 300 300 300 300 300 300 300 300 300 300 300 300 300 300 300 300 300 300 299.999 299.892 292.526 292.419 292.418 292.418 292.418 292.418 292.418 292.418 292.418 292.418 292.418 292.418 292.418 292.418 292.418 292.418 292.418 292.418 292.418 292.418 292.418 292.418 292.418 292.418 292.418 292.418 292.418 292.418 292.418 292.418 
307.586 307.586 307.586 307.586 307.586 307.586 307.586 307.586 307.586 307.586 307.586 307.586 307.586 307.586 307.586 307.586 307.586 307.586 307.586 307.586 307.586 307.586 307.586 307.586 307.586 307.586 307.586 307.586 307.586 307.585 307.477 300.109 300.001 300 300 300 300 300 300 300 300 300 300 300 300 300 300 300 300 300 300 300 300 300 300 300 300 300 300 300 300 300 300 300 300 300 300 300 299.999 299.891 292.518 292.41 292.409 292.409 292.409 292.409 292.409 292.409 292.409 292.409 292.409 292.409 292.409 292.409 292.409 292.409 292.409 292.409 292.409 292.409 292.409 292.409 292.409 292.409 292.409 292.409 292.409 292.409 292.409 292.409 
307.594 307.594 307.594 307.594 307.594 307.594 307.594 307.594 307.594 307.594 307.594 307.594 307.594 307.594 307.594 307.594 307.594 307.594 307.594 307.594 307.594 307.594 307.594 307.594 307.594 307.594 307.594 307.594 307.594 307.593 307.485 300.11 300.001 300 300 300 300 300 300 300 300 300 300 300 300 300 300 300 300 300 300 300 300 300 300 300 300 300 300 300 300 300 300 300 300 300 300 300 299.999 299.891 292.51 292.402 292.401 292.401 292.401 292.401 292.401 292.401 292.401 292.401 292.401 292.401 292.401 292.401 292.401 292.401 292.401 292.401 292.401 292.401 292.401 292.401 292.401 292.401 292.401 292.401 292.401 292.401 292.401 292.401 
307.602 307.602 307.602 307.602 307.602 307.602 307.602 307.602 307.602 307.602 307.602 307.602 307.602 307.602 307.602 307.602 307.602 307.602 307.602 307.602 307.602 307.602 307.602 307.602 307.602 307.602 307.602 307.602 307.602 307.601 307.493 300.11 300.001 300 300 300 300 300 300 300 300 300 300 300 300 300 300 300 300 300 300 300 300 300 300 300 300 300 300 300 300 300 300 300 300 300 300 300 299.999 299.891 292.502 292.394 292.393 292.393 292.393 292.393 292.393 292.393 292.393 292.393 292.393 292.393 292.393 292.393 292.393 292.393 292.393 292.393 292.393 292.393 292.393 292.393 292.393 292.393 292.393 292.393 292.393 292.393 292.393 292.393 
307.61 307.61 307.61 307.61 307.61 307.61 307.61 307.61 307.61 307.61 307.61 307.61 307.61 307.61 307.61 307.61 307.61 307.61 307.61 307.61 307.61 307.61 307.61 307.61 307.61 307.61 307.61 307.61 307.61 307.609 307.501 300.11 300.001 300 300 300 300 300 300 300 300 300 300 300 300 300 300 300 300 300 300 300 300 300 300 300 300 300 300 300 300 300 300 300 300 300 300 300 299.999 299.891 292.494 292.385 292.384 292.384 292.384 292.384 292.384 292.384 292.384 292.384 292.384 292.384 292.384 292.384 292.384 292.384 292.384 292.384 292.384 292.384 292.384 292.384 292.384 292.384 292.384 292.384 292.384 292.384 292.384 292.384 
307.619 307.619 307.619 307.619 307.619 307.619 307.619 307.619 307.619 307.619 307.619 307.619 307.619 307.619 307.619 307.619 307.619 307.619 307.619 307.619 307.619 307.619 307.619 307.619 307.619 307.619 307.619 307.619 307.619 307.618 307.509 300.11 300.001 300 300 300 300 300 300 300 300 300 300 300 300 300 300 300 300 300 300 300 300 300 300 300 300 300 300 300 300 300 300 300 300 300 300 300 299.999 299.89 292.486 292.377 292.376 292.376 292.376 292.376 292.376 292.376 292.376 292.376 292.376 292.376 292.376 292.376 292.376 292.376 292.376 292.376 292.376 292.376 292.376 292.376 292.376 292.376 292.376 292.376 292.376 292.376 292.376 292.376 
307.627 307.627 307.627 307.627 307.627 307.627 307.627 307.627 307.627 307.627 307.627 307.627 307.627 307.627 307.627 307.627 307.627 307.627 307.627 307.627 307.627 307.627 307.627 307.627 307.627 307.627 307.627 307.627 307.627 307.626 307.517 300.11 300.001 300 300 300 300 300 300 300 300 300 300 300 300 300 300 300 300 300 300 300 300 300 300 300 300 300 300 300 300 300 300 300 300 300 300 300 299.999 299.89 292.478 292.369 292.368 292.368 292.368 292.368 292.368 292.368 292.368 292.368 292.368 292.368 292.368 292.368 292.368 292.368 292.368 292.368 292.368 292.368 292.368 292.368 292.368 292.368 292.368 292.368 292.368 292.368 292.368 292.368 
307.635 307.635 307.635 307.635 307.635 307.635 307.635 307.635 307.635 307.635 307.635 307.635 307.635 307.635 307.635 307.635 307.635 307.635 307.635 307.635 307.635 307.635 307.635 307.635 307.635 307.635 307.635 307.635 307.635 307.634 307.525 300.111 300.001 300 300 300 300 300 300 300 300 300 300 300 300 300 300 300 300 300 300 300 300 300 300 300 300 300 300 300 300 300 300 300 300 300 300 300 299.999 299.89 292.47 292.361 292.36 292.36 292.36 292.36 292.36 292.36 292.36 292.36 292.36 292.36 292.36 292.36 292.36 292.36 292.36 292.36 292.36 292.36 292.36 292.36 292.36 292.36 292.36 292.36 292.36 292.36 292.36 292.36 
307.644 307.644 307.644 307.644 307.644 307.644 307.644 307.644 307.644 307.644 307.644 307.644 307.644 307.644 307.644 307.644 307.644 307.644 307.644 307.644 307.644 307.644 307.644 307.644 307.644 307.644 307.644 307.644 307.644 307.642 307.533 300.111 300.001 300 300 300 300 300 300 300 300 300 300 300 300 300 300 300 300 300 300 300 300 300 300 300 300 300 300 300 300 300 300 300 300 300 300 300 299.999 299.89 292.462 292.352 292.351 292.351 292.351 292.351 292.351 292.351 292.351 292.351 292.351 292.351 292.351 292.351 292.351 292.351 292.351 292.351 292.351 292.351 292.351 292.351 292.351 292.351 292.351 292.351 292.351 292.351 292.351 292.351 
307.652 307.652 307.652 307.652 307.652 307.652 307.652 307.652 307.652 307.652 307.652 307.652 307.652 307.652 307.652 307.652 307.652 307.652 307.652 307.652 307.652 307.652 307.652 307.652 307.652 307.652 307.652 307.652 307.652 307.651 307.541 300.111 300.001 300 300 300 300 300 300 300 300 300 300 300 300 300 300 300 300 300 300 300 300 300 300 300 300 300 300 300 300 300 300 300 300 300 300 300 299.999 299.889 292.454 292.344 292.343 292.343 292.343 292.343 292.343 292.343 292.343 292.343 292.343 292.343 292.343 292.343 292.343 292.343 292.343 292.343 292.343 292.343 292.343 292.343 292.343 292.343 292.343 292.343 292.343 292.343 292.343 292.343 
307.66 307.66 307.66 307.66 307.66 307.66 307.66 307.66 307.66 307.66 307.66 307.66 307.66 307.66 307.66 307.66 307.66 307.66 307.66 307.66 307.66 307.66 307.66 307.66 307.66 307.66 307.66 307.66 307.66 307.659 307.549 300.111 300.001 300 300 300 300 300 300 300 300 300 300 300 300 300 300 300 300 300 300 300 300 300 300 300 300 300 300 300 300 300 300 300 300 300 300 300 299.999 299.889 292.445 292.336 292.335 292.335 292.335 292.335 292.335 292.335 292.335 292.335 292.335 292.335 292.335 292.335 292.335 292.335 292.335 292.335 292.335 292.335 292.335 292.335 292.335 292.335 292.335 292.335 292.335 292.335 292.335 292.335 
307.668 307.668 307.668 307.668 307.668 307.668 307.668 307.668 307.668 307.668 307.668 307.668 307.668 307.668 307.668 307.668 307.668 307.668 307.668 307.668 307.668 307.668 307.668 307.668 307.668 307.668 307.668 307.668 307.668 307.667 307.557 300.112 300.001 300 300 300 300 300 300 300 300 300 300 300 300 300 300 300 300 300 300 300 300 300 300 300 300 300 300 300 300 300 300 300 300 300 300 300 299.999 299.889 292.437 292.328 292.326 292.326 292.326 292.326 292.326 292.326 292.326 292.326 292.326 292.326 292.326 292.326 292.326 292.326 292.326 292.326 292.326 292.326 292.326 292.326 292.326 292.326 292.326 292.326 292.326 292.326 292.326 292.326 
307.677 307.677 307.677 307.677 307.677 307.677 307.677 307.677 307.677 307.677 307.677 307.677 307.677 307.677 307.677 307.677 307.677 307.677 307.677 307.677 307.677 307.677 307.677 307.677 307.677 307.677 307.677 307.677 307.677 307.675 307.565 300.112 300.001 300 300 300 300 300 300 300 300 300 300 300 300 300 300 300 300 300 300 300 300 300 300 300 300 300 300 300 300 300 300 300 300 300 300 300 299.999 299.889 292.429 292.319 292.318 292.318 292.318 292.318 292.318 292.318 292.318 292.318 292.318 292.318 292.318 292.318 292.318 292.318 292.318 292.318 292.318 292.318 292.318 292.318 292.318 292.318 292.318 292.318 292.318 292.318 292.318 292.318 
307.685 307.685 307.685 307.685 307.685 307.685 307.685 307.685 307.685 307.685 307.685 307.685 307.685 307.685 307.685 307.685 307.685 307.685 307.685 307.685 307.685 307.685 307.685 307.685 307.685 307.685 307.685 307.685 307.685 307.684 307.573 300.112 300.001 300 300 300 300 300 300 300 300 300 300 300 300 300 300 300 300 300 300 300 300 300 300 300 300 300 300 300 300 300 300 300 300 300 300 300 299.999 299.889 292.421 292.311 292.31 292.31 292.31 292.31 292.31 292.31 292.31 292.31 292.31 292.31 292.31 292.31 292.31 292.31 292.31 292.31 292.31 292.31 292.31 292.31 292.31 292.31 292.31 292.31 292.31 292.31 292.31 292.31 
307.693 307.693 307.693 307.693 307.693 307.693 307.693 307.693 307.693 307.693 307.693 307.693 307.693 307.693 307.693 307.693 307.693 307.693 307.693 307.693 307.693 307.693 307.693 307.693 307.693 307.693 307.693 307.693 307.693 307.692 307.581 300.112 300.001 300 300 300 300 300 300 300 300 300 300 300 300 300 300 300 300 300 300 300 300 300 300 300 300 300 300 300 300 300 300 300 300 300 300 300 299.999 299.888 292.413 292.303 292.302 292.302 292.302 292.302 292.302 292.302 292.302 292.302 292.302 292.302 292.302 292.302 292.302 292.302 292.302 292.302 292.302 292.302 292.302 292.302 292.302 292.302 292.302 292.302 292.302 292.302 292.302 292.302 
307.701 307.701 307.701 307.701 307.701 307.701 307.701 307.701 307.701 307.701 307.701 307.701 307.701 307.701 307.701 307.701 307.701 307.701 307.701 307.701 307.701 307.701 307.701 307.701 307.701 307.701 307.701 307.701 307.701 307.7 307.589 300.113 300.001 300 300 300 300 300 300 300 300 300 300 300 300 300 300 300 300 300 300 300 300 300 300 300 300 300 300 300 300 300 300 300 300 300 300 300 299.999 299.888 292.405 292.294 292.293 292.293 292.293 292.293 292.293 292.293 292.293 292.293 292.293 292.293 292.293 292.293 292.293 292.293 292.293 292.293 292.293 292.293 292.293 292.293 292.293 292.293 292.293 292.293 292.293 292.293 292.293 292.293 
307.71 307.71 307.71 307.71 307.71 307.71 307.71 307.71 307.71 307.71 307.71 307.71 307.71 307.71 307.71 307.71 307.71 307.71 307.71 307.71 307.71 307.71 307.71 307.71 307.71 307.71 307.71 307.71 307.71 307.709 307.597 300.113 300.001 300 300 300 300 300 300 300 300 300 300 300 300 300 300 300 300 300 300 300 300 300 300 300 300 300 300 300 300 300 300 300 300 300 300 300 299.999 299.888 292.397 292.286 292.285 292.285 292.285 292.285 292.285 292.285 292.285 292.285 292.285 292.285 292.285 292.285 292.285 292.285 292.285 292.285 292.285 292.285 292.285 292.285 292.285 292.285 292.285 292.285 292.285 292.285 292.285 292.285 
307.718 307.718 307.718 307.718 307.718 307.718 307.718 307.718 307.718 307.718 307.718 307.718 307.718 307.718 307.718 307.718 307.718 307.718 307.718 307.718 307.718 307.718 307.718 307.718 307.718 307.718 307.718 307.718 307.718 307.717 307.605 300.113 300.001 300 300 300 300 300 300 300 300 300 300 300 300 300 300 300 300 300 300 300 300 300 300 300 300 300 300 300 300 300 300 300 300 300 300 300 299.999 299.888 292.389 292.278 292.277 292.277 292.277 292.277 292.277 292.277 292.277 292.277 292.277 292.277 292.277 292.277 292.277 292.277 292.277 292.277 292.277 292.277 292.277 292.277 292.277 292.277 292.277 292.277 292.277 292.277 292.277 292.277 
307.726 307.726 307.726 307.726 307.726 307.726 307.726 307.726 307.726 307.726 307.726 307.726 307.726 307.726 307.726 307.726 307.726 307.726 307.726 307.726 307.726 307.726 307.726 307.726 307.726 307.726 307.726 307.726 307.726 307.725 307.613 300.113 300.001 300 300 300 300 300 300 300 300 300 300 300 300 300 300 300 300 300 300 300 300 300 300 300 300 300 300 300 300 300 300 300 300 300 300 300 299.999 299.887 292.381 292.27 292.269 292.269 292.269 292.269 292.269 292.269 292.269 292.269 292.269 292.269 292.269 292.269 292.269 292.269 292.269 292.269 292.269 292.269 292.269 292.269 292.269 292.269 292.269 292.269 292.269 292.269 292.269 292.269 
307.734 307.734 307.734 307.734 307.734 307.734 307.734 307.734 307.734 307.734 307.734 307.734 307.734 307.734 307.734 307.734 307.734 307.734 307.734 307.734 307.734 307.734 307.734 307.734 307.734 307.734 307.734 307.734 307.734 307.733 307.621 300.114 300.001 300 300 300 300 300 300 300 300 300 300 300 300 300 300 300 300 300 300 300 300 300 300 300 300 300 300 300 300 300 300 300 300 300 300 300 299.999 299.887 292.373 292.261 292.26 292.26 292.26 292.26 292.26 292.26 292.26 292.26 292.26 292.26 292.26 292.26 292.26 292.26 292.26 292.26 292.26 292.26 292.26 292.26 292.26 292.26 292.26 292.26 292.26 292.26 292.26 292.26 
307.743 307.743 307.743 307.743 307.743 307.743 307.743 307.743 307.743 307.743 307.743 307.743 307.743 307.743 307.743 307.743 307.743 307.743 307.743 307.743 307.743 307.743 307.743 307.743 307.743 307.743 307.743 307.743 307.743 307.742 307.629 300.114 300.001 300 300 300 300 300 300 300 300 300 300 300 300 300 300 300 300 300 300 300 300 300 300 300 300 300 300 300 300 300 300 300 300 300 300 300 299.999 299.887 292.365 292.253 292.252 292.252 292.252 292.252 292.252 292.252 292.252 292.252 292.252 292.252 292.252 292.252 292.252 292.252 292.252 292.252 292.252 292.252 292.252 292.252 292.252 292.252 292.252 292.252 292.252 292.252 292.252 292.252 
307.751 307.751 307.751 307.751 307.751 307.751 307.751 307.751 307.751 307.751 307.751 307.751 307.751 307.751 307.751 307.751 307.751 307.751 307.751 307.751 307.751 307.751 307.751 307.751 307.751 307.751 307.751 307.751 307.751 307.75 307.637 300.114 300.001 300 300 300 300 300 300 300 300 300 300 300 300 300 300 300 300 300 300 300 300 300 300 300 300 300 300 300 300 300 300 300 300 300 300 300 299.999 299.887 292.357 292.245 292.244 292.244 292.244 292.244 292.244 292.244 292.244 292.244 292.244 292.244 292.244 292.244 292.244 292.244 292.244 292.244 292.244 292.244 292.244 292.244 292.244 292.244 292.244 292.244 292.244 292.244 292.244 292.244 
307.759 307.759 307.759 307.759 307.759 307.759 307.759 307.759 307.759 307.759 307.759 307.759 307.759 307.759 307.759 307.759 307.759 307.759 307.759 307.759 307.759 307.759 307.759 307.759 307.759 307.759 307.759 307.759 307.759 307.758 307.645 300.114 300.001 300 300 300 300 300 300 300 300 300 300 300 300 300 300 300 300 300 300 300 300 300 300 300 300 300 300 300 300 300 300 300 300 300 300 300 299.999 299.886 292.349 292.237 292.235 292.235 292.235 292.235 292.235 292.235 292.235 292.235 292.235 292.235 292.235 292.235 292.235 292.235 292.235 292.235 292.235 292.235 292.235 292.235 292.235 292.235 292.235 292.235 292.235 292.235 292.235 292.235 
307.768 307.768 307.768 307.768 307.768 307.768 307.768 307.768 307.768 307.768 307.768 307.768 307.768 307.768 307.768 307.768 307.768 307.768 307.768 307.768 307.768 307.768 307.768 307.768 307.768 307.768 307.768 307.768 307.767 307.766 307.653 300.115 300.001 300 300 300 300 300 300 300 300 300 300 300 300 300 300 300 300 300 300 300 300 300 300 300 300 300 300 300 300 300 300 300 300 300 300 300 299.999 299.886 292.341 292.228 292.227 292.227 292.227 292.227 292.227 292.227 292.227 292.227 292.227 292.227 292.227 292.227 292.227 292.227 292.227 292.227 292.227 292.227 292.227 292.227 292.227 292.227 292.227 292.227 292.227 292.227 292.227 292.227 
307.776 307.776 307.776 307.776 307.776 307.776 307.776 307.776 307.776 307.776 307.776 307.776 307.776 307.776 307.776 307.776 307.776 307.776 307.776 307.776 307.776 307.776 307.776 307.776 307.776 307.776 307.776 307.776 307.776 307.775 307.661 300.115 300.001 300 300 300 300 300 300 300 300 300 300 300 300 300 300 300 300 300 300 300 300 300 300 300 300 300 300 300 300 300 300 300 300 300 300 300 299.999 299.886 292.333 292.22 292.219 292.219 292.219 292.219 292.219 292.219 292.219 292.219 292.219 292.219 292.219 292.219 292.219 292.219 292.219 292.219 292.219 292.219 292.219 292.219 292.219 292.219 292.219 292.219 292.219 292.219 292.219 292.219 
307.784 307.784 307.784 307.784 307.784 307.784 307.784 307.784 307.784 307.784 307.784 307.784 307.784 307.784 307.784 307.784 307.784 307.784 307.784 307.784 307.784 307.784 307.784 307.784 307.784 307.784 307.784 307.784 307.784 307.783 307.669 300.115 300.001 300 300 300 300 300 300 300 300 300 300 300 300 300 300 300 300 300 300 300 300 300 300 300 300 300 300 300 300 300 300 300 300 300 300 300 299.999 299.886 292.325 292.212 292.211 292.211 292.211 292.211 292.211 292.211 292.211 292.211 292.211 292.211 292.211 292.211 292.211 292.211 292.211 292.211 292.211 292.211 292.211 292.211 292.211 292.211 292.211 292.211 292.211 292.211 292.211 292.211 
307.792 307.792 307.792 307.792 307.792 307.792 307.792 307.792 307.792 307.792 307.792 307.792 307.792 307.792 307.792 307.792 307.792 307.792 307.792 307.792 307.792 307.792 307.792 307.792 307.792 307.792 307.792 307.792 307.792 307.791 307.677 300.115 300.001 300 300 300 300 300 300 300 300 300 300 300 300 300 300 300 300 300 300 300 300 300 300 300 300 300 300 300 300 300 300 300 300 300 300 300 299.999 299.885 292.317 292.203 292.202 292.202 292.202 292.202 292.202 292.202 292.202 292.202 292.202 292.202 292.202 292.202 292.202 292.202 292.202 292.202 292.202 292.202 292.202 292.202 292.202 292.202 292.202 292.202 292.202 292.202 292.202 292.202 
307.801 307.801 307.801 307.801 307.801 307.801 307.801 307.801 307.801 307.801 307.801 307.801 307.801 307.801 307.801 307.801 307.801 307.801 307.801 307.801 307.801 307.801 307.801 307.801 307.801 307.801 307.801 307.801 307.801 307.799 307.685 300.115 300.001 300 300 300 300 300 300 300 300 300 300 300 300 300 300 300 300 300 300 300 300 300 300 300 300 300 300 300 300 300 300 300 300 300 300 300 299.999 299.885 292.309 292.195 292.194 292.194 292.194 292.194 292.194 292.194 292.194 292.194 292.194 292.194 292.194 292.194 292.194 292.194 292.194 292.194 292.194 292.194 292.194 292.194 292.194 292.194 292.194 292.194 292.194 292.194 292.194 292.194 
307.809 307.809 307.809 307.809 307.809 307.809 307.809 307.809 307.809 307.809 307.809 307.809 307.809 307.809 307.809 307.809 307.809 307.809 307.809 307.809 307.809 307.809 307.809 307.809 307.809 307.809 307.809 307.809 307.809 307.808 307.693 300.116 300.001 300 300 300 300 300 300 300 300 300 300 300 300 300 300 300 300 300 300 300 300 300 300 300 300 300 300 300 300 300 300 300 300 300 300 300 299.999 299.885 292.301 292.187 292.186 292.186 292.186 292.186 292.186 292.186 292.186 292.186 292.186 292.186 292.186 292.186 292.186 292.186 292.186 292.186 292.186 292.186 292.186 292.186 292.186 292.186 292.186 292.186 292.186 292.186 292.186 292.186 
307.817 307.817 307.817 307.817 307.817 307.817 307.817 307.817 307.817 307.817 307.817 307.817 307.817 307.817 307.817 307.817 307.817 307.817 307.817 307.817 307.817 307.817 307.817 307.817 307.817 307.817 307.817 307.817 307.817 307.816 307.701 300.116 300.001 300 300 300 300 300 300 300 300 300 300 300 300 300 300 300 300 300 300 300 300 300 300 300 300 300 300 300 300 300 300 300 300 300 300 300 299.999 299.885 292.293 292.179 292.177 292.177 292.177 292.177 292.177 292.177 292.177 292.177 292.177 292.177 292.177 292.177 292.177 292.177 292.177 292.177 292.177 292.177 292.177 292.177 292.177 292.177 292.177 292.177 292.177 292.177 292.177 292.177 
307.825 307.825 307.825 307.825 307.825 307.825 307.825 307.825 307.825 307.825 307.825 307.825 307.825 307.825 307.825 307.825 307.825 307.825 307.825 307.825 307.825 307.825 307.825 307.825 307.825 307.825 307.825 307.825 307.825 307.824 307.709 300.116 300.001 300 300 300 300 300 300 300 300 300 300 300 300 300 300 300 300 300 300 300 300 300 300 300 300 300 300 300 300 300 300 300 300 300 300 300 299.999 299.884 292.285 292.17 292.169 292.169 292.169 292.169 292.169 292.169 292.169 292.169 292.169 292.169 292.169 292.169 292.169 292.169 292.169 292.169 292.169 292.169 292.169 292.169 292.169 292.169 292.169 292.169 292.169 292.169 292.169 292.169 
307.834 307.834 307.834 307.834 307.834 307.834 307.834 307.834 307.834 307.834 307.834 307.834 307.834 307.834 307.834 307.834 307.834 307.834 307.834 307.834 307.834 307.834 307.834 307.834 307.834 307.834 307.834 307.834 307.834 307.832 307.717 300.116 300.001 300 300 300 300 300 300 300 300 300 300 300 300 300 300 300 300 300 300 300 300 300 300 300 300 300 300 300 300 300 300 300 300 300 300 300 299.999 299.884 292.277 292.162 292.161 292.161 292.161 292.161 292.161 292.161 292.161 292.161 292.161 292.161 292.161 292.161 292.161 292.161 292.161 292.161 292.161 292.161 292.161 292.161 292.161 292.161 292.161 292.161 292.161 292.161 292.161 292.161 
307.842 307.842 307.842 307.842 307.842 307.842 307.842 307.842 307.842 307.842 307.842 307.842 307.842 307.842 307.842 307.842 307.842 307.842 307.842 307.842 307.842 307.842 307.842 307.842 307.842 307.842 307.842 307.842 307.842 307.841 307.725 300.117 300.001 300 300 300 300 300 300 300 300 300 300 300 300 300 300 300 300 300 300 300 300 300 300 300 300 300 300 300 300 300 300 300 300 300 300 300 299.999 299.884 292.269 292.154 292.153 292.153 292.153 292.153 292.153 292.153 292.153 292.153 292.153 292.153 292.153 292.153 292.153 292.153 292.153 292.153 292.153 292.153 292.153 292.153 292.153 292.153 292.153 292.153 292.153 292.153 292.153 292.153 
307.85 307.85 307.85 307.85 307.85 307.85 307.85 307.85 307.85 307.85 307.85 307.85 307.85 307.85 307.85 307.85 307.85 307.85 307.85 307.85 307.85 307.85 307.85 307.85 307.85 307.85 307.85 307.85 307.85 307.849 307.733 300.117 300.001 300 300 300 300 300 300 300 300 300 300 300 300 300 300 300 300 300 300 300 300 300 300 300 300 300 300 300 300 300 300 300 300 300 300 300 299.999 299.884 292.261 292.146 292.144 292.144 292.144 292.144 292.144 292.144 292.144 292.144 292.144 292.144 292.144 292.144 292.144 292.144 292.144 292.144 292.144 292.144 292.144 292.144 292.144 292.144 292.144 292.144 292.144 292.144 292.144 292.144 
307.858 307.858 307.858 307.858 307.858 307.858 307.858 307.858 307.858 307.858 307.858 307.858 307.858 307.858 307.858 307.858 307.858 307.858 307.858 307.858 307.858 307.858 307.858 307.858 307.858 307.858 307.858 307.858 307.858 307.857 307.741 300.117 300.001 300 300 300 300 300 300 300 300 300 300 300 300 300 300 300 300 300 300 300 300 300 300 300 300 300 300 300 300 300 300 300 300 300 300 300 299.999 299.884 292.253 292.137 292.136 292.136 292.136 292.136 292.136 292.136 292.136 292.136 292.136 292.136 292.136 292.136 292.136 292.136 292.136 292.136 292.136 292.136 292.136 292.136 292.136 292.136 292.136 292.136 292.136 292.136 292.136 292.136 
307.867 307.867 307.867 307.867 307.867 307.867 307.867 307.867 307.867 307.867 307.867 307.867 307.867 307.867 307.867 307.867 307.867 307.867 307.867 307.867 307.867 307.867 307.867 307.867 307.867 307.867 307.867 307.867 307.867 307.865 307.749 300.117 300.001 300 300 300 300 300 300 300 300 300 300 300 300 300 300 300 300 300 300 300 300 300 300 300 300 300 300 300 300 300 300 300 300 300 300 300 299.999 299.883 292.245 292.129 292.128 292.128 292.128 292.128 292.128 292.128 292.128 292.128 292.128 292.128 292.128 292.128 292.128 292.128 292.128 292.128 292.128 292.128 292.128 292.128 292.128 292.128 292.128 292.128 292.128 292.128 292.128 292.128 
307.875 307.875 307.875 307.875 307.875 307.875 307.875 307.875 307.875 307.875 307.875 307.875 307.875 307.875 307.875 307.875 307.875 307.875 307.875 307.875 307.875 307.875 307.875 307.875 307.875 307.875 307.875 307.875 307.875 307.874 307.757 300.118 300.001 300 300 300 300 300 300 300 300 300 300 300 300 300 300 300 300 300 300 300 300 300 300 300 300 300 300 300 300 300 300 300 300 300 300 300 299.999 299.883 292.236 292.121 292.12 292.12 292.12 292.12 292.12 292.12 292.12 292.12 292.12 292.12 292.12 292.12 292.12 292.12 292.12 292.12 292.12 292.12 292.12 292.12 292.12 292.12 292.12 292.12 292.12 292.12 292.12 292.12 
307.883 307.883 307.883 307.883 307.883 307.883 307.883 307.883 307.883 307.883 307.883 307.883 307.883 307.883 307.883 307.883 307.883 307.883 307.883 307.883 307.883 307.883 307.883 307.883 307.883 307.883 307.883 307.883 307.883 307.882 307.766 300.118 300.001 300 300 300 300 300 300 300 300 300 300 300 300 300 300 300 300 300 300 300 300 300 300 300 300 300 300 300 300 300 300 300 300 300 300 300 299.999 299.883 292.228 292.112 292.111 292.111 292.111 292.111 292.111 292.111 292.111 292.111 292.111 292.111 292.111 292.111 292.111 292.111 292.111 292.111 292.111 292.111 292.111 292.111 292.111 292.111 292.111 292.111 292.111 292.111 292.111 292.111 
307.891 307.891 307.891 307.891 307.891 307.891 307.891 307.891 307.891 307.891 307.891 307.891 307.891 307.891 307.891 307.891 307.891 307.891 307.891 307.891 307.891 307.891 307.891 307.891 307.891 307.891 307.891 307.891 307.891 307.89 307.774 300.118 300.001 300 300 300 300 300 300 300 300 300 300 300 300 300 300 300 300 300 300 300 300 300 300 300 300 300 300 300 300 300 300 300 300 300 300 300 299.999 299.883 292.22 292.104 292.103 292.103 292.103 292.103 292.103 292.103 292.103 292.103 292.103 292.103 292.103 292.103 292.103 292.103 292.103 292.103 292.103 292.103 292.103 292.103 292.103 292.103 292.103 292.103 292.103 292.103 292.103 292.103 
307.9 307.9 307.9 307.9 307.9 307.9 307.9 307.9 307.9 307.9 307.9 307.9 307.9 307.9 307.9 307.9 307.9 307.9 307.9 307.9 307.9 307.9 307.9 307.9 307.9 307.9 307.9 307.9 307.9 307.899 307.782 300.118 300.001 300 300 300 300 300 300 300 300 300 300 300 300 300 300 300 300 300 300 300 300 300 300 300 300 300 300 300 300 300 300 300 300 300 300 300 299.999 299.882 292.212 292.096 292.095 292.095 292.095 292.095 292.095 292.095 292.095 292.095 292.095 292.095 292.095 292.095 292.095 292.095 292.095 292.095 292.095 292.095 292.095 292.095 292.095 292.095 292.095 292.095 292.095 292.095 292.095 292.095 
307.908 307.908 307.908 307.908 307.908 307.908 307.908 307.908 307.908 307.908 307.908 307.908 307.908 307.908 307.908 307.908 307.908 307.908 307.908 307.908 307.908 307.908 307.908 307.908 307.908 307.908 307.908 307.908 307.908 307.907 307.79 300.119 300.001 300 300 300 300 300 300 300 300 300 300 300 300 300 300 300 300 300 300 300 300 300 300 300 300 300 300 300 300 300 300 300 300 300 300 300 299.999 299.882 292.204 292.088 292.086 292.086 292.086 292.086 292.086 292.086 292.086 292.086 292.086 292.086 292.086 292.086 292.086 292.086 292.086 292.086 292.086 292.086 292.086 292.086 292.086 292.086 292.086 292.086 292.086 292.086 292.086 292.086 
307.916 307.916 307.916 307.916 307.916 307.916 307.916 307.916 307.916 307.916 307.916 307.916 307.916 307.916 307.916 307.916 307.916 307.916 307.916 307.916 307.916 307.916 307.916 307.916 307.916 307.916 307.916 307.916 307.916 307.915 307.798 300.119 300.001 300 300 300 300 300 300 300 300 300 300 300 300 300 300 300 300 300 300 300 300 300 300 300 300 300 300 300 300 300 300 300 300 300 300 300 299.999 299.882 292.196 292.079 292.078 292.078 292.078 292.078 292.078 292.078 292.078 292.078 292.078 292.078 292.078 292.078 292.078 292.078 292.078 292.078 292.078 292.078 292.078 292.078 292.078 292.078 292.078 292.078 292.078 292.078 292.078 292.078 
307.925 307.925 307.925 307.925 307.925 307.925 307.925 307.925 307.925 307.925 307.925 307.925 307.925 307.925 307.925 307.925 307.925 307.925 307.925 307.925 307.925 307.925 307.925 307.925 307.925 307.925 307.925 307.925 307.925 307.923 307.806 300.119 300.001 300 300 300 300 300 300 300 300 300 300 300 300 300 300 300 300 300 300 300 300 300 300 300 300 300 300 300 300 300 300 300 300 300 300 300 299.999 299.882 292.188 292.071 292.07 292.07 292.07 292.07 292.07 292.07 292.07 292.07 292.07 292.07 292.07 292.07 292.07 292.07 292.07 292.07 292.07 292.07 292.07 292.07 292.07 292.07 292.07 292.07 292.07 292.07 292.07 292.07 
307.933 307.933 307.933 307.933 307.933 307.933 307.933 307.933 307.933 307.933 307.933 307.933 307.933 307.933 307.933 307.933 307.933 307.933 307.933 307.933 307.933 307.933 307.933 307.933 307.933 307.933 307.933 307.933 307.933 307.932 307.814 300.119 300.001 300 300 300 300 300 300 300 300 300 300 300 300 300 300 300 300 300 300 300 300 300 300 300 300 300 300 300 300 300 300 300 300 300 300 300 299.999 299.881 292.18 292.063 292.062 292.062 292.062 292.062 292.062 292.062 292.062 292.062 292.062 292.062 292.062 292.062 292.062 292.062 292.062 292.062 292.062 292.062 292.062 292.062 292.062 292.062 292.062 292.062 292.062 292.062 292.062 292.062 
307.941 307.941 307.941 307.941 307.941 307.941 307.941 307.941 307.941 307.941 307.941 307.941 307.941 307.941 307.941 307.941 307.941 307.941 307.941 307.941 307.941 307.941 307.941 307.941 307.941 307.941 307.941 307.941 307.941 307.94 307.822 300.12 300.001 300 300 300 300 300 300 300 300 300 300 300 300 300 300 300 300 300 300 300 300 300 300 300 300 300 300 300 300 300 300 300 300 300 300 300 299.999 299.881 292.172 292.055 292.053 292.053 292.053 292.053 292.053 292.053 292.053 292.053 292.053 292.053 292.053 292.053 292.053 292.053 292.053 292.053 292.053 292.053 292.053 292.053 292.053 292.053 292.053 292.053 292.053 292.053 292.053 292.053 
307.949 307.949 307.949 307.949 307.949 307.949 307.949 307.949 307.949 307.949 307.949 307.949 307.949 307.949 307.949 307.949 307.949 307.949 307.949 307.949 307.949 307.949 307.949 307.949 307.949 307.949 307.949 307.949 307.949 307.948 307.83 300.12 300.001 300 300 300 300 300 300 300 300 300 300 300 300 300 300 300 300 300 300 300 300 300 300 300 300 300 300 300 300 300 300 300 300 300 300 300 299.999 299.881 292.164 292.046 292.045 292.045 292.045 292.045 292.045 292.045 292.045 292.045 292.045 292.045 292.045 292.045 292.045 292.045 292.045 292.045 292.045 292.045 292.045 292.045 292.045 292.045 292.045 292.045 292.045 292.045 292.045 292.045 
307.958 307.958 307.958 307.958 307.958 307.958 307.958 307.958 307.958 307.958 307.958 307.958 307.958 307.958 307.958 307.958 307.958 307.958 307.958 307.958 307.958 307.958 307.958 307.958 307.958 307.958 307.958 307.958 307.958 307.956 307.838 300.12 300.001 300 300 300 300 300 300 300 300 300 300 300 300 300 300 300 300 300 300 300 300 300 300 300 300 300 300 300 300 300 300 300 300 300 300 300 299.999 299.881 292.156 292.038 292.037 292.037 292.037 292.037 292.037 292.037 292.037 292.037 292.037 292.037 292.037 292.037 292.037 292.037 292.037 292.037 292.037 292.037 292.037 292.037 292.037 292.037 292.037 292.037 292.037 292.037 292.037 292.037 
307.966 307.966 307.966 307.966 307.966 307.966 307.966 307.966 307.966 307.966 307.966 307.966 307.966 307.966 307.966 307.966 307.966 307.966 307.966 307.966 307.966 307.966 307.966 307.966 307.966 307.966 307.966 307.966 307.966 307.965 307.846 300.12 300.001 300 300 300 300 300 300 300 300 300 300 300 300 300 300 300 300 300 300 300 300 300 300 300 300 300 300 300 300 300 300 300 300 300 300 300 299.999 299.88 292.148 292.03 292.029 292.029 292.029 292.029 292.029 292.029 292.029 292.029 292.029 292.029 292.029 292.029 292.029 292.029 292.029 292.029 292.029 292.029 292.029 292.029 292.029 292.029 292.029 292.029 292.029 292.029 292.029 292.029 
307.974 307.974 307.974 307.974 307.974 307.974 307.974 307.974 307.974 307.974 307.974 307.974 307.974 307.974 307.974 307.974 307.974 307.974 307.974 307.974 307.974 307.974 307.974 307.974 307.974 307.974 307.974 307.974 307.974 307.973 307.854 300.121 300.001 300 300 300 300 300 300 300 300 300 300 300 300 300 300 300 300 300 300 300 300 300 300 300 300 300 300 300 300 300 300 300 300 300 300 300 299.999 299.88 292.14 292.021 292.02 292.02 292.02 292.02 292.02 292.02 292.02 292.02 292.02 292.02 292.02 292.02 292.02 292.02 292.02 292.02 292.02 292.02 292.02 292.02 292.02 292.02 292.02 292.02 292.02 292.02 292.02 292.02 
307.982 307.982 307.982 307.982 307.982 307.982 307.982 307.982 307.982 307.982 307.982 307.982 307.982 307.982 307.982 307.982 307.982 307.982 307.982 307.982 307.982 307.982 307.982 307.982 307.982 307.982 307.982 307.982 307.982 307.981 307.862 300.121 300.001 300 300 300 300 300 300 300 300 300 300 300 300 300 300 300 300 300 300 300 300 300 300 300 300 300 300 300 300 300 300 300 300 300 300 300 299.999 299.88 292.132 292.013 292.012 292.012 292.012 292.012 292.012 292.012 292.012 292.012 292.012 292.012 292.012 292.012 292.012 292.012 292.012 292.012 292.012 292.012 292.012 292.012 292.012 292.012 292.012 292.012 292.012 292.012 292.012 292.012 
307.991 307.991 307.991 307.991 307.991 307.991 307.991 307.991 307.991 307.991 307.991 307.991 307.991 307.991 307.991 307.991 307.991 307.991 307.991 307.991 307.991 307.991 307.991 307.991 307.991 307.991 307.991 307.991 307.991 307.989 307.87 300.121 300.001 300 300 300 300 300 300 300 300 300 300 300 300 300 300 300 300 300 300 300 300 300 300 300 300 300 300 300 300 300 300 300 300 300 300 300 299.999 299.88 292.124 292.005 292.004 292.004 292.004 292.004 292.004 292.004 292.004 292.004 292.004 292.004 292.004 292.004 292.004 292.004 292.004 292.004 292.004 292.004 292.004 292.004 292.004 292.004 292.004 292.004 292.004 292.004 292.004 292.004 
307.999 307.999 307.999 307.999 307.999 307.999 307.999 307.999 307.999 307.999 307.999 307.999 307.999 307.999 307.999 307.999 307.999 307.999 307.999 307.999 307.999 307.999 307.999 307.999 307.999 307.999 307.999 307.999 307.999 307.998 307.878 300.121 300.001 300 300 300 300 300 300 300 300 300 300 300 300 300 300 300 300 300 300 300 300 300 300 300 300 300 300 300 300 300 300 300 300 300 300 300 299.999 299.879 292.116 291.997 291.995 291.995 291.995 291.995 291.995 291.995 291.995 291.995 291.995 291.995 291.995 291.995 291.995 291.995 291.995 291.995 291.995 291.995 291.995 291.995 291.995 291.995 291.995 291.995 291.995 291.995 291.995 291.995 
308.007 308.007 308.007 308.007 308.007 308.007 308.007 308.007 308.007 308.007 308.007 308.007 308.007 308.007 308.007 308.007 308.007 308.007 308.007 308.007 308.007 308.007 308.007 308.007 308.007 308.007 308.007 308.007 308.007 308.006 307.886 300.122 300.001 300 300 300 300 300 300 300 300 300 300 300 300 300 300 300 300 300 300 300 300 300 300 300 300 300 300 300 300 300 300 300 300 300 300 300 299.999 299.879 292.108 291.988 291.987 291.987 291.987 291.987 291.987 291.987 291.987 291.987 291.987 291.987 291.987 291.987 291.987 291.987 291.987 291.987 291.987 291.987 291.987 291.987 291.987 291.987 291.987 291.987 291.987 291.987 291.987 291.987 
308.015 308.015 308.015 308.015 308.015 308.015 308.015 308.015 308.015 308.015 308.015 308.015 308.015 308.015 308.015 308.015 308.015 308.015 308.015 308.015 308.015 308.015 308.015 308.015 308.015 308.015 308.015 308.015 308.015 308.014 307.894 300.122 300.001 300 300 300 300 300 300 300 300 300 300 300 300 300 300 300 300 300 300 300 300 300 300 300 300 300 300 300 300 300 300 300 300 300 300 300 299.999 299.879 292.1 291.98 291.979 291.979 291.979 291.979 291.979 291.979 291.979 291.979 291.979 291.979 291.979 291.979 291.979 291.979 291.979 291.979 291.979 291.979 291.979 291.979 291.979 291.979 291.979 291.979 291.979 291.979 291.979 291.979 
308.024 308.024 308.024 308.024 308.024 308.024 308.024 308.024 308.024 308.024 308.024 308.024 308.024 308.024 308.024 308.024 308.024 308.024 308.024 308.024 308.024 308.024 308.024 308.024 308.024 308.024 308.024 308.024 308.024 308.022 307.902 300.122 300.001 300 300 300 300 300 300 300 300 300 300 300 300 300 300 300 300 300 300 300 300 300 300 300 300 300 300 300 300 300 300 300 300 300 300 300 299.999 299.879 292.092 291.972 291.971 291.971 291.971 291.971 291.971 291.971 291.971 291.971 291.971 291.971 291.971 291.971 291.971 291.971 291.971 291.971 291.971 291.971 291.971 291.971 291.971 291.971 291.971 291.971 291.971 291.971 291.971 291.971 
308.032 308.032 308.032 308.032 308.032 308.032 308.032 308.032 308.032 308.032 308.032 308.032 308.032 308.032 308.032 308.032 308.032 308.032 308.032 308.032 308.032 308.032 308.032 308.032 308.032 308.032 308.032 308.032 308.032 308.031 307.91 300.122 300.001 300 300 300 300 300 300 300 300 300 300 300 300 300 300 300 300 300 300 300 300 300 300 300 300 300 300 300 300 300 300 300 300 300 300 300 299.999 299.878 292.084 291.964 291.962 291.962 291.962 291.962 291.962 291.962 291.962 291.962 291.962 291.962 291.962 291.962 291.962 291.962 291.962 291.962 291.962 291.962 291.962 291.962 291.962 291.962 291.962 291.962 291.962 291.962 291.962 291.962 
308.04 308.04 308.04 308.04 308.04 308.04 308.04 308.04 308.04 308.04 308.04 308.04 308.04 308.04 308.04 308.04 308.04 308.04 308.04 308.04 308.04 308.04 308.04 308.04 308.04 308.04 308.04 308.04 308.04 308.039 307.918 300.123 300.001 300 300 300 300 300 300 300 300 300 300 300 300 300 300 300 300 300 300 300 300 300 300 300 300 300 300 300 300 300 300 300 300 300 300 300 299.999 299.878 292.076 291.955 291.954 291.954 291.954 291.954 291.954 291.954 291.954 291.954 291.954 291.954 291.954 291.954 291.954 291.954 291.954 291.954 291.954 291.954 291.954 291.954 291.954 291.954 291.954 291.954 291.954 291.954 291.954 291.954 
308.049 308.049 308.049 308.049 308.049 308.049 308.049 308.049 308.049 308.049 308.049 308.049 308.049 308.049 308.049 308.049 308.049 308.049 308.049 308.049 308.049 308.049 308.049 308.049 308.049 308.049 308.049 308.049 308.048 308.047 307.926 300.123 300.001 300 300 300 300 300 300 300 300 300 300 300 300 300 300 300 300 300 300 300 300 300 300 300 300 300 300 300 300 300 300 300 300 300 300 300 299.999 299.878 292.068 291.947 291.946 291.946 291.946 291.946 291.946 291.946 291.946 291.946 291.946 291.946 291.946 291.946 291.946 291.946 291.946 291.946 291.946 291.946 291.946 291.946 291.946 291.946 291.946 291.946 291.946 291.946 291.946 291.946 
308.057 308.057 308.057 308.057 308.057 308.057 308.057 308.057 308.057 308.057 308.057 308.057 308.057 308.057 308.057 308.057 308.057 308.057 308.057 308.057 308.057 308.057 308.057 308.057 308.057 308.057 308.057 308.057 308.057 308.055 307.934 300.123 300.001 300 300 300 300 300 300 300 300 300 300 300 300 300 300 300 300 300 300 300 300 300 300 300 300 300 300 300 300 300 300 300 300 300 300 300 299.999 299.878 292.06 291.939 291.937 291.937 291.937 291.937 291.937 291.937 291.937 291.937 291.937 291.937 291.937 291.937 291.937 291.937 291.937 291.937 291.937 291.937 291.937 291.937 291.937 291.937 291.937 291.937 291.937 291.937 291.937 291.937 
308.065 308.065 308.065 308.065 308.065 308.065 308.065 308.065 308.065 308.065 308.065 308.065 308.065 308.065 308.065 308.065 308.065 308.065 308.065 308.065 308.065 308.065 308.065 308.065 308.065 308.065 308.065 308.065 308.065 308.064 307.942 300.123 300.001 300 300 300 300 300 300 300 300 300 300 300 300 300 300 300 300 300 300 300 300 300 300 300 300 300 300 300 300 300 300 300 300 300 300 300 299.999 299.877 292.052 291.93 291.929 291.929 291.929 291.929 291.929 291.929 291.929 291.929 291.929 291.929 291.929 291.929 291.929 291.929 291.929 291.929 291.929 291.929 291.929 291.929 291.929 291.929 291.929 291.929 291.929 291.929 291.929 291.929 
308.073 308.073 308.073 308.073 308.073 308.073 308.073 308.073 308.073 308.073 308.073 308.073 308.073 308.073 308.073 308.073 308.073 308.073 308.073 308.073 308.073 308.073 308.073 308.073 308.073 308.073 308.073 308.073 308.073 308.072 307.95 300.124 300.001 300 300 300 300 300 300 300 300 300 300 300 300 300 300 300 300 300 300 300 300 300 300 300 300 300 300 300 300 300 300 300 300 300 300 300 299.999 299.877 292.044 291.922 291.921 291.921 291.921 291.921 291.921 291.921 291.921 291.921 291.921 291.921 291.921 291.921 291.921 291.921 291.921 291.921 291.921 291.921 291.921 291.921 291.921 291.921 291.921 291.921 291.921 291.921 291.921 291.921 
308.082 308.082 308.082 308.082 308.082 308.082 308.082 308.082 308.082 308.082 308.082 308.082 308.082 308.082 308.082 308.082 308.082 308.082 308.082 308.082 308.082 308.082 308.082 308.082 308.082 308.082 308.082 308.082 308.082 308.08 307.958 300.124 300.001 300 300 300 300 300 300 300 300 300 300 300 300 300 300 300 300 300 300 300 300 300 300 300 300 300 300 300 300 300 300 300 300 300 300 300 299.999 299.877 292.036 291.914 291.913 291.913 291.913 291.913 291.913 291.913 291.913 291.913 291.913 291.913 291.913 291.913 291.913 291.913 291.913 291.913 291.913 291.913 291.913 291.913 291.913 291.913 291.913 291.913 291.913 291.913 291.913 291.913 
308.09 308.09 308.09 308.09 308.09 308.09 308.09 308.09 308.09 308.09 308.09 308.09 308.09 308.09 308.09 308.09 308.09 308.09 308.09 308.09 308.09 308.09 308.09 308.09 308.09 308.09 308.09 308.09 308.09 308.089 307.966 300.124 300.001 300 300 300 300 300 300 300 300 300 300 300 300 300 300 300 300 300 300 300 300 300 300 300 300 300 300 300 300 300 300 300 300 300 300 300 299.999 299.877 292.028 291.906 291.904 291.904 291.904 291.904 291.904 291.904 291.904 291.904 291.904 291.904 291.904 291.904 291.904 291.904 291.904 291.904 291.904 291.904 291.904 291.904 291.904 291.904 291.904 291.904 291.904 291.904 291.904 291.904 
308.098 308.098 308.098 308.098 308.098 308.098 308.098 308.098 308.098 308.098 308.098 308.098 308.098 308.098 308.098 308.098 308.098 308.098 308.098 308.098 308.098 308.098 308.098 308.098 308.098 308.098 308.098 308.098 308.098 308.097 307.974 300.124 300.001 300 300 300 300 300 300 300 300 300 300 300 300 300 300 300 300 300 300 300 300 300 300 300 300 300 300 300 300 300 300 300 300 300 300 300 299.999 299.876 292.02 291.897 291.896 291.896 291.896 291.896 291.896 291.896 291.896 291.896 291.896 291.896 291.896 291.896 291.896 291.896 291.896 291.896 291.896 291.896 291.896 291.896 291.896 291.896 291.896 291.896 291.896 291.896 291.896 291.896 
308.106 308.106 308.106 308.106 308.106 308.106 308.106 308.106 308.106 308.106 308.106 308.106 308.106 308.106 308.106 308.106 308.106 308.106 308.106 308.106 308.106 308.106 308.106 308.106 308.106 308.106 308.106 308.106 308.106 308.105 307.982 300.125 300.001 300 300 300 300 300 300 300 300 300 300 300 300 300 300 300 300 300 300 300 300 300 300 300 300 300 300 300 300 300 300 300 300 300 300 300 299.999 299.876 292.012 291.889 291.888 291.888 291.888 291.888 291.888 291.888 291.888 291.888 291.888 291.888 291.888 291.888 291.888 291.888 291.888 291.888 291.888 291.888 291.888 291.888 291.888 291.888 291.888 291.888 291.888 291.888 291.888 291.888 
308.115 308.115 308.115 308.115 308.115 308.115 308.115 308.115 308.115 308.115 308.115 308.115 308.115 308.115 308.115 308.115 308.115 308.115 308.115 308.115 308.115 308.115 308.115 308.115 308.115 308.115 308.115 308.115 308.115 308.113 307.99 300.125 300.001 300 300 300 300 300 300 300 300 300 300 300 300 300 300 300 300 300 300 300 300 300 300 300 300 300 300 300 300 300 300 300 300 300 300 300 299.999 299.876 292.004 291.881 291.88 291.88 291.88 291.88 291.88 291.88 291.88 291.88 291.88 291.88 291.88 291.88 291.88 291.88 291.88 291.88 291.88 291.88 291.88 291.88 291.88 291.88 291.88 291.88 291.88 291.88 291.88 291.88 
308.123 308.123 308.123 308.123 308.123 308.123 308.123 308.123 308.123 308.123 308.123 308.123 308.123 308.123 308.123 308.123 308.123 308.123 308.123 308.123 308.123 308.123 308.123 308.123 308.123 308.123 308.123 308.123 308.123 308.122 307.998 300.125 300.001 300 300 300 300 300 300 300 300 300 300 300 300 300 300 300 300 300 300 300 300 300 300 300 300 300 300 300 300 300 300 300 300 300 300 300 299.999 299.876 291.996 291.873 291.871 291.871 291.871 291.871 291.871 291.871 291.871 291.871 291.871 291.871 291.871 291.871 291.871 291.871 291.871 291.871 291.871 291.871 291.871 291.871 291.871 291.871 291.871 291.871 291.871 291.871 291.871 291.871 
308.131 308.131 308.131 308.131 308.131 308.131 308.131 308.131 308.131 308.131 308.131 308.131 308.131 308.131 308.131 308.131 308.131 308.131 308.131 308.131 308.131 308.131 308.131 308.131 308.131 308.131 308.131 308.131 308.131 308.13 308.006 300.125 300.001 300 300 300 300 300 300 300 300 300 300 300 300 300 300 300 300 300 300 300 300 300 300 300 300 300 300 300 300 300 300 300 300 300 300 300 299.999 299.875 291.988 291.864 291.863 291.863 291.863 291.863 291.863 291.863 291.863 291.863 291.863 291.863 291.863 291.863 291.863 291.863 291.863 291.863 291.863 291.863 291.863 291.863 291.863 291.863 291.863 291.863 291.863 291.863 291.863 291.863 
308.139 308.139 308.139 308.139 308.139 308.139 308.139 308.139 308.139 308.139 308.139 308.139 308.139 308.139 308.139 308.139 308.139 308.139 308.139 308.139 308.139 308.139 308.139 308.139 308.139 308.139 308.139 308.139 308.139 308.138 308.014 300.126 300.001 300 300 300 300 300 300 300 300 300 300 300 300 300 300 300 300 300 300 300 300 300 300 300 300 300 300 300 300 300 300 300 300 300 300 300 299.999 299.875 291.979 291.856 291.855 291.855 291.855 291.855 291.855 291.855 291.855 291.855 291.855 291.855 291.855 291.855 291.855 291.855 291.855 291.855 291.855 291.855 291.855 291.855 291.855 291.855 291.855 291.855 291.855 291.855 291.855 291.855 
308.148 308.148 308.148 308.148 308.148 308.148 308.148 308.148 308.148 308.148 308.148 308.148 308.148 308.148 308.148 308.148 308.148 308.148 308.148 308.148 308.148 308.148 308.148 308.148 308.148 308.148 308.148 308.148 308.148 308.146 308.022 300.126 300.001 300 300 300 300 300 300 300 300 300 300 300 300 300 300 300 300 300 300 300 300 300 300 300 300 300 300 300 300 300 300 300 300 300 300 300 299.999 299.875 291.971 291.848 291.846 291.846 291.846 291.846 291.846 291.846 291.846 291.846 291.846 291.846 291.846 291.846 291.846 291.846 291.846 291.846 291.846 291.846 291.846 291.846 291.846 291.846 291.846 291.846 291.846 291.846 291.846 291.846 
308.156 308.156 308.156 308.156 308.156 308.156 308.156 308.156 308.156 308.156 308.156 308.156 308.156 308.156 308.156 308.156 308.156 308.156 308.156 308.156 308.156 308.156 308.156 308.156 308.156 308.156 308.156 308.156 308.156 308.155 308.03 300.126 300.001 300 300 300 300 300 300 300 300 300 300 300 300 300 300 300 300 300 300 300 300 300 300 300 300 300 300 300 300 300 300 300 300 300 300 300 299.999 299.875 291.963 291.839 291.838 291.838 291.838 291.838 291.838 291.838 291.838 291.838 291.838 291.838 291.838 291.838 291.838 291.838 291.838 291.838 291.838 291.838 291.838 291.838 291.838 291.838 291.838 291.838 291.838 291.838 291.838 291.838 
308.164 308.164 308.164 308.164 308.164 308.164 308.164 308.164 308.164 308.164 308.164 308.164 308.164 308.164 308.164 308.164 308.164 308.164 308.164 308.164 308.164 308.164 308.164 308.164 308.164 308.164 308.164 308.164 308.164 308.163 308.038 300.126 300.001 300 300 300 300 300 300 300 300 300 300 300 300 300 300 300 300 300 300 300 300 300 300 300 300 300 300 300 300 300 300 300 300 300 300 300 299.999 299.874 291.955 291.831 291.83 291.83 291.83 291.83 291.83 291.83 291.83 291.83 291.83 291.83 291.83 291.83 291.83 291.83 291.83 291.83 291.83 291.83 291.83 291.83 291.83 291.83 291.83 291.83 291.83 291.83 291.83 291.83 
308.172 308.172 308.172 308.172 308.172 308.172 308.172 308.172 308.172 308.172 308.172 308.172 308.172 308.172 308.172 308.172 308.172 308.172 308.172 308.172 308.172 308.172 308.172 308.172 308.172 308.172 308.172 308.172 308.172 308.171 308.046 300.127 300.001 300 300 300 300 300 300 300 300 300 300 300 300 300 300 300 300 300 300 300 300 300 300 300 300 300 300 300 300 300 300 300 300 300 300 300 299.999 299.874 291.947 291.823 291.822 291.822 291.822 291.822 291.822 291.822 291.822 291.822 291.822 291.822 291.822 291.822 291.822 291.822 291.822 291.822 291.822 291.822 291.822 291.822 291.822 291.822 291.822 291.822 291.822 291.822 291.822 291.822 
308.181 308.181 308.181 308.181 308.181 308.181 308.181 308.181 308.181 308.181 308.181 308.181 308.181 308.181 308.181 308.181 308.181 308.181 308.181 308.181 308.181 308.181 308.181 308.181 308.181 308.181 308.181 308.181 308.181 308.179 308.054 300.127 300.001 300 300 300 300 300 300 300 300 300 300 300 300 300 300 300 300 300 300 300 300 300 300 300 300 300 300 300 300 300 300 300 300 300 300 300 299.999 299.874 291.939 291.815 291.813 291.813 291.813 291.813 291.813 291.813 291.813 291.813 291.813 291.813 291.813 291.813 291.813 291.813 291.813 291.813 291.813 291.813 291.813 291.813 291.813 291.813 291.813 291.813 291.813 291.813 291.813 291.813 
308.189 308.189 308.189 308.189 308.189 308.189 308.189 308.189 308.189 308.189 308.189 308.189 308.189 308.189 308.189 308.189 308.189 308.189 308.189 308.189 308.189 308.189 308.189 308.189 308.189 308.189 308.189 308.189 308.189 308.188 308.062 300.127 300.001 300 300 300 300 300 300 300 300 300 300 300 300 300 300 300 300 300 300 300 300 300 300 300 300 300 300 300 300 300 300 300 300 300 300 300 299.999 299.874 291.931 291.806 291.805 291.805 291.805 291.805 291.805 291.805 291.805 291.805 291.805 291.805 291.805 291.805 291.805 291.805 291.805 291.805 291.805 291.805 291.805 291.805 291.805 291.805 291.805 291.805 291.805 291.805 291.805 291.805 
308.197 308.197 308.197 308.197 308.197 308.197 308.197 308.197 308.197 308.197 308.197 308.197 308.197 308.197 308.197 308.197 308.197 308.197 308.197 308.197 308.197 308.197 308.197 308.197 308.197 308.197 308.197 308.197 308.197 308.196 308.07 300.127 300.001 300 300 300 300 300 300 300 300 300 300 300 300 300 300 300 300 300 300 300 300 300 300 300 300 300 300 300 300 300 300 300 300 300 300 300 299.999 299.873 291.923 291.798 291.797 291.797 291.797 291.797 291.797 291.797 291.797 291.797 291.797 291.797 291.797 291.797 291.797 291.797 291.797 291.797 291.797 291.797 291.797 291.797 291.797 291.797 291.797 291.797 291.797 291.797 291.797 291.797 
308.206 308.206 308.206 308.206 308.206 308.206 308.206 308.206 308.206 308.206 308.206 308.206 308.206 308.206 308.206 308.206 308.206 308.206 308.206 308.206 308.206 308.206 308.206 308.206 308.206 308.206 308.206 308.206 308.206 308.204 308.078 300.128 300.001 300 300 300 300 300 300 300 300 300 300 300 300 300 300 300 300 300 300 300 300 300 300 300 300 300 300 300 300 300 300 300 300 300 300 300 299.999 299.873 291.915 291.79 291.789 291.788 291.788 291.788 291.788 291.788 291.788 291.788 291.788 291.788 291.788 291.788 291.788 291.788 291.788 291.788 291.788 291.788 291.788 291.788 291.788 291.788 291.788 291.788 291.788 291.788 291.788 291.788 
308.214 308.214 308.214 308.214 308.214 308.214 308.214 308.214 308.214 308.214 308.214 308.214 308.214 308.214 308.214 308.214 308.214 308.214 308.214 308.214 308.214 308.214 308.214 308.214 308.214 308.214 308.214 308.214 308.214 308.212 308.086 300.128 300.001 300 300 300 300 300 300 300 300 300 300 300 300 300 300 300 300 300 300 300 300 300 300 300 300 300 300 300 300 300 300 300 300 300 300 300 299.999 299.873 291.907 291.782 291.78 291.78 291.78 291.78 291.78 291.78 291.78 291.78 291.78 291.78 291.78 291.78 291.78 291.78 291.78 291.78 291.78 291.78 291.78 291.78 291.78 291.78 291.78 291.78 291.78 291.78 291.78 291.78 
308.222 308.222 308.222 308.222 308.222 308.222 308.222 308.222 308.222 308.222 308.222 308.222 308.222 308.222 308.222 308.222 308.222 308.222 308.222 308.222 308.222 308.222 308.222 308.222 308.222 308.222 308.222 308.222 308.222 308.221 308.094 300.128 300.001 300 300 300 300 300 300 300 300 300 300 300 300 300 300 300 300 300 300 300 300 300 300 300 300 300 300 300 300 300 300 300 300 300 300 300 299.999 299.873 291.899 291.773 291.772 291.772 291.772 291.772 291.772 291.772 291.772 291.772 291.772 291.772 291.772 291.772 291.772 291.772 291.772 291.772 291.772 291.772 291.772 291.772 291.772 291.772 291.772 291.772 291.772 291.772 291.772 291.772 
308.23 308.23 308.23 308.23 308.23 308.23 308.23 308.23 308.23 308.23 308.23 308.23 308.23 308.23 308.23 308.23 308.23 308.23 308.23 308.23 308.23 308.23 308.23 308.23 308.23 308.23 308.23 308.23 308.23 308.229 308.102 300.128 300.001 300 300 300 300 300 300 300 300 300 300 300 300 300 300 300 300 300 300 300 300 300 300 300 300 300 300 300 300 300 300 300 300 300 300 300 299.999 299.872 291.891 291.765 291.764 291.764 291.764 291.764 291.764 291.764 291.764 291.764 291.764 291.764 291.764 291.764 291.764 291.764 291.764 291.764 291.764 291.764 291.764 291.764 291.764 291.764 291.764 291.764 291.764 291.764 291.764 291.764 
308.239 308.239 308.239 308.239 308.239 308.239 308.239 308.239 308.239 308.239 308.239 308.239 308.239 308.239 308.239 308.239 308.239 308.239 308.239 308.239 308.239 308.239 308.239 308.239 308.239 308.239 308.239 308.239 308.239 308.237 308.11 300.129 300.001 300 300 300 300 300 300 300 300 300 300 300 300 300 300 300 300 300 300 300 300 300 300 300 300 300 300 300 300 300 300 300 300 300 300 300 299.999 299.872 291.883 291.757 291.755 291.755 291.755 291.755 291.755 291.755 291.755 291.755 291.755 291.755 291.755 291.755 291.755 291.755 291.755 291.755 291.755 291.755 291.755 291.755 291.755 291.755 291.755 291.755 291.755 291.755 291.755 291.755 
308.247 308.247 308.247 308.247 308.247 308.247 308.247 308.247 308.247 308.247 308.247 308.247 308.247 308.247 308.247 308.247 308.247 308.247 308.247 308.247 308.247 308.247 308.247 308.247 308.247 308.247 308.247 308.247 308.247 308.245 308.118 300.129 300.001 300 300 300 300 300 300 300 300 300 300 300 300 300 300 300 300 300 300 300 300 300 300 300 300 300 300 300 300 300 300 300 300 300 300 300 299.999 299.872 291.875 291.748 291.747 291.747 291.747 291.747 291.747 291.747 291.747 291.747 291.747 291.747 291.747 291.747 291.747 291.747 291.747 291.747 291.747 291.747 291.747 291.747 291.747 291.747 291.747 291.747 291.747 291.747 291.747 291.747 
308.255 308.255 308.255 308.255 308.255 308.255 308.255 308.255 308.255 308.255 308.255 308.255 308.255 308.255 308.255 308.255 308.255 308.255 308.255 308.255 308.255 308.255 308.255 308.255 308.255 308.255 308.255 308.255 308.255 308.254 308.126 300.129 300.001 300 300 300 300 300 300 300 300 300 300 300 300 300 300 300 300 300 300 300 300 300 300 300 300 300 300 300 300 300 300 300 300 300 300 300 299.999 299.872 291.867 291.74 291.739 291.739 291.739 291.739 291.739 291.739 291.739 291.739 291.739 291.739 291.739 291.739 291.739 291.739 291.739 291.739 291.739 291.739 291.739 291.739 291.739 291.739 291.739 291.739 291.739 291.739 291.739 291.739 
308.263 308.263 308.263 308.263 308.263 308.263 308.263 308.263 308.263 308.263 308.263 308.263 308.263 308.263 308.263 308.263 308.263 308.263 308.263 308.263 308.263 308.263 308.263 308.263 308.263 308.263 308.263 308.263 308.263 308.262 308.134 300.129 300.001 300 300 300 300 300 300 300 300 300 300 300 300 300 300 300 300 300 300 300 300 300 300 300 300 300 300 300 300 300 300 300 300 300 300 300 299.999 299.871 291.859 291.732 291.731 291.731 291.731 291.731 291.731 291.731 291.731 291.731 291.731 291.731 291.731 291.731 291.731 291.731 291.731 291.731 291.731 291.731 291.731 291.731 291.731 291.731 291.731 291.731 291.731 291.731 291.731 291.731 
308.272 308.272 308.272 308.272 308.272 308.272 308.272 308.272 308.272 308.272 308.272 308.272 308.272 308.272 308.272 308.272 308.272 308.272 308.272 308.272 308.272 308.272 308.272 308.272 308.272 308.272 308.272 308.272 308.272 308.27 308.142 300.13 300.001 300 300 300 300 300 300 300 300 300 300 300 300 300 300 300 300 300 300 300 300 300 300 300 300 300 300 300 300 300 300 300 300 300 300 300 299.999 299.871 291.851 291.724 291.722 291.722 291.722 291.722 291.722 291.722 291.722 291.722 291.722 291.722 291.722 291.722 291.722 291.722 291.722 291.722 291.722 291.722 291.722 291.722 291.722 291.722 291.722 291.722 291.722 291.722 291.722 291.722 
